sale_id,date,store_id,store_name,product_id,product_name,category,quantity,unit_price,unit_cost,total_revenue,total_cost,profit
SALE00001,2023-04-23,S001,Downtown,P001,Laptop,Electronics,8,899.99,475.09,7199.92,3800.72,3399.2
SALE00002,2023-10-29,S001,Downtown,P008,Sneakers,Clothing,5,69.99,29.21,349.95,146.05,203.9
SALE00003,2023-01-04,S003,Northgate,P010,Blender,Home,3,39.99,16.23,119.97,48.69,71.28
SALE00004,2023-12-24,S003,Northgate,P009,Coffee Maker,Home,7,59.99,29.06,419.93,203.42,216.51
SALE00005,2023-06-24,S004,Eastpark,P003,Smartwatch,Electronics,5,199.99,91.0,999.95,455.0,544.95
SALE00006,2023-03-21,S002,Westside,P002,Headphones,Electronics,4,79.99,32.4,319.96,129.6,190.36
SALE00007,2023-06-22,S004,Eastpark,P006,Jeans,Clothing,2,49.99,26.76,99.98,53.52,46.46
SALE00008,2023-02-17,S005,Southmall,P010,Blender,Home,7,39.99,16.23,279.93,113.61,166.32
SALE00009,2023-02-19,S001,Downtown,P006,Jeans,Clothing,6,49.99,26.76,299.94,160.56,139.38
SALE00010,2023-06-26,S002,Westside,P016,Granola,Food,10,6.99,3.56,69.9,35.6,34.3
SALE00011,2023-05-16,S003,Northgate,P010,Blender,Home,1,39.99,16.23,39.99,16.23,23.76
SALE00012,2023-08-24,S002,Westside,P009,Coffee Maker,Home,9,59.99,29.06,539.91,261.54,278.37
SALE00013,2023-03-05,S001,Downtown,P008,Sneakers,Clothing,7,69.99,29.21,489.93,204.47,285.46
SALE00014,2023-02-10,S001,Downtown,P005,T-Shirt,Clothing,9,19.99,10.94,179.91,98.46,81.45
SALE00015,2023-05-31,S003,Northgate,P011,Vacuum,Home,10,129.99,57.68,1299.9,576.8,723.1
SALE00016,2023-07-05,S002,Westside,P009,Coffee Maker,Home,10,59.99,29.06,599.9,290.6,309.3
SALE00017,2023-04-09,S003,Northgate,P010,Blender,Home,2,39.99,16.23,79.98,32.46,47.52
SALE00018,2023-01-24,S001,Downtown,P006,Jeans,Clothing,4,49.99,26.76,199.96,107.04,92.92
SALE00019,2023-05-29,S001,Downtown,P007,Jacket,Clothing,2,89.99,52.05,179.98,104.1,75.88
SALE00020,2023-04-30,S005,Southmall,P002,Headphones,Electronics,2,79.99,32.4,159.98,64.8,95.18
SALE00021,2023-07-14,S003,Northgate,P001,Laptop,Electronics,5,899.99,475.09,4499.95,2375.45,2124.5
SALE00022,2023-08-21,S003,Northgate,P013,Protein Bar,Food,6,2.99,1.21,17.94,7.26,10.68
SALE00023,2023-03-25,S001,Downtown,P005,T-Shirt,Clothing,6,19.99,10.94,119.94,65.64,54.3
SALE00024,2023-07-01,S003,Northgate,P002,Headphones,Electronics,4,79.99,32.4,319.96,129.6,190.36
SALE00025,2023-12-10,S003,Northgate,P012,Lamp,Home,5,34.99,17.53,174.95,87.65,87.3
SALE00026,2023-12-26,S002,Westside,P008,Sneakers,Clothing,2,69.99,29.21,139.98,58.42,81.56
SALE00027,2023-11-08,S005,Southmall,P004,Tablet,Electronics,3,449.99,200.08,1349.97,600.24,749.73
SALE00028,2023-10-01,S001,Downtown,P008,Sneakers,Clothing,4,69.99,29.21,279.96,116.84,163.12
SALE00029,2023-03-25,S001,Downtown,P012,Lamp,Home,8,34.99,17.53,279.92,140.24,139.68
SALE00030,2023-07-14,S004,Eastpark,P006,Jeans,Clothing,5,49.99,26.76,249.95,133.8,116.15
SALE00031,2023-11-24,S002,Westside,P012,Lamp,Home,9,34.99,17.53,314.91,157.77,157.14
SALE00032,2023-04-23,S002,Westside,P006,Jeans,Clothing,6,49.99,26.76,299.94,160.56,139.38
SALE00033,2023-01-29,S002,Westside,P002,Headphones,Electronics,4,79.99,32.4,319.96,129.6,190.36
SALE00034,2023-01-17,S005,Southmall,P002,Headphones,Electronics,6,79.99,32.4,479.94,194.4,285.54
SALE00035,2023-07-25,S005,Southmall,P004,Tablet,Electronics,5,449.99,200.08,2249.95,1000.4,1249.55
SALE00036,2023-02-03,S002,Westside,P005,T-Shirt,Clothing,4,19.99,10.94,79.96,43.76,36.2
SALE00037,2023-10-18,S005,Southmall,P012,Lamp,Home,6,34.99,17.53,209.94,105.18,104.76
SALE00038,2023-04-19,S002,Westside,P011,Vacuum,Home,8,129.99,57.68,1039.92,461.44,578.48
SALE00039,2023-07-22,S003,Northgate,P002,Headphones,Electronics,8,79.99,32.4,639.92,259.2,380.72
SALE00040,2023-03-15,S003,Northgate,P010,Blender,Home,5,39.99,16.23,199.95,81.15,118.8
SALE00041,2023-03-13,S002,Westside,P011,Vacuum,Home,4,129.99,57.68,519.96,230.72,289.24
SALE00042,2023-10-15,S003,Northgate,P010,Blender,Home,9,39.99,16.23,359.91,146.07,213.84
SALE00043,2023-05-15,S002,Westside,P007,Jacket,Clothing,10,89.99,52.05,899.9,520.5,379.4
SALE00044,2023-08-08,S005,Southmall,P004,Tablet,Electronics,10,449.99,200.08,4499.9,2000.8,2499.1
SALE00045,2023-07-24,S001,Downtown,P010,Blender,Home,6,39.99,16.23,239.94,97.38,142.56
SALE00046,2023-04-23,S001,Downtown,P015,Olive Oil,Food,3,9.99,5.29,29.97,15.87,14.1
SALE00047,2023-09-18,S001,Downtown,P005,T-Shirt,Clothing,8,19.99,10.94,159.92,87.52,72.4
SALE00048,2023-02-16,S002,Westside,P013,Protein Bar,Food,1,2.99,1.21,2.99,1.21,1.78
SALE00049,2023-02-26,S003,Northgate,P009,Coffee Maker,Home,3,59.99,29.06,179.97,87.18,92.79
SALE00050,2023-11-18,S004,Eastpark,P008,Sneakers,Clothing,3,69.99,29.21,209.97,87.63,122.34
SALE00051,2023-12-15,S004,Eastpark,P007,Jacket,Clothing,7,89.99,52.05,629.93,364.35,265.58
SALE00052,2023-11-02,S001,Downtown,P011,Vacuum,Home,2,129.99,57.68,259.98,115.36,144.62
SALE00053,2023-07-17,S004,Eastpark,P008,Sneakers,Clothing,7,69.99,29.21,489.93,204.47,285.46
SALE00054,2023-11-02,S004,Eastpark,P006,Jeans,Clothing,8,49.99,26.76,399.92,214.08,185.84
SALE00055,2023-09-28,S003,Northgate,P014,Coffee Beans,Food,5,14.99,6.59,74.95,32.95,42.0
SALE00056,2023-10-11,S001,Downtown,P001,Laptop,Electronics,1,899.99,475.09,899.99,475.09,424.9
SALE00057,2023-12-15,S001,Downtown,P004,Tablet,Electronics,2,449.99,200.08,899.98,400.16,499.82
SALE00058,2023-12-16,S005,Southmall,P002,Headphones,Electronics,9,79.99,32.4,719.91,291.6,428.31
SALE00059,2023-05-17,S004,Eastpark,P009,Coffee Maker,Home,6,59.99,29.06,359.94,174.36,185.58
SALE00060,2023-02-27,S002,Westside,P007,Jacket,Clothing,5,89.99,52.05,449.95,260.25,189.7
SALE00061,2023-08-11,S005,Southmall,P008,Sneakers,Clothing,3,69.99,29.21,209.97,87.63,122.34
SALE00062,2023-08-21,S005,Southmall,P016,Granola,Food,1,6.99,3.56,6.99,3.56,3.43
SALE00063,2023-05-15,S004,Eastpark,P002,Headphones,Electronics,9,79.99,32.4,719.91,291.6,428.31
SALE00064,2023-04-02,S004,Eastpark,P014,Coffee Beans,Food,9,14.99,6.59,134.91,59.31,75.6
SALE00065,2023-02-24,S001,Downtown,P001,Laptop,Electronics,5,899.99,475.09,4499.95,2375.45,2124.5
SALE00066,2023-11-24,S001,Downtown,P005,T-Shirt,Clothing,9,19.99,10.94,179.91,98.46,81.45
SALE00067,2023-11-08,S005,Southmall,P004,Tablet,Electronics,4,449.99,200.08,1799.96,800.32,999.64
SALE00068,2023-03-20,S005,Southmall,P012,Lamp,Home,6,34.99,17.53,209.94,105.18,104.76
SALE00069,2023-03-24,S004,Eastpark,P016,Granola,Food,9,6.99,3.56,62.91,32.04,30.87
SALE00070,2023-09-29,S005,Southmall,P003,Smartwatch,Electronics,1,199.99,91.0,199.99,91.0,108.99
SALE00071,2023-11-03,S005,Southmall,P009,Coffee Maker,Home,6,59.99,29.06,359.94,174.36,185.58
SALE00072,2023-09-08,S001,Downtown,P010,Blender,Home,1,39.99,16.23,39.99,16.23,23.76
SALE00073,2023-02-27,S004,Eastpark,P008,Sneakers,Clothing,6,69.99,29.21,419.94,175.26,244.68
SALE00074,2023-06-07,S004,Eastpark,P014,Coffee Beans,Food,4,14.99,6.59,59.96,26.36,33.6
SALE00075,2023-01-30,S004,Eastpark,P013,Protein Bar,Food,4,2.99,1.21,11.96,4.84,7.12
SALE00076,2023-10-18,S001,Downtown,P013,Protein Bar,Food,2,2.99,1.21,5.98,2.42,3.56
SALE00077,2023-02-13,S004,Eastpark,P013,Protein Bar,Food,8,2.99,1.21,23.92,9.68,14.24
SALE00078,2023-02-05,S005,Southmall,P009,Coffee Maker,Home,9,59.99,29.06,539.91,261.54,278.37
SALE00079,2023-03-06,S002,Westside,P014,Coffee Beans,Food,3,14.99,6.59,44.97,19.77,25.2
SALE00080,2023-12-04,S004,Eastpark,P007,Jacket,Clothing,8,89.99,52.05,719.92,416.4,303.52
SALE00081,2023-10-09,S002,Westside,P010,Blender,Home,3,39.99,16.23,119.97,48.69,71.28
SALE00082,2023-05-16,S005,Southmall,P010,Blender,Home,9,39.99,16.23,359.91,146.07,213.84
SALE00083,2023-11-07,S003,Northgate,P009,Coffee Maker,Home,7,59.99,29.06,419.93,203.42,216.51
SALE00084,2023-04-19,S004,Eastpark,P014,Coffee Beans,Food,9,14.99,6.59,134.91,59.31,75.6
SALE00085,2023-12-20,S005,Southmall,P011,Vacuum,Home,4,129.99,57.68,519.96,230.72,289.24
SALE00086,2023-06-09,S004,Eastpark,P009,Coffee Maker,Home,7,59.99,29.06,419.93,203.42,216.51
SALE00087,2023-12-10,S001,Downtown,P003,Smartwatch,Electronics,6,199.99,91.0,1199.94,546.0,653.94
SALE00088,2023-08-13,S003,Northgate,P008,Sneakers,Clothing,9,69.99,29.21,629.91,262.89,367.02
SALE00089,2023-08-20,S001,Downtown,P011,Vacuum,Home,2,129.99,57.68,259.98,115.36,144.62
SALE00090,2023-05-07,S005,Southmall,P013,Protein Bar,Food,4,2.99,1.21,11.96,4.84,7.12
SALE00091,2023-02-02,S004,Eastpark,P005,T-Shirt,Clothing,6,19.99,10.94,119.94,65.64,54.3
SALE00092,2023-01-11,S004,Eastpark,P004,Tablet,Electronics,10,449.99,200.08,4499.9,2000.8,2499.1
SALE00093,2023-10-11,S002,Westside,P005,T-Shirt,Clothing,4,19.99,10.94,79.96,43.76,36.2
SALE00094,2023-10-29,S005,Southmall,P007,Jacket,Clothing,4,89.99,52.05,359.96,208.2,151.76
SALE00095,2023-01-04,S003,Northgate,P007,Jacket,Clothing,2,89.99,52.05,179.98,104.1,75.88
SALE00096,2023-12-29,S002,Westside,P006,Jeans,Clothing,1,49.99,26.76,49.99,26.76,23.23
SALE00097,2023-04-28,S004,Eastpark,P002,Headphones,Electronics,2,79.99,32.4,159.98,64.8,95.18
SALE00098,2023-01-17,S004,Eastpark,P008,Sneakers,Clothing,6,69.99,29.21,419.94,175.26,244.68
SALE00099,2023-02-06,S001,Downtown,P011,Vacuum,Home,9,129.99,57.68,1169.91,519.12,650.79
SALE00100,2023-05-02,S001,Downtown,P008,Sneakers,Clothing,5,69.99,29.21,349.95,146.05,203.9
SALE00101,2023-12-09,S004,Eastpark,P006,Jeans,Clothing,8,49.99,26.76,399.92,214.08,185.84
SALE00102,2023-04-20,S005,Southmall,P012,Lamp,Home,9,34.99,17.53,314.91,157.77,157.14
SALE00103,2023-03-09,S003,Northgate,P002,Headphones,Electronics,10,79.99,32.4,799.9,324.0,475.9
SALE00104,2023-10-23,S001,Downtown,P014,Coffee Beans,Food,8,14.99,6.59,119.92,52.72,67.2
SALE00105,2023-05-05,S005,Southmall,P009,Coffee Maker,Home,8,59.99,29.06,479.92,232.48,247.44
SALE00106,2023-07-28,S002,Westside,P004,Tablet,Electronics,4,449.99,200.08,1799.96,800.32,999.64
SALE00107,2023-02-18,S003,Northgate,P005,T-Shirt,Clothing,2,19.99,10.94,39.98,21.88,18.1
SALE00108,2023-12-04,S001,Downtown,P007,Jacket,Clothing,7,89.99,52.05,629.93,364.35,265.58
SALE00109,2023-07-01,S005,Southmall,P011,Vacuum,Home,7,129.99,57.68,909.93,403.76,506.17
SALE00110,2023-07-30,S004,Eastpark,P014,Coffee Beans,Food,8,14.99,6.59,119.92,52.72,67.2
SALE00111,2023-01-28,S001,Downtown,P008,Sneakers,Clothing,2,69.99,29.21,139.98,58.42,81.56
SALE00112,2023-02-01,S004,Eastpark,P011,Vacuum,Home,7,129.99,57.68,909.93,403.76,506.17
SALE00113,2023-06-23,S005,Southmall,P003,Smartwatch,Electronics,2,199.99,91.0,399.98,182.0,217.98
SALE00114,2023-05-08,S005,Southmall,P015,Olive Oil,Food,4,9.99,5.29,39.96,21.16,18.8
SALE00115,2023-04-08,S004,Eastpark,P015,Olive Oil,Food,9,9.99,5.29,89.91,47.61,42.3
SALE00116,2023-08-18,S005,Southmall,P005,T-Shirt,Clothing,3,19.99,10.94,59.97,32.82,27.15
SALE00117,2023-08-05,S004,Eastpark,P009,Coffee Maker,Home,3,59.99,29.06,179.97,87.18,92.79
SALE00118,2023-05-23,S005,Southmall,P002,Headphones,Electronics,8,79.99,32.4,639.92,259.2,380.72
SALE00119,2023-05-08,S004,Eastpark,P015,Olive Oil,Food,2,9.99,5.29,19.98,10.58,9.4
SALE00120,2023-08-15,S005,Southmall,P006,Jeans,Clothing,9,49.99,26.76,449.91,240.84,209.07
SALE00121,2023-02-20,S005,Southmall,P016,Granola,Food,1,6.99,3.56,6.99,3.56,3.43
SALE00122,2023-11-30,S002,Westside,P005,T-Shirt,Clothing,9,19.99,10.94,179.91,98.46,81.45
SALE00123,2023-01-08,S002,Westside,P003,Smartwatch,Electronics,2,199.99,91.0,399.98,182.0,217.98
SALE00124,2023-05-02,S002,Westside,P005,T-Shirt,Clothing,3,19.99,10.94,59.97,32.82,27.15
SALE00125,2023-07-28,S002,Westside,P002,Headphones,Electronics,8,79.99,32.4,639.92,259.2,380.72
SALE00126,2023-09-04,S003,Northgate,P007,Jacket,Clothing,4,89.99,52.05,359.96,208.2,151.76
SALE00127,2023-07-25,S002,Westside,P010,Blender,Home,1,39.99,16.23,39.99,16.23,23.76
SALE00128,2023-03-26,S003,Northgate,P007,Jacket,Clothing,7,89.99,52.05,629.93,364.35,265.58
SALE00129,2023-01-02,S001,Downtown,P016,Granola,Food,7,6.99,3.56,48.93,24.92,24.01
SALE00130,2023-05-16,S004,Eastpark,P003,Smartwatch,Electronics,8,199.99,91.0,1599.92,728.0,871.92
SALE00131,2023-05-27,S004,Eastpark,P003,Smartwatch,Electronics,7,199.99,91.0,1399.93,637.0,762.93
SALE00132,2023-12-23,S005,Southmall,P005,T-Shirt,Clothing,9,19.99,10.94,179.91,98.46,81.45
SALE00133,2023-12-05,S004,Eastpark,P011,Vacuum,Home,8,129.99,57.68,1039.92,461.44,578.48
SALE00134,2023-03-21,S005,Southmall,P015,Olive Oil,Food,4,9.99,5.29,39.96,21.16,18.8
SALE00135,2023-06-01,S003,Northgate,P002,Headphones,Electronics,4,79.99,32.4,319.96,129.6,190.36
SALE00136,2023-01-30,S003,Northgate,P001,Laptop,Electronics,10,899.99,475.09,8999.9,4750.9,4249.0
SALE00137,2023-10-05,S004,Eastpark,P011,Vacuum,Home,1,129.99,57.68,129.99,57.68,72.31
SALE00138,2023-06-10,S001,Downtown,P011,Vacuum,Home,1,129.99,57.68,129.99,57.68,72.31
SALE00139,2023-01-26,S003,Northgate,P015,Olive Oil,Food,10,9.99,5.29,99.9,52.9,47.0
SALE00140,2023-09-02,S005,Southmall,P014,Coffee Beans,Food,9,14.99,6.59,134.91,59.31,75.6
SALE00141,2023-09-29,S004,Eastpark,P012,Lamp,Home,3,34.99,17.53,104.97,52.59,52.38
SALE00142,2023-01-30,S002,Westside,P008,Sneakers,Clothing,9,69.99,29.21,629.91,262.89,367.02
SALE00143,2023-02-11,S003,Northgate,P010,Blender,Home,3,39.99,16.23,119.97,48.69,71.28
SALE00144,2023-02-05,S004,Eastpark,P004,Tablet,Electronics,10,449.99,200.08,4499.9,2000.8,2499.1
SALE00145,2023-02-04,S002,Westside,P013,Protein Bar,Food,4,2.99,1.21,11.96,4.84,7.12
SALE00146,2023-07-26,S002,Westside,P001,Laptop,Electronics,2,899.99,475.09,1799.98,950.18,849.8
SALE00147,2023-10-19,S001,Downtown,P009,Coffee Maker,Home,4,59.99,29.06,239.96,116.24,123.72
SALE00148,2023-10-24,S002,Westside,P015,Olive Oil,Food,10,9.99,5.29,99.9,52.9,47.0
SALE00149,2023-01-21,S003,Northgate,P013,Protein Bar,Food,10,2.99,1.21,29.9,12.1,17.8
SALE00150,2023-02-11,S003,Northgate,P006,Jeans,Clothing,7,49.99,26.76,349.93,187.32,162.61
SALE00151,2023-12-03,S002,Westside,P012,Lamp,Home,10,34.99,17.53,349.9,175.3,174.6
SALE00152,2023-10-17,S001,Downtown,P012,Lamp,Home,9,34.99,17.53,314.91,157.77,157.14
SALE00153,2023-06-11,S005,Southmall,P001,Laptop,Electronics,5,899.99,475.09,4499.95,2375.45,2124.5
SALE00154,2023-04-15,S003,Northgate,P010,Blender,Home,6,39.99,16.23,239.94,97.38,142.56
SALE00155,2023-05-03,S003,Northgate,P015,Olive Oil,Food,5,9.99,5.29,49.95,26.45,23.5
SALE00156,2023-07-22,S003,Northgate,P016,Granola,Food,3,6.99,3.56,20.97,10.68,10.29
SALE00157,2023-12-10,S005,Southmall,P013,Protein Bar,Food,5,2.99,1.21,14.95,6.05,8.9
SALE00158,2023-08-23,S005,Southmall,P016,Granola,Food,6,6.99,3.56,41.94,21.36,20.58
SALE00159,2023-02-07,S005,Southmall,P007,Jacket,Clothing,1,89.99,52.05,89.99,52.05,37.94
SALE00160,2023-08-23,S005,Southmall,P001,Laptop,Electronics,10,899.99,475.09,8999.9,4750.9,4249.0
SALE00161,2023-10-16,S001,Downtown,P008,Sneakers,Clothing,2,69.99,29.21,139.98,58.42,81.56
SALE00162,2023-02-07,S002,Westside,P014,Coffee Beans,Food,9,14.99,6.59,134.91,59.31,75.6
SALE00163,2023-04-20,S002,Westside,P015,Olive Oil,Food,9,9.99,5.29,89.91,47.61,42.3
SALE00164,2023-05-16,S004,Eastpark,P011,Vacuum,Home,3,129.99,57.68,389.97,173.04,216.93
SALE00165,2023-06-28,S002,Westside,P002,Headphones,Electronics,2,79.99,32.4,159.98,64.8,95.18
SALE00166,2023-05-06,S002,Westside,P013,Protein Bar,Food,6,2.99,1.21,17.94,7.26,10.68
SALE00167,2023-05-26,S005,Southmall,P008,Sneakers,Clothing,3,69.99,29.21,209.97,87.63,122.34
SALE00168,2023-08-13,S003,Northgate,P016,Granola,Food,9,6.99,3.56,62.91,32.04,30.87
SALE00169,2023-12-27,S003,Northgate,P009,Coffee Maker,Home,5,59.99,29.06,299.95,145.3,154.65
SALE00170,2023-11-10,S004,Eastpark,P007,Jacket,Clothing,9,89.99,52.05,809.91,468.45,341.46
SALE00171,2023-01-05,S005,Southmall,P003,Smartwatch,Electronics,9,199.99,91.0,1799.91,819.0,980.91
SALE00172,2023-06-03,S001,Downtown,P011,Vacuum,Home,2,129.99,57.68,259.98,115.36,144.62
SALE00173,2023-03-10,S005,Southmall,P010,Blender,Home,5,39.99,16.23,199.95,81.15,118.8
SALE00174,2023-03-01,S001,Downtown,P004,Tablet,Electronics,2,449.99,200.08,899.98,400.16,499.82
SALE00175,2023-10-11,S001,Downtown,P014,Coffee Beans,Food,3,14.99,6.59,44.97,19.77,25.2
SALE00176,2023-05-20,S005,Southmall,P005,T-Shirt,Clothing,5,19.99,10.94,99.95,54.7,45.25
SALE00177,2023-11-06,S002,Westside,P015,Olive Oil,Food,4,9.99,5.29,39.96,21.16,18.8
SALE00178,2023-06-25,S005,Southmall,P001,Laptop,Electronics,4,899.99,475.09,3599.96,1900.36,1699.6
SALE00179,2023-12-18,S001,Downtown,P010,Blender,Home,5,39.99,16.23,199.95,81.15,118.8
SALE00180,2023-09-16,S004,Eastpark,P014,Coffee Beans,Food,8,14.99,6.59,119.92,52.72,67.2
SALE00181,2023-05-09,S005,Southmall,P007,Jacket,Clothing,1,89.99,52.05,89.99,52.05,37.94
SALE00182,2023-02-17,S001,Downtown,P004,Tablet,Electronics,7,449.99,200.08,3149.93,1400.56,1749.37
SALE00183,2023-05-22,S003,Northgate,P014,Coffee Beans,Food,1,14.99,6.59,14.99,6.59,8.4
SALE00184,2023-01-02,S002,Westside,P015,Olive Oil,Food,6,9.99,5.29,59.94,31.74,28.2
SALE00185,2023-03-08,S001,Downtown,P009,Coffee Maker,Home,5,59.99,29.06,299.95,145.3,154.65
SALE00186,2023-03-24,S004,Eastpark,P015,Olive Oil,Food,8,9.99,5.29,79.92,42.32,37.6
SALE00187,2023-10-10,S003,Northgate,P010,Blender,Home,7,39.99,16.23,279.93,113.61,166.32
SALE00188,2023-10-15,S003,Northgate,P007,Jacket,Clothing,1,89.99,52.05,89.99,52.05,37.94
SALE00189,2023-02-27,S002,Westside,P006,Jeans,Clothing,2,49.99,26.76,99.98,53.52,46.46
SALE00190,2023-12-20,S005,Southmall,P007,Jacket,Clothing,3,89.99,52.05,269.97,156.15,113.82
SALE00191,2023-10-07,S001,Downtown,P001,Laptop,Electronics,1,899.99,475.09,899.99,475.09,424.9
SALE00192,2023-07-09,S003,Northgate,P004,Tablet,Electronics,10,449.99,200.08,4499.9,2000.8,2499.1
SALE00193,2023-10-10,S003,Northgate,P002,Headphones,Electronics,3,79.99,32.4,239.97,97.2,142.77
SALE00194,2023-08-09,S002,Westside,P006,Jeans,Clothing,3,49.99,26.76,149.97,80.28,69.69
SALE00195,2023-01-22,S004,Eastpark,P004,Tablet,Electronics,5,449.99,200.08,2249.95,1000.4,1249.55
SALE00196,2023-07-06,S003,Northgate,P013,Protein Bar,Food,1,2.99,1.21,2.99,1.21,1.78
SALE00197,2023-07-03,S002,Westside,P006,Jeans,Clothing,4,49.99,26.76,199.96,107.04,92.92
SALE00198,2023-12-16,S004,Eastpark,P016,Granola,Food,4,6.99,3.56,27.96,14.24,13.72
SALE00199,2023-12-08,S002,Westside,P015,Olive Oil,Food,2,9.99,5.29,19.98,10.58,9.4
SALE00200,2023-07-01,S005,Southmall,P003,Smartwatch,Electronics,9,199.99,91.0,1799.91,819.0,980.91
SALE00201,2023-07-28,S003,Northgate,P014,Coffee Beans,Food,10,14.99,6.59,149.9,65.9,84.0
SALE00202,2023-03-21,S005,Southmall,P009,Coffee Maker,Home,4,59.99,29.06,239.96,116.24,123.72
SALE00203,2023-03-25,S003,Northgate,P009,Coffee Maker,Home,3,59.99,29.06,179.97,87.18,92.79
SALE00204,2023-07-31,S004,Eastpark,P016,Granola,Food,1,6.99,3.56,6.99,3.56,3.43
SALE00205,2023-04-02,S002,Westside,P011,Vacuum,Home,6,129.99,57.68,779.94,346.08,433.86
SALE00206,2023-07-30,S002,Westside,P003,Smartwatch,Electronics,4,199.99,91.0,799.96,364.0,435.96
SALE00207,2023-05-17,S002,Westside,P006,Jeans,Clothing,3,49.99,26.76,149.97,80.28,69.69
SALE00208,2023-12-26,S002,Westside,P009,Coffee Maker,Home,2,59.99,29.06,119.98,58.12,61.86
SALE00209,2023-07-15,S005,Southmall,P007,Jacket,Clothing,1,89.99,52.05,89.99,52.05,37.94
SALE00210,2023-08-29,S002,Westside,P005,T-Shirt,Clothing,4,19.99,10.94,79.96,43.76,36.2
SALE00211,2023-04-13,S003,Northgate,P012,Lamp,Home,8,34.99,17.53,279.92,140.24,139.68
SALE00212,2023-06-29,S003,Northgate,P001,Laptop,Electronics,5,899.99,475.09,4499.95,2375.45,2124.5
SALE00213,2023-04-27,S002,Westside,P005,T-Shirt,Clothing,4,19.99,10.94,79.96,43.76,36.2
SALE00214,2023-01-13,S005,Southmall,P011,Vacuum,Home,4,129.99,57.68,519.96,230.72,289.24
SALE00215,2023-07-24,S001,Downtown,P009,Coffee Maker,Home,6,59.99,29.06,359.94,174.36,185.58
SALE00216,2023-05-23,S005,Southmall,P005,T-Shirt,Clothing,2,19.99,10.94,39.98,21.88,18.1
SALE00217,2023-05-23,S002,Westside,P003,Smartwatch,Electronics,6,199.99,91.0,1199.94,546.0,653.94
SALE00218,2023-11-25,S001,Downtown,P012,Lamp,Home,9,34.99,17.53,314.91,157.77,157.14
SALE00219,2023-07-24,S002,Westside,P003,Smartwatch,Electronics,9,199.99,91.0,1799.91,819.0,980.91
SALE00220,2023-06-19,S003,Northgate,P003,Smartwatch,Electronics,1,199.99,91.0,199.99,91.0,108.99
SALE00221,2023-03-01,S002,Westside,P008,Sneakers,Clothing,5,69.99,29.21,349.95,146.05,203.9
SALE00222,2023-04-02,S002,Westside,P014,Coffee Beans,Food,10,14.99,6.59,149.9,65.9,84.0
SALE00223,2023-05-16,S002,Westside,P008,Sneakers,Clothing,1,69.99,29.21,69.99,29.21,40.78
SALE00224,2023-02-25,S003,Northgate,P001,Laptop,Electronics,10,899.99,475.09,8999.9,4750.9,4249.0
SALE00225,2023-08-11,S005,Southmall,P013,Protein Bar,Food,6,2.99,1.21,17.94,7.26,10.68
SALE00226,2023-06-10,S004,Eastpark,P007,Jacket,Clothing,7,89.99,52.05,629.93,364.35,265.58
SALE00227,2023-11-07,S004,Eastpark,P005,T-Shirt,Clothing,9,19.99,10.94,179.91,98.46,81.45
SALE00228,2023-03-01,S001,Downtown,P005,T-Shirt,Clothing,7,19.99,10.94,139.93,76.58,63.35
SALE00229,2023-10-23,S005,Southmall,P013,Protein Bar,Food,4,2.99,1.21,11.96,4.84,7.12
SALE00230,2023-05-11,S004,Eastpark,P002,Headphones,Electronics,1,79.99,32.4,79.99,32.4,47.59
SALE00231,2023-12-29,S005,Southmall,P006,Jeans,Clothing,7,49.99,26.76,349.93,187.32,162.61
SALE00232,2023-01-01,S001,Downtown,P008,Sneakers,Clothing,9,69.99,29.21,629.91,262.89,367.02
SALE00233,2023-10-03,S002,Westside,P003,Smartwatch,Electronics,4,199.99,91.0,799.96,364.0,435.96
SALE00234,2023-07-06,S004,Eastpark,P014,Coffee Beans,Food,7,14.99,6.59,104.93,46.13,58.8
SALE00235,2023-02-05,S003,Northgate,P009,Coffee Maker,Home,6,59.99,29.06,359.94,174.36,185.58
SALE00236,2023-11-16,S002,Westside,P013,Protein Bar,Food,6,2.99,1.21,17.94,7.26,10.68
SALE00237,2023-12-06,S002,Westside,P008,Sneakers,Clothing,2,69.99,29.21,139.98,58.42,81.56
SALE00238,2023-06-03,S003,Northgate,P015,Olive Oil,Food,9,9.99,5.29,89.91,47.61,42.3
SALE00239,2023-06-08,S002,Westside,P012,Lamp,Home,7,34.99,17.53,244.93,122.71,122.22
SALE00240,2023-06-17,S002,Westside,P008,Sneakers,Clothing,7,69.99,29.21,489.93,204.47,285.46
SALE00241,2023-12-23,S004,Eastpark,P006,Jeans,Clothing,5,49.99,26.76,249.95,133.8,116.15
SALE00242,2023-10-11,S002,Westside,P007,Jacket,Clothing,3,89.99,52.05,269.97,156.15,113.82
SALE00243,2023-04-09,S005,Southmall,P003,Smartwatch,Electronics,7,199.99,91.0,1399.93,637.0,762.93
SALE00244,2023-12-07,S003,Northgate,P002,Headphones,Electronics,7,79.99,32.4,559.93,226.8,333.13
SALE00245,2023-12-13,S002,Westside,P011,Vacuum,Home,3,129.99,57.68,389.97,173.04,216.93
SALE00246,2023-11-12,S001,Downtown,P001,Laptop,Electronics,10,899.99,475.09,8999.9,4750.9,4249.0
SALE00247,2023-06-04,S004,Eastpark,P011,Vacuum,Home,7,129.99,57.68,909.93,403.76,506.17
SALE00248,2023-10-08,S004,Eastpark,P014,Coffee Beans,Food,1,14.99,6.59,14.99,6.59,8.4
SALE00249,2023-06-05,S002,Westside,P002,Headphones,Electronics,5,79.99,32.4,399.95,162.0,237.95
SALE00250,2023-04-18,S002,Westside,P003,Smartwatch,Electronics,7,199.99,91.0,1399.93,637.0,762.93
SALE00251,2023-10-24,S003,Northgate,P008,Sneakers,Clothing,10,69.99,29.21,699.9,292.1,407.8
SALE00252,2023-12-02,S003,Northgate,P006,Jeans,Clothing,6,49.99,26.76,299.94,160.56,139.38
SALE00253,2023-08-27,S001,Downtown,P013,Protein Bar,Food,8,2.99,1.21,23.92,9.68,14.24
SALE00254,2023-08-15,S003,Northgate,P001,Laptop,Electronics,4,899.99,475.09,3599.96,1900.36,1699.6
SALE00255,2023-09-19,S005,Southmall,P010,Blender,Home,8,39.99,16.23,319.92,129.84,190.08
SALE00256,2023-03-28,S003,Northgate,P015,Olive Oil,Food,2,9.99,5.29,19.98,10.58,9.4
SALE00257,2023-05-26,S004,Eastpark,P013,Protein Bar,Food,9,2.99,1.21,26.91,10.89,16.02
SALE00258,2023-12-06,S005,Southmall,P008,Sneakers,Clothing,10,69.99,29.21,699.9,292.1,407.8
SALE00259,2023-06-21,S003,Northgate,P001,Laptop,Electronics,2,899.99,475.09,1799.98,950.18,849.8
SALE00260,2023-05-01,S004,Eastpark,P013,Protein Bar,Food,5,2.99,1.21,14.95,6.05,8.9
SALE00261,2023-04-26,S002,Westside,P007,Jacket,Clothing,4,89.99,52.05,359.96,208.2,151.76
SALE00262,2023-03-17,S005,Southmall,P007,Jacket,Clothing,1,89.99,52.05,89.99,52.05,37.94
SALE00263,2023-01-24,S003,Northgate,P005,T-Shirt,Clothing,4,19.99,10.94,79.96,43.76,36.2
SALE00264,2023-09-01,S004,Eastpark,P011,Vacuum,Home,10,129.99,57.68,1299.9,576.8,723.1
SALE00265,2023-02-07,S001,Downtown,P011,Vacuum,Home,8,129.99,57.68,1039.92,461.44,578.48
SALE00266,2023-08-01,S005,Southmall,P012,Lamp,Home,10,34.99,17.53,349.9,175.3,174.6
SALE00267,2023-04-10,S001,Downtown,P012,Lamp,Home,7,34.99,17.53,244.93,122.71,122.22
SALE00268,2023-09-11,S003,Northgate,P005,T-Shirt,Clothing,7,19.99,10.94,139.93,76.58,63.35
SALE00269,2023-05-05,S004,Eastpark,P012,Lamp,Home,3,34.99,17.53,104.97,52.59,52.38
SALE00270,2023-12-02,S003,Northgate,P001,Laptop,Electronics,1,899.99,475.09,899.99,475.09,424.9
SALE00271,2023-02-24,S001,Downtown,P004,Tablet,Electronics,7,449.99,200.08,3149.93,1400.56,1749.37
SALE00272,2023-04-23,S001,Downtown,P010,Blender,Home,3,39.99,16.23,119.97,48.69,71.28
SALE00273,2023-12-23,S001,Downtown,P006,Jeans,Clothing,9,49.99,26.76,449.91,240.84,209.07
SALE00274,2023-08-26,S005,Southmall,P004,Tablet,Electronics,1,449.99,200.08,449.99,200.08,249.91
SALE00275,2023-10-13,S005,Southmall,P006,Jeans,Clothing,4,49.99,26.76,199.96,107.04,92.92
SALE00276,2023-03-04,S003,Northgate,P008,Sneakers,Clothing,8,69.99,29.21,559.92,233.68,326.24
SALE00277,2023-03-10,S004,Eastpark,P004,Tablet,Electronics,8,449.99,200.08,3599.92,1600.64,1999.28
SALE00278,2023-12-08,S003,Northgate,P011,Vacuum,Home,9,129.99,57.68,1169.91,519.12,650.79
SALE00279,2023-10-14,S001,Downtown,P001,Laptop,Electronics,10,899.99,475.09,8999.9,4750.9,4249.0
SALE00280,2023-06-12,S003,Northgate,P003,Smartwatch,Electronics,8,199.99,91.0,1599.92,728.0,871.92
SALE00281,2023-11-10,S004,Eastpark,P015,Olive Oil,Food,9,9.99,5.29,89.91,47.61,42.3
SALE00282,2023-08-07,S005,Southmall,P011,Vacuum,Home,9,129.99,57.68,1169.91,519.12,650.79
SALE00283,2023-08-17,S004,Eastpark,P005,T-Shirt,Clothing,3,19.99,10.94,59.97,32.82,27.15
SALE00284,2023-09-01,S003,Northgate,P009,Coffee Maker,Home,8,59.99,29.06,479.92,232.48,247.44
SALE00285,2023-05-13,S003,Northgate,P014,Coffee Beans,Food,4,14.99,6.59,59.96,26.36,33.6
SALE00286,2023-11-23,S002,Westside,P011,Vacuum,Home,5,129.99,57.68,649.95,288.4,361.55
SALE00287,2023-09-24,S001,Downtown,P007,Jacket,Clothing,8,89.99,52.05,719.92,416.4,303.52
SALE00288,2023-11-17,S003,Northgate,P009,Coffee Maker,Home,4,59.99,29.06,239.96,116.24,123.72
SALE00289,2023-05-21,S002,Westside,P005,T-Shirt,Clothing,8,19.99,10.94,159.92,87.52,72.4
SALE00290,2023-02-09,S005,Southmall,P005,T-Shirt,Clothing,5,19.99,10.94,99.95,54.7,45.25
SALE00291,2023-05-01,S005,Southmall,P004,Tablet,Electronics,5,449.99,200.08,2249.95,1000.4,1249.55
SALE00292,2023-06-21,S001,Downtown,P009,Coffee Maker,Home,6,59.99,29.06,359.94,174.36,185.58
SALE00293,2023-10-04,S003,Northgate,P012,Lamp,Home,2,34.99,17.53,69.98,35.06,34.92
SALE00294,2023-03-12,S004,Eastpark,P006,Jeans,Clothing,3,49.99,26.76,149.97,80.28,69.69
SALE00295,2023-04-29,S004,Eastpark,P014,Coffee Beans,Food,7,14.99,6.59,104.93,46.13,58.8
SALE00296,2023-12-22,S005,Southmall,P014,Coffee Beans,Food,3,14.99,6.59,44.97,19.77,25.2
SALE00297,2023-12-28,S001,Downtown,P006,Jeans,Clothing,4,49.99,26.76,199.96,107.04,92.92
SALE00298,2023-02-02,S005,Southmall,P001,Laptop,Electronics,7,899.99,475.09,6299.93,3325.63,2974.3
SALE00299,2023-07-28,S002,Westside,P003,Smartwatch,Electronics,6,199.99,91.0,1199.94,546.0,653.94
SALE00300,2023-10-05,S003,Northgate,P006,Jeans,Clothing,8,49.99,26.76,399.92,214.08,185.84
SALE00301,2023-08-01,S004,Eastpark,P016,Granola,Food,1,6.99,3.56,6.99,3.56,3.43
SALE00302,2023-04-16,S005,Southmall,P011,Vacuum,Home,7,129.99,57.68,909.93,403.76,506.17
SALE00303,2023-07-19,S002,Westside,P001,Laptop,Electronics,10,899.99,475.09,8999.9,4750.9,4249.0
SALE00304,2023-12-23,S003,Northgate,P002,Headphones,Electronics,1,79.99,32.4,79.99,32.4,47.59
SALE00305,2023-10-22,S004,Eastpark,P012,Lamp,Home,7,34.99,17.53,244.93,122.71,122.22
SALE00306,2023-09-02,S005,Southmall,P003,Smartwatch,Electronics,1,199.99,91.0,199.99,91.0,108.99
SALE00307,2023-06-30,S003,Northgate,P006,Jeans,Clothing,5,49.99,26.76,249.95,133.8,116.15
SALE00308,2023-07-19,S005,Southmall,P008,Sneakers,Clothing,7,69.99,29.21,489.93,204.47,285.46
SALE00309,2023-10-03,S004,Eastpark,P004,Tablet,Electronics,9,449.99,200.08,4049.91,1800.72,2249.19
SALE00310,2023-11-05,S002,Westside,P007,Jacket,Clothing,4,89.99,52.05,359.96,208.2,151.76
SALE00311,2023-09-07,S005,Southmall,P009,Coffee Maker,Home,4,59.99,29.06,239.96,116.24,123.72
SALE00312,2023-05-20,S005,Southmall,P005,T-Shirt,Clothing,7,19.99,10.94,139.93,76.58,63.35
SALE00313,2023-09-06,S004,Eastpark,P001,Laptop,Electronics,1,899.99,475.09,899.99,475.09,424.9
SALE00314,2023-07-19,S001,Downtown,P011,Vacuum,Home,6,129.99,57.68,779.94,346.08,433.86
SALE00315,2023-12-09,S003,Northgate,P003,Smartwatch,Electronics,7,199.99,91.0,1399.93,637.0,762.93
SALE00316,2023-03-26,S004,Eastpark,P003,Smartwatch,Electronics,8,199.99,91.0,1599.92,728.0,871.92
SALE00317,2023-03-07,S002,Westside,P008,Sneakers,Clothing,10,69.99,29.21,699.9,292.1,407.8
SALE00318,2023-10-01,S004,Eastpark,P002,Headphones,Electronics,1,79.99,32.4,79.99,32.4,47.59
SALE00319,2023-07-21,S001,Downtown,P005,T-Shirt,Clothing,10,19.99,10.94,199.9,109.4,90.5
SALE00320,2023-10-16,S005,Southmall,P014,Coffee Beans,Food,1,14.99,6.59,14.99,6.59,8.4
SALE00321,2023-02-12,S005,Southmall,P014,Coffee Beans,Food,7,14.99,6.59,104.93,46.13,58.8
SALE00322,2023-03-11,S003,Northgate,P009,Coffee Maker,Home,8,59.99,29.06,479.92,232.48,247.44
SALE00323,2023-04-04,S002,Westside,P009,Coffee Maker,Home,1,59.99,29.06,59.99,29.06,30.93
SALE00324,2023-05-14,S004,Eastpark,P007,Jacket,Clothing,7,89.99,52.05,629.93,364.35,265.58
SALE00325,2023-06-17,S004,Eastpark,P011,Vacuum,Home,4,129.99,57.68,519.96,230.72,289.24
SALE00326,2023-08-21,S001,Downtown,P016,Granola,Food,6,6.99,3.56,41.94,21.36,20.58
SALE00327,2023-06-22,S001,Downtown,P004,Tablet,Electronics,7,449.99,200.08,3149.93,1400.56,1749.37
SALE00328,2023-05-23,S002,Westside,P014,Coffee Beans,Food,7,14.99,6.59,104.93,46.13,58.8
SALE00329,2023-05-10,S005,Southmall,P009,Coffee Maker,Home,2,59.99,29.06,119.98,58.12,61.86
SALE00330,2023-08-29,S003,Northgate,P014,Coffee Beans,Food,1,14.99,6.59,14.99,6.59,8.4
SALE00331,2023-10-04,S002,Westside,P006,Jeans,Clothing,1,49.99,26.76,49.99,26.76,23.23
SALE00332,2023-06-29,S005,Southmall,P012,Lamp,Home,4,34.99,17.53,139.96,70.12,69.84
SALE00333,2023-11-29,S003,Northgate,P008,Sneakers,Clothing,2,69.99,29.21,139.98,58.42,81.56
SALE00334,2023-11-30,S003,Northgate,P009,Coffee Maker,Home,1,59.99,29.06,59.99,29.06,30.93
SALE00335,2023-01-16,S001,Downtown,P011,Vacuum,Home,4,129.99,57.68,519.96,230.72,289.24
SALE00336,2023-04-13,S001,Downtown,P001,Laptop,Electronics,1,899.99,475.09,899.99,475.09,424.9
SALE00337,2023-11-15,S005,Southmall,P002,Headphones,Electronics,3,79.99,32.4,239.97,97.2,142.77
SALE00338,2023-05-03,S001,Downtown,P003,Smartwatch,Electronics,3,199.99,91.0,599.97,273.0,326.97
SALE00339,2023-08-31,S001,Downtown,P012,Lamp,Home,2,34.99,17.53,69.98,35.06,34.92
SALE00340,2023-10-16,S003,Northgate,P009,Coffee Maker,Home,4,59.99,29.06,239.96,116.24,123.72
SALE00341,2023-08-27,S004,Eastpark,P001,Laptop,Electronics,5,899.99,475.09,4499.95,2375.45,2124.5
SALE00342,2023-07-08,S003,Northgate,P014,Coffee Beans,Food,3,14.99,6.59,44.97,19.77,25.2
SALE00343,2023-11-07,S005,Southmall,P006,Jeans,Clothing,10,49.99,26.76,499.9,267.6,232.3
SALE00344,2023-02-28,S002,Westside,P013,Protein Bar,Food,3,2.99,1.21,8.97,3.63,5.34
SALE00345,2023-06-09,S003,Northgate,P001,Laptop,Electronics,2,899.99,475.09,1799.98,950.18,849.8
SALE00346,2023-10-24,S004,Eastpark,P009,Coffee Maker,Home,1,59.99,29.06,59.99,29.06,30.93
SALE00347,2023-06-09,S001,Downtown,P005,T-Shirt,Clothing,10,19.99,10.94,199.9,109.4,90.5
SALE00348,2023-12-13,S003,Northgate,P002,Headphones,Electronics,7,79.99,32.4,559.93,226.8,333.13
SALE00349,2023-07-23,S004,Eastpark,P013,Protein Bar,Food,4,2.99,1.21,11.96,4.84,7.12
SALE00350,2023-02-08,S004,Eastpark,P013,Protein Bar,Food,10,2.99,1.21,29.9,12.1,17.8
SALE00351,2023-12-20,S005,Southmall,P008,Sneakers,Clothing,4,69.99,29.21,279.96,116.84,163.12
SALE00352,2023-02-22,S003,Northgate,P016,Granola,Food,5,6.99,3.56,34.95,17.8,17.15
SALE00353,2023-12-17,S005,Southmall,P009,Coffee Maker,Home,10,59.99,29.06,599.9,290.6,309.3
SALE00354,2023-03-03,S003,Northgate,P013,Protein Bar,Food,10,2.99,1.21,29.9,12.1,17.8
SALE00355,2023-01-22,S005,Southmall,P005,T-Shirt,Clothing,6,19.99,10.94,119.94,65.64,54.3
SALE00356,2023-09-30,S004,Eastpark,P014,Coffee Beans,Food,7,14.99,6.59,104.93,46.13,58.8
SALE00357,2023-12-05,S005,Southmall,P001,Laptop,Electronics,6,899.99,475.09,5399.94,2850.54,2549.4
SALE00358,2023-02-05,S005,Southmall,P006,Jeans,Clothing,9,49.99,26.76,449.91,240.84,209.07
SALE00359,2023-11-28,S001,Downtown,P014,Coffee Beans,Food,6,14.99,6.59,89.94,39.54,50.4
SALE00360,2023-01-07,S001,Downtown,P013,Protein Bar,Food,7,2.99,1.21,20.93,8.47,12.46
SALE00361,2023-09-08,S004,Eastpark,P006,Jeans,Clothing,2,49.99,26.76,99.98,53.52,46.46
SALE00362,2023-08-10,S004,Eastpark,P016,Granola,Food,6,6.99,3.56,41.94,21.36,20.58
SALE00363,2023-11-22,S005,Southmall,P003,Smartwatch,Electronics,8,199.99,91.0,1599.92,728.0,871.92
SALE00364,2023-12-29,S001,Downtown,P007,Jacket,Clothing,3,89.99,52.05,269.97,156.15,113.82
SALE00365,2023-08-11,S004,Eastpark,P004,Tablet,Electronics,3,449.99,200.08,1349.97,600.24,749.73
SALE00366,2023-09-25,S005,Southmall,P001,Laptop,Electronics,5,899.99,475.09,4499.95,2375.45,2124.5
SALE00367,2023-11-12,S004,Eastpark,P012,Lamp,Home,9,34.99,17.53,314.91,157.77,157.14
SALE00368,2023-09-05,S001,Downtown,P003,Smartwatch,Electronics,8,199.99,91.0,1599.92,728.0,871.92
SALE00369,2023-08-12,S001,Downtown,P016,Granola,Food,10,6.99,3.56,69.9,35.6,34.3
SALE00370,2023-05-18,S001,Downtown,P015,Olive Oil,Food,6,9.99,5.29,59.94,31.74,28.2
SALE00371,2023-05-06,S001,Downtown,P010,Blender,Home,2,39.99,16.23,79.98,32.46,47.52
SALE00372,2023-05-23,S001,Downtown,P006,Jeans,Clothing,8,49.99,26.76,399.92,214.08,185.84
SALE00373,2023-05-05,S004,Eastpark,P014,Coffee Beans,Food,8,14.99,6.59,119.92,52.72,67.2
SALE00374,2023-10-19,S004,Eastpark,P001,Laptop,Electronics,10,899.99,475.09,8999.9,4750.9,4249.0
SALE00375,2023-12-09,S004,Eastpark,P016,Granola,Food,7,6.99,3.56,48.93,24.92,24.01
SALE00376,2023-06-22,S004,Eastpark,P012,Lamp,Home,1,34.99,17.53,34.99,17.53,17.46
SALE00377,2023-09-11,S004,Eastpark,P003,Smartwatch,Electronics,6,199.99,91.0,1199.94,546.0,653.94
SALE00378,2023-04-04,S002,Westside,P006,Jeans,Clothing,8,49.99,26.76,399.92,214.08,185.84
SALE00379,2023-04-19,S005,Southmall,P007,Jacket,Clothing,6,89.99,52.05,539.94,312.3,227.64
SALE00380,2023-05-13,S002,Westside,P013,Protein Bar,Food,6,2.99,1.21,17.94,7.26,10.68
SALE00381,2023-05-24,S002,Westside,P003,Smartwatch,Electronics,10,199.99,91.0,1999.9,910.0,1089.9
SALE00382,2023-12-26,S005,Southmall,P003,Smartwatch,Electronics,5,199.99,91.0,999.95,455.0,544.95
SALE00383,2023-10-12,S004,Eastpark,P012,Lamp,Home,1,34.99,17.53,34.99,17.53,17.46
SALE00384,2023-09-22,S004,Eastpark,P006,Jeans,Clothing,4,49.99,26.76,199.96,107.04,92.92
SALE00385,2023-02-13,S001,Downtown,P008,Sneakers,Clothing,4,69.99,29.21,279.96,116.84,163.12
SALE00386,2023-07-28,S005,Southmall,P016,Granola,Food,8,6.99,3.56,55.92,28.48,27.44
SALE00387,2023-10-12,S003,Northgate,P007,Jacket,Clothing,4,89.99,52.05,359.96,208.2,151.76
SALE00388,2023-12-20,S001,Downtown,P005,T-Shirt,Clothing,8,19.99,10.94,159.92,87.52,72.4
SALE00389,2023-11-27,S002,Westside,P002,Headphones,Electronics,8,79.99,32.4,639.92,259.2,380.72
SALE00390,2023-08-18,S005,Southmall,P014,Coffee Beans,Food,1,14.99,6.59,14.99,6.59,8.4
SALE00391,2023-02-17,S002,Westside,P013,Protein Bar,Food,5,2.99,1.21,14.95,6.05,8.9
SALE00392,2023-04-24,S004,Eastpark,P016,Granola,Food,7,6.99,3.56,48.93,24.92,24.01
SALE00393,2023-12-21,S001,Downtown,P013,Protein Bar,Food,4,2.99,1.21,11.96,4.84,7.12
SALE00394,2023-06-06,S004,Eastpark,P010,Blender,Home,10,39.99,16.23,399.9,162.3,237.6
SALE00395,2023-07-08,S003,Northgate,P003,Smartwatch,Electronics,8,199.99,91.0,1599.92,728.0,871.92
SALE00396,2023-10-11,S004,Eastpark,P007,Jacket,Clothing,9,89.99,52.05,809.91,468.45,341.46
SALE00397,2023-06-26,S005,Southmall,P006,Jeans,Clothing,7,49.99,26.76,349.93,187.32,162.61
SALE00398,2023-10-09,S002,Westside,P011,Vacuum,Home,6,129.99,57.68,779.94,346.08,433.86
SALE00399,2023-06-30,S001,Downtown,P005,T-Shirt,Clothing,8,19.99,10.94,159.92,87.52,72.4
SALE00400,2023-05-19,S001,Downtown,P014,Coffee Beans,Food,5,14.99,6.59,74.95,32.95,42.0
SALE00401,2023-05-09,S001,Downtown,P014,Coffee Beans,Food,4,14.99,6.59,59.96,26.36,33.6
SALE00402,2023-03-03,S005,Southmall,P016,Granola,Food,4,6.99,3.56,27.96,14.24,13.72
SALE00403,2023-06-11,S002,Westside,P011,Vacuum,Home,2,129.99,57.68,259.98,115.36,144.62
SALE00404,2023-10-02,S005,Southmall,P007,Jacket,Clothing,3,89.99,52.05,269.97,156.15,113.82
SALE00405,2023-04-09,S003,Northgate,P012,Lamp,Home,4,34.99,17.53,139.96,70.12,69.84
SALE00406,2023-09-05,S004,Eastpark,P009,Coffee Maker,Home,5,59.99,29.06,299.95,145.3,154.65
SALE00407,2023-10-29,S004,Eastpark,P016,Granola,Food,9,6.99,3.56,62.91,32.04,30.87
SALE00408,2023-11-02,S001,Downtown,P004,Tablet,Electronics,5,449.99,200.08,2249.95,1000.4,1249.55
SALE00409,2023-02-21,S005,Southmall,P016,Granola,Food,4,6.99,3.56,27.96,14.24,13.72
SALE00410,2023-06-01,S004,Eastpark,P006,Jeans,Clothing,4,49.99,26.76,199.96,107.04,92.92
SALE00411,2023-07-04,S002,Westside,P003,Smartwatch,Electronics,3,199.99,91.0,599.97,273.0,326.97
SALE00412,2023-06-04,S005,Southmall,P003,Smartwatch,Electronics,1,199.99,91.0,199.99,91.0,108.99
SALE00413,2023-12-29,S002,Westside,P011,Vacuum,Home,9,129.99,57.68,1169.91,519.12,650.79
SALE00414,2023-03-06,S003,Northgate,P006,Jeans,Clothing,5,49.99,26.76,249.95,133.8,116.15
SALE00415,2023-01-24,S003,Northgate,P012,Lamp,Home,1,34.99,17.53,34.99,17.53,17.46
SALE00416,2023-10-11,S001,Downtown,P002,Headphones,Electronics,5,79.99,32.4,399.95,162.0,237.95
SALE00417,2023-12-24,S005,Southmall,P006,Jeans,Clothing,3,49.99,26.76,149.97,80.28,69.69
SALE00418,2023-11-23,S005,Southmall,P006,Jeans,Clothing,8,49.99,26.76,399.92,214.08,185.84
SALE00419,2023-02-22,S001,Downtown,P005,T-Shirt,Clothing,1,19.99,10.94,19.99,10.94,9.05
SALE00420,2023-10-21,S002,Westside,P002,Headphones,Electronics,5,79.99,32.4,399.95,162.0,237.95
SALE00421,2023-08-29,S002,Westside,P006,Jeans,Clothing,8,49.99,26.76,399.92,214.08,185.84
SALE00422,2023-08-14,S003,Northgate,P001,Laptop,Electronics,6,899.99,475.09,5399.94,2850.54,2549.4
SALE00423,2023-04-05,S005,Southmall,P013,Protein Bar,Food,1,2.99,1.21,2.99,1.21,1.78
SALE00424,2023-05-10,S003,Northgate,P015,Olive Oil,Food,8,9.99,5.29,79.92,42.32,37.6
SALE00425,2023-02-28,S004,Eastpark,P007,Jacket,Clothing,2,89.99,52.05,179.98,104.1,75.88
SALE00426,2023-07-25,S003,Northgate,P005,T-Shirt,Clothing,8,19.99,10.94,159.92,87.52,72.4
SALE00427,2023-02-07,S003,Northgate,P005,T-Shirt,Clothing,10,19.99,10.94,199.9,109.4,90.5
SALE00428,2023-11-19,S004,Eastpark,P006,Jeans,Clothing,1,49.99,26.76,49.99,26.76,23.23
SALE00429,2023-03-19,S004,Eastpark,P009,Coffee Maker,Home,3,59.99,29.06,179.97,87.18,92.79
SALE00430,2023-10-16,S003,Northgate,P008,Sneakers,Clothing,5,69.99,29.21,349.95,146.05,203.9
SALE00431,2023-02-13,S005,Southmall,P001,Laptop,Electronics,4,899.99,475.09,3599.96,1900.36,1699.6
SALE00432,2023-03-02,S004,Eastpark,P014,Coffee Beans,Food,9,14.99,6.59,134.91,59.31,75.6
SALE00433,2023-08-02,S005,Southmall,P006,Jeans,Clothing,10,49.99,26.76,499.9,267.6,232.3
SALE00434,2023-11-02,S003,Northgate,P002,Headphones,Electronics,10,79.99,32.4,799.9,324.0,475.9
SALE00435,2023-04-26,S004,Eastpark,P015,Olive Oil,Food,9,9.99,5.29,89.91,47.61,42.3
SALE00436,2023-07-14,S004,Eastpark,P013,Protein Bar,Food,8,2.99,1.21,23.92,9.68,14.24
SALE00437,2023-08-15,S005,Southmall,P016,Granola,Food,5,6.99,3.56,34.95,17.8,17.15
SALE00438,2023-10-29,S001,Downtown,P008,Sneakers,Clothing,7,69.99,29.21,489.93,204.47,285.46
SALE00439,2023-06-06,S001,Downtown,P006,Jeans,Clothing,10,49.99,26.76,499.9,267.6,232.3
SALE00440,2023-11-14,S004,Eastpark,P005,T-Shirt,Clothing,1,19.99,10.94,19.99,10.94,9.05
SALE00441,2023-11-09,S002,Westside,P016,Granola,Food,2,6.99,3.56,13.98,7.12,6.86
SALE00442,2023-04-17,S005,Southmall,P002,Headphones,Electronics,4,79.99,32.4,319.96,129.6,190.36
SALE00443,2023-05-16,S004,Eastpark,P008,Sneakers,Clothing,2,69.99,29.21,139.98,58.42,81.56
SALE00444,2023-03-22,S004,Eastpark,P014,Coffee Beans,Food,4,14.99,6.59,59.96,26.36,33.6
SALE00445,2023-03-30,S005,Southmall,P003,Smartwatch,Electronics,9,199.99,91.0,1799.91,819.0,980.91
SALE00446,2023-02-08,S001,Downtown,P010,Blender,Home,3,39.99,16.23,119.97,48.69,71.28
SALE00447,2023-01-02,S004,Eastpark,P004,Tablet,Electronics,7,449.99,200.08,3149.93,1400.56,1749.37
SALE00448,2023-08-19,S003,Northgate,P015,Olive Oil,Food,10,9.99,5.29,99.9,52.9,47.0
SALE00449,2023-08-29,S002,Westside,P013,Protein Bar,Food,5,2.99,1.21,14.95,6.05,8.9
SALE00450,2023-01-17,S002,Westside,P014,Coffee Beans,Food,4,14.99,6.59,59.96,26.36,33.6
SALE00451,2023-05-28,S002,Westside,P007,Jacket,Clothing,5,89.99,52.05,449.95,260.25,189.7
SALE00452,2023-12-26,S004,Eastpark,P010,Blender,Home,8,39.99,16.23,319.92,129.84,190.08
SALE00453,2023-02-06,S002,Westside,P009,Coffee Maker,Home,4,59.99,29.06,239.96,116.24,123.72
SALE00454,2023-05-16,S003,Northgate,P012,Lamp,Home,10,34.99,17.53,349.9,175.3,174.6
SALE00455,2023-12-05,S001,Downtown,P012,Lamp,Home,4,34.99,17.53,139.96,70.12,69.84
SALE00456,2023-08-06,S001,Downtown,P015,Olive Oil,Food,2,9.99,5.29,19.98,10.58,9.4
SALE00457,2023-10-06,S002,Westside,P004,Tablet,Electronics,4,449.99,200.08,1799.96,800.32,999.64
SALE00458,2023-11-28,S002,Westside,P011,Vacuum,Home,3,129.99,57.68,389.97,173.04,216.93
SALE00459,2023-05-17,S001,Downtown,P009,Coffee Maker,Home,3,59.99,29.06,179.97,87.18,92.79
SALE00460,2023-02-06,S001,Downtown,P012,Lamp,Home,1,34.99,17.53,34.99,17.53,17.46
SALE00461,2023-03-26,S003,Northgate,P002,Headphones,Electronics,5,79.99,32.4,399.95,162.0,237.95
SALE00462,2023-11-01,S001,Downtown,P001,Laptop,Electronics,10,899.99,475.09,8999.9,4750.9,4249.0
SALE00463,2023-05-28,S004,Eastpark,P016,Granola,Food,8,6.99,3.56,55.92,28.48,27.44
SALE00464,2023-03-05,S005,Southmall,P014,Coffee Beans,Food,8,14.99,6.59,119.92,52.72,67.2
SALE00465,2023-12-19,S005,Southmall,P004,Tablet,Electronics,5,449.99,200.08,2249.95,1000.4,1249.55
SALE00466,2023-12-25,S004,Eastpark,P013,Protein Bar,Food,7,2.99,1.21,20.93,8.47,12.46
SALE00467,2023-05-20,S003,Northgate,P012,Lamp,Home,9,34.99,17.53,314.91,157.77,157.14
SALE00468,2023-10-04,S001,Downtown,P005,T-Shirt,Clothing,8,19.99,10.94,159.92,87.52,72.4
SALE00469,2023-08-13,S002,Westside,P006,Jeans,Clothing,2,49.99,26.76,99.98,53.52,46.46
SALE00470,2023-11-03,S003,Northgate,P001,Laptop,Electronics,1,899.99,475.09,899.99,475.09,424.9
SALE00471,2023-08-10,S005,Southmall,P012,Lamp,Home,6,34.99,17.53,209.94,105.18,104.76
SALE00472,2023-11-06,S002,Westside,P011,Vacuum,Home,5,129.99,57.68,649.95,288.4,361.55
SALE00473,2023-01-14,S005,Southmall,P012,Lamp,Home,2,34.99,17.53,69.98,35.06,34.92
SALE00474,2023-04-28,S002,Westside,P009,Coffee Maker,Home,10,59.99,29.06,599.9,290.6,309.3
SALE00475,2023-10-28,S005,Southmall,P012,Lamp,Home,1,34.99,17.53,34.99,17.53,17.46
SALE00476,2023-12-11,S001,Downtown,P010,Blender,Home,5,39.99,16.23,199.95,81.15,118.8
SALE00477,2023-10-23,S003,Northgate,P014,Coffee Beans,Food,1,14.99,6.59,14.99,6.59,8.4
SALE00478,2023-03-31,S001,Downtown,P010,Blender,Home,8,39.99,16.23,319.92,129.84,190.08
SALE00479,2023-09-23,S004,Eastpark,P012,Lamp,Home,8,34.99,17.53,279.92,140.24,139.68
SALE00480,2023-05-23,S003,Northgate,P006,Jeans,Clothing,3,49.99,26.76,149.97,80.28,69.69
SALE00481,2023-10-27,S004,Eastpark,P005,T-Shirt,Clothing,7,19.99,10.94,139.93,76.58,63.35
SALE00482,2023-11-22,S002,Westside,P008,Sneakers,Clothing,8,69.99,29.21,559.92,233.68,326.24
SALE00483,2023-02-16,S004,Eastpark,P008,Sneakers,Clothing,8,69.99,29.21,559.92,233.68,326.24
SALE00484,2023-06-28,S002,Westside,P006,Jeans,Clothing,7,49.99,26.76,349.93,187.32,162.61
SALE00485,2023-06-20,S003,Northgate,P003,Smartwatch,Electronics,6,199.99,91.0,1199.94,546.0,653.94
SALE00486,2023-12-10,S001,Downtown,P016,Granola,Food,2,6.99,3.56,13.98,7.12,6.86
SALE00487,2023-03-24,S003,Northgate,P007,Jacket,Clothing,6,89.99,52.05,539.94,312.3,227.64
SALE00488,2023-07-30,S003,Northgate,P011,Vacuum,Home,8,129.99,57.68,1039.92,461.44,578.48
SALE00489,2023-05-28,S001,Downtown,P011,Vacuum,Home,7,129.99,57.68,909.93,403.76,506.17
SALE00490,2023-10-09,S004,Eastpark,P009,Coffee Maker,Home,1,59.99,29.06,59.99,29.06,30.93
SALE00491,2023-08-21,S003,Northgate,P013,Protein Bar,Food,2,2.99,1.21,5.98,2.42,3.56
SALE00492,2023-06-11,S001,Downtown,P009,Coffee Maker,Home,5,59.99,29.06,299.95,145.3,154.65
SALE00493,2023-06-15,S004,Eastpark,P012,Lamp,Home,2,34.99,17.53,69.98,35.06,34.92
SALE00494,2023-07-26,S002,Westside,P004,Tablet,Electronics,9,449.99,200.08,4049.91,1800.72,2249.19
SALE00495,2023-01-01,S001,Downtown,P004,Tablet,Electronics,9,449.99,200.08,4049.91,1800.72,2249.19
SALE00496,2023-08-25,S001,Downtown,P015,Olive Oil,Food,7,9.99,5.29,69.93,37.03,32.9
SALE00497,2023-01-28,S005,Southmall,P008,Sneakers,Clothing,4,69.99,29.21,279.96,116.84,163.12
SALE00498,2023-09-23,S004,Eastpark,P012,Lamp,Home,6,34.99,17.53,209.94,105.18,104.76
SALE00499,2023-11-15,S004,Eastpark,P015,Olive Oil,Food,8,9.99,5.29,79.92,42.32,37.6
SALE00500,2023-11-17,S001,Downtown,P005,T-Shirt,Clothing,8,19.99,10.94,159.92,87.52,72.4
SALE00501,2023-01-27,S004,Eastpark,P011,Vacuum,Home,4,129.99,57.68,519.96,230.72,289.24
SALE00502,2023-05-17,S002,Westside,P013,Protein Bar,Food,9,2.99,1.21,26.91,10.89,16.02
SALE00503,2023-03-09,S004,Eastpark,P012,Lamp,Home,5,34.99,17.53,174.95,87.65,87.3
SALE00504,2023-08-13,S003,Northgate,P006,Jeans,Clothing,8,49.99,26.76,399.92,214.08,185.84
SALE00505,2023-03-04,S004,Eastpark,P002,Headphones,Electronics,1,79.99,32.4,79.99,32.4,47.59
SALE00506,2023-11-19,S001,Downtown,P011,Vacuum,Home,10,129.99,57.68,1299.9,576.8,723.1
SALE00507,2023-05-03,S005,Southmall,P001,Laptop,Electronics,3,899.99,475.09,2699.97,1425.27,1274.7
SALE00508,2023-06-09,S001,Downtown,P013,Protein Bar,Food,9,2.99,1.21,26.91,10.89,16.02
SALE00509,2023-01-08,S005,Southmall,P006,Jeans,Clothing,9,49.99,26.76,449.91,240.84,209.07
SALE00510,2023-07-28,S001,Downtown,P004,Tablet,Electronics,2,449.99,200.08,899.98,400.16,499.82
SALE00511,2023-04-26,S005,Southmall,P006,Jeans,Clothing,2,49.99,26.76,99.98,53.52,46.46
SALE00512,2023-08-25,S003,Northgate,P015,Olive Oil,Food,2,9.99,5.29,19.98,10.58,9.4
SALE00513,2023-11-28,S003,Northgate,P012,Lamp,Home,3,34.99,17.53,104.97,52.59,52.38
SALE00514,2023-09-13,S005,Southmall,P014,Coffee Beans,Food,5,14.99,6.59,74.95,32.95,42.0
SALE00515,2023-09-18,S002,Westside,P015,Olive Oil,Food,5,9.99,5.29,49.95,26.45,23.5
SALE00516,2023-08-01,S001,Downtown,P016,Granola,Food,8,6.99,3.56,55.92,28.48,27.44
SALE00517,2023-08-30,S001,Downtown,P001,Laptop,Electronics,4,899.99,475.09,3599.96,1900.36,1699.6
SALE00518,2023-08-22,S005,Southmall,P008,Sneakers,Clothing,9,69.99,29.21,629.91,262.89,367.02
SALE00519,2023-03-16,S005,Southmall,P011,Vacuum,Home,7,129.99,57.68,909.93,403.76,506.17
SALE00520,2023-04-08,S005,Southmall,P007,Jacket,Clothing,10,89.99,52.05,899.9,520.5,379.4
SALE00521,2023-09-18,S001,Downtown,P009,Coffee Maker,Home,3,59.99,29.06,179.97,87.18,92.79
SALE00522,2023-02-05,S005,Southmall,P010,Blender,Home,5,39.99,16.23,199.95,81.15,118.8
SALE00523,2023-08-01,S005,Southmall,P013,Protein Bar,Food,6,2.99,1.21,17.94,7.26,10.68
SALE00524,2023-09-17,S001,Downtown,P012,Lamp,Home,5,34.99,17.53,174.95,87.65,87.3
SALE00525,2023-01-02,S001,Downtown,P002,Headphones,Electronics,5,79.99,32.4,399.95,162.0,237.95
SALE00526,2023-06-02,S005,Southmall,P011,Vacuum,Home,10,129.99,57.68,1299.9,576.8,723.1
SALE00527,2023-10-24,S001,Downtown,P007,Jacket,Clothing,8,89.99,52.05,719.92,416.4,303.52
SALE00528,2023-03-18,S004,Eastpark,P007,Jacket,Clothing,8,89.99,52.05,719.92,416.4,303.52
SALE00529,2023-10-03,S005,Southmall,P015,Olive Oil,Food,8,9.99,5.29,79.92,42.32,37.6
SALE00530,2023-06-26,S004,Eastpark,P010,Blender,Home,6,39.99,16.23,239.94,97.38,142.56
SALE00531,2023-10-10,S002,Westside,P013,Protein Bar,Food,9,2.99,1.21,26.91,10.89,16.02
SALE00532,2023-07-13,S005,Southmall,P002,Headphones,Electronics,8,79.99,32.4,639.92,259.2,380.72
SALE00533,2023-06-14,S005,Southmall,P005,T-Shirt,Clothing,4,19.99,10.94,79.96,43.76,36.2
SALE00534,2023-12-24,S002,Westside,P009,Coffee Maker,Home,4,59.99,29.06,239.96,116.24,123.72
SALE00535,2023-10-20,S003,Northgate,P006,Jeans,Clothing,7,49.99,26.76,349.93,187.32,162.61
SALE00536,2023-04-30,S002,Westside,P006,Jeans,Clothing,7,49.99,26.76,349.93,187.32,162.61
SALE00537,2023-01-23,S001,Downtown,P004,Tablet,Electronics,6,449.99,200.08,2699.94,1200.48,1499.46
SALE00538,2023-08-31,S003,Northgate,P009,Coffee Maker,Home,7,59.99,29.06,419.93,203.42,216.51
SALE00539,2023-07-17,S005,Southmall,P007,Jacket,Clothing,3,89.99,52.05,269.97,156.15,113.82
SALE00540,2023-09-11,S005,Southmall,P015,Olive Oil,Food,1,9.99,5.29,9.99,5.29,4.7
SALE00541,2023-03-06,S001,Downtown,P007,Jacket,Clothing,9,89.99,52.05,809.91,468.45,341.46
SALE00542,2023-10-30,S004,Eastpark,P010,Blender,Home,6,39.99,16.23,239.94,97.38,142.56
SALE00543,2023-02-21,S001,Downtown,P010,Blender,Home,8,39.99,16.23,319.92,129.84,190.08
SALE00544,2023-02-21,S005,Southmall,P005,T-Shirt,Clothing,9,19.99,10.94,179.91,98.46,81.45
SALE00545,2023-08-22,S005,Southmall,P011,Vacuum,Home,1,129.99,57.68,129.99,57.68,72.31
SALE00546,2023-03-15,S003,Northgate,P002,Headphones,Electronics,7,79.99,32.4,559.93,226.8,333.13
SALE00547,2023-12-02,S004,Eastpark,P002,Headphones,Electronics,3,79.99,32.4,239.97,97.2,142.77
SALE00548,2023-02-08,S005,Southmall,P005,T-Shirt,Clothing,8,19.99,10.94,159.92,87.52,72.4
SALE00549,2023-05-16,S004,Eastpark,P011,Vacuum,Home,6,129.99,57.68,779.94,346.08,433.86
SALE00550,2023-11-16,S005,Southmall,P012,Lamp,Home,7,34.99,17.53,244.93,122.71,122.22
SALE00551,2023-11-29,S004,Eastpark,P012,Lamp,Home,2,34.99,17.53,69.98,35.06,34.92
SALE00552,2023-06-18,S001,Downtown,P015,Olive Oil,Food,9,9.99,5.29,89.91,47.61,42.3
SALE00553,2023-07-14,S002,Westside,P003,Smartwatch,Electronics,6,199.99,91.0,1199.94,546.0,653.94
SALE00554,2023-11-17,S004,Eastpark,P008,Sneakers,Clothing,8,69.99,29.21,559.92,233.68,326.24
SALE00555,2023-10-05,S005,Southmall,P002,Headphones,Electronics,1,79.99,32.4,79.99,32.4,47.59
SALE00556,2023-11-13,S003,Northgate,P015,Olive Oil,Food,2,9.99,5.29,19.98,10.58,9.4
SALE00557,2023-05-01,S003,Northgate,P005,T-Shirt,Clothing,5,19.99,10.94,99.95,54.7,45.25
SALE00558,2023-04-27,S002,Westside,P009,Coffee Maker,Home,2,59.99,29.06,119.98,58.12,61.86
SALE00559,2023-08-11,S003,Northgate,P001,Laptop,Electronics,2,899.99,475.09,1799.98,950.18,849.8
SALE00560,2023-11-21,S005,Southmall,P001,Laptop,Electronics,2,899.99,475.09,1799.98,950.18,849.8
SALE00561,2023-08-16,S005,Southmall,P013,Protein Bar,Food,3,2.99,1.21,8.97,3.63,5.34
SALE00562,2023-12-22,S002,Westside,P013,Protein Bar,Food,5,2.99,1.21,14.95,6.05,8.9
SALE00563,2023-01-15,S003,Northgate,P016,Granola,Food,1,6.99,3.56,6.99,3.56,3.43
SALE00564,2023-06-16,S003,Northgate,P006,Jeans,Clothing,1,49.99,26.76,49.99,26.76,23.23
SALE00565,2023-05-31,S005,Southmall,P016,Granola,Food,6,6.99,3.56,41.94,21.36,20.58
SALE00566,2023-07-11,S003,Northgate,P004,Tablet,Electronics,7,449.99,200.08,3149.93,1400.56,1749.37
SALE00567,2023-03-16,S004,Eastpark,P013,Protein Bar,Food,4,2.99,1.21,11.96,4.84,7.12
SALE00568,2023-09-29,S002,Westside,P011,Vacuum,Home,7,129.99,57.68,909.93,403.76,506.17
SALE00569,2023-10-17,S002,Westside,P004,Tablet,Electronics,3,449.99,200.08,1349.97,600.24,749.73
SALE00570,2023-03-29,S001,Downtown,P003,Smartwatch,Electronics,3,199.99,91.0,599.97,273.0,326.97
SALE00571,2023-02-10,S004,Eastpark,P004,Tablet,Electronics,10,449.99,200.08,4499.9,2000.8,2499.1
SALE00572,2023-07-15,S001,Downtown,P013,Protein Bar,Food,10,2.99,1.21,29.9,12.1,17.8
SALE00573,2023-12-16,S005,Southmall,P004,Tablet,Electronics,4,449.99,200.08,1799.96,800.32,999.64
SALE00574,2023-09-12,S003,Northgate,P013,Protein Bar,Food,10,2.99,1.21,29.9,12.1,17.8
SALE00575,2023-03-15,S004,Eastpark,P009,Coffee Maker,Home,4,59.99,29.06,239.96,116.24,123.72
SALE00576,2023-08-25,S004,Eastpark,P007,Jacket,Clothing,5,89.99,52.05,449.95,260.25,189.7
SALE00577,2023-08-24,S004,Eastpark,P012,Lamp,Home,5,34.99,17.53,174.95,87.65,87.3
SALE00578,2023-12-08,S004,Eastpark,P015,Olive Oil,Food,1,9.99,5.29,9.99,5.29,4.7
SALE00579,2023-08-27,S005,Southmall,P011,Vacuum,Home,5,129.99,57.68,649.95,288.4,361.55
SALE00580,2023-12-13,S004,Eastpark,P008,Sneakers,Clothing,9,69.99,29.21,629.91,262.89,367.02
SALE00581,2023-03-22,S002,Westside,P011,Vacuum,Home,2,129.99,57.68,259.98,115.36,144.62
SALE00582,2023-08-15,S004,Eastpark,P007,Jacket,Clothing,6,89.99,52.05,539.94,312.3,227.64
SALE00583,2023-10-28,S002,Westside,P002,Headphones,Electronics,5,79.99,32.4,399.95,162.0,237.95
SALE00584,2023-11-24,S003,Northgate,P009,Coffee Maker,Home,7,59.99,29.06,419.93,203.42,216.51
SALE00585,2023-12-20,S002,Westside,P012,Lamp,Home,5,34.99,17.53,174.95,87.65,87.3
SALE00586,2023-08-22,S001,Downtown,P007,Jacket,Clothing,5,89.99,52.05,449.95,260.25,189.7
SALE00587,2023-04-12,S005,Southmall,P016,Granola,Food,7,6.99,3.56,48.93,24.92,24.01
SALE00588,2023-09-05,S004,Eastpark,P010,Blender,Home,2,39.99,16.23,79.98,32.46,47.52
SALE00589,2023-05-02,S002,Westside,P005,T-Shirt,Clothing,7,19.99,10.94,139.93,76.58,63.35
SALE00590,2023-10-20,S004,Eastpark,P008,Sneakers,Clothing,6,69.99,29.21,419.94,175.26,244.68
SALE00591,2023-10-22,S003,Northgate,P008,Sneakers,Clothing,5,69.99,29.21,349.95,146.05,203.9
SALE00592,2023-12-25,S001,Downtown,P006,Jeans,Clothing,5,49.99,26.76,249.95,133.8,116.15
SALE00593,2023-01-12,S005,Southmall,P011,Vacuum,Home,7,129.99,57.68,909.93,403.76,506.17
SALE00594,2023-05-21,S003,Northgate,P007,Jacket,Clothing,1,89.99,52.05,89.99,52.05,37.94
SALE00595,2023-10-17,S005,Southmall,P005,T-Shirt,Clothing,1,19.99,10.94,19.99,10.94,9.05
SALE00596,2023-11-07,S005,Southmall,P009,Coffee Maker,Home,8,59.99,29.06,479.92,232.48,247.44
SALE00597,2023-05-27,S003,Northgate,P007,Jacket,Clothing,4,89.99,52.05,359.96,208.2,151.76
SALE00598,2023-11-07,S004,Eastpark,P009,Coffee Maker,Home,6,59.99,29.06,359.94,174.36,185.58
SALE00599,2023-04-23,S004,Eastpark,P010,Blender,Home,4,39.99,16.23,159.96,64.92,95.04
SALE00600,2023-11-14,S005,Southmall,P011,Vacuum,Home,5,129.99,57.68,649.95,288.4,361.55
SALE00601,2023-12-14,S003,Northgate,P008,Sneakers,Clothing,3,69.99,29.21,209.97,87.63,122.34
SALE00602,2023-11-18,S001,Downtown,P008,Sneakers,Clothing,2,69.99,29.21,139.98,58.42,81.56
SALE00603,2023-11-18,S002,Westside,P010,Blender,Home,1,39.99,16.23,39.99,16.23,23.76
SALE00604,2023-06-08,S005,Southmall,P006,Jeans,Clothing,8,49.99,26.76,399.92,214.08,185.84
SALE00605,2023-01-18,S002,Westside,P004,Tablet,Electronics,10,449.99,200.08,4499.9,2000.8,2499.1
SALE00606,2023-07-06,S002,Westside,P004,Tablet,Electronics,3,449.99,200.08,1349.97,600.24,749.73
SALE00607,2023-02-16,S003,Northgate,P013,Protein Bar,Food,5,2.99,1.21,14.95,6.05,8.9
SALE00608,2023-06-17,S005,Southmall,P014,Coffee Beans,Food,7,14.99,6.59,104.93,46.13,58.8
SALE00609,2023-03-31,S005,Southmall,P005,T-Shirt,Clothing,4,19.99,10.94,79.96,43.76,36.2
SALE00610,2023-03-09,S001,Downtown,P016,Granola,Food,9,6.99,3.56,62.91,32.04,30.87
SALE00611,2023-07-07,S001,Downtown,P011,Vacuum,Home,9,129.99,57.68,1169.91,519.12,650.79
SALE00612,2023-09-14,S003,Northgate,P009,Coffee Maker,Home,5,59.99,29.06,299.95,145.3,154.65
SALE00613,2023-03-26,S003,Northgate,P003,Smartwatch,Electronics,5,199.99,91.0,999.95,455.0,544.95
SALE00614,2023-09-04,S003,Northgate,P009,Coffee Maker,Home,5,59.99,29.06,299.95,145.3,154.65
SALE00615,2023-06-23,S003,Northgate,P015,Olive Oil,Food,2,9.99,5.29,19.98,10.58,9.4
SALE00616,2023-08-28,S001,Downtown,P010,Blender,Home,2,39.99,16.23,79.98,32.46,47.52
SALE00617,2023-03-14,S003,Northgate,P010,Blender,Home,4,39.99,16.23,159.96,64.92,95.04
SALE00618,2023-12-13,S001,Downtown,P006,Jeans,Clothing,7,49.99,26.76,349.93,187.32,162.61
SALE00619,2023-10-13,S001,Downtown,P009,Coffee Maker,Home,6,59.99,29.06,359.94,174.36,185.58
SALE00620,2023-02-16,S004,Eastpark,P002,Headphones,Electronics,7,79.99,32.4,559.93,226.8,333.13
SALE00621,2023-01-08,S001,Downtown,P004,Tablet,Electronics,5,449.99,200.08,2249.95,1000.4,1249.55
SALE00622,2023-10-02,S001,Downtown,P004,Tablet,Electronics,2,449.99,200.08,899.98,400.16,499.82
SALE00623,2023-08-21,S001,Downtown,P002,Headphones,Electronics,6,79.99,32.4,479.94,194.4,285.54
SALE00624,2023-12-11,S005,Southmall,P006,Jeans,Clothing,5,49.99,26.76,249.95,133.8,116.15
SALE00625,2023-10-27,S002,Westside,P014,Coffee Beans,Food,7,14.99,6.59,104.93,46.13,58.8
SALE00626,2023-11-23,S004,Eastpark,P011,Vacuum,Home,6,129.99,57.68,779.94,346.08,433.86
SALE00627,2023-02-25,S005,Southmall,P008,Sneakers,Clothing,4,69.99,29.21,279.96,116.84,163.12
SALE00628,2023-08-30,S003,Northgate,P002,Headphones,Electronics,1,79.99,32.4,79.99,32.4,47.59
SALE00629,2023-11-14,S003,Northgate,P007,Jacket,Clothing,9,89.99,52.05,809.91,468.45,341.46
SALE00630,2023-06-17,S003,Northgate,P011,Vacuum,Home,10,129.99,57.68,1299.9,576.8,723.1
SALE00631,2023-04-24,S003,Northgate,P003,Smartwatch,Electronics,2,199.99,91.0,399.98,182.0,217.98
SALE00632,2023-11-22,S005,Southmall,P003,Smartwatch,Electronics,8,199.99,91.0,1599.92,728.0,871.92
SALE00633,2023-12-25,S004,Eastpark,P006,Jeans,Clothing,5,49.99,26.76,249.95,133.8,116.15
SALE00634,2023-11-29,S003,Northgate,P009,Coffee Maker,Home,7,59.99,29.06,419.93,203.42,216.51
SALE00635,2023-03-01,S002,Westside,P016,Granola,Food,3,6.99,3.56,20.97,10.68,10.29
SALE00636,2023-01-24,S005,Southmall,P015,Olive Oil,Food,1,9.99,5.29,9.99,5.29,4.7
SALE00637,2023-06-05,S002,Westside,P002,Headphones,Electronics,8,79.99,32.4,639.92,259.2,380.72
SALE00638,2023-03-01,S005,Southmall,P010,Blender,Home,2,39.99,16.23,79.98,32.46,47.52
SALE00639,2023-05-01,S005,Southmall,P004,Tablet,Electronics,9,449.99,200.08,4049.91,1800.72,2249.19
SALE00640,2023-03-11,S005,Southmall,P002,Headphones,Electronics,7,79.99,32.4,559.93,226.8,333.13
SALE00641,2023-08-21,S001,Downtown,P016,Granola,Food,6,6.99,3.56,41.94,21.36,20.58
SALE00642,2023-12-10,S003,Northgate,P014,Coffee Beans,Food,9,14.99,6.59,134.91,59.31,75.6
SALE00643,2023-08-03,S004,Eastpark,P003,Smartwatch,Electronics,10,199.99,91.0,1999.9,910.0,1089.9
SALE00644,2023-03-21,S004,Eastpark,P016,Granola,Food,7,6.99,3.56,48.93,24.92,24.01
SALE00645,2023-12-02,S002,Westside,P006,Jeans,Clothing,2,49.99,26.76,99.98,53.52,46.46
SALE00646,2023-09-08,S002,Westside,P013,Protein Bar,Food,10,2.99,1.21,29.9,12.1,17.8
SALE00647,2023-07-28,S002,Westside,P015,Olive Oil,Food,5,9.99,5.29,49.95,26.45,23.5
SALE00648,2023-01-17,S002,Westside,P001,Laptop,Electronics,6,899.99,475.09,5399.94,2850.54,2549.4
SALE00649,2023-04-22,S001,Downtown,P010,Blender,Home,8,39.99,16.23,319.92,129.84,190.08
SALE00650,2023-08-16,S003,Northgate,P001,Laptop,Electronics,4,899.99,475.09,3599.96,1900.36,1699.6
SALE00651,2023-07-05,S004,Eastpark,P015,Olive Oil,Food,2,9.99,5.29,19.98,10.58,9.4
SALE00652,2023-12-18,S003,Northgate,P012,Lamp,Home,6,34.99,17.53,209.94,105.18,104.76
SALE00653,2023-10-06,S005,Southmall,P004,Tablet,Electronics,6,449.99,200.08,2699.94,1200.48,1499.46
SALE00654,2023-02-01,S004,Eastpark,P016,Granola,Food,7,6.99,3.56,48.93,24.92,24.01
SALE00655,2023-05-22,S005,Southmall,P005,T-Shirt,Clothing,4,19.99,10.94,79.96,43.76,36.2
SALE00656,2023-03-04,S005,Southmall,P014,Coffee Beans,Food,8,14.99,6.59,119.92,52.72,67.2
SALE00657,2023-02-16,S004,Eastpark,P006,Jeans,Clothing,4,49.99,26.76,199.96,107.04,92.92
SALE00658,2023-11-25,S004,Eastpark,P016,Granola,Food,10,6.99,3.56,69.9,35.6,34.3
SALE00659,2023-01-11,S003,Northgate,P006,Jeans,Clothing,1,49.99,26.76,49.99,26.76,23.23
SALE00660,2023-06-20,S004,Eastpark,P013,Protein Bar,Food,4,2.99,1.21,11.96,4.84,7.12
SALE00661,2023-03-06,S002,Westside,P005,T-Shirt,Clothing,10,19.99,10.94,199.9,109.4,90.5
SALE00662,2023-04-16,S002,Westside,P007,Jacket,Clothing,2,89.99,52.05,179.98,104.1,75.88
SALE00663,2023-10-11,S002,Westside,P013,Protein Bar,Food,4,2.99,1.21,11.96,4.84,7.12
SALE00664,2023-10-28,S005,Southmall,P006,Jeans,Clothing,4,49.99,26.76,199.96,107.04,92.92
SALE00665,2023-04-30,S005,Southmall,P004,Tablet,Electronics,6,449.99,200.08,2699.94,1200.48,1499.46
SALE00666,2023-03-17,S005,Southmall,P009,Coffee Maker,Home,10,59.99,29.06,599.9,290.6,309.3
SALE00667,2023-01-02,S004,Eastpark,P014,Coffee Beans,Food,5,14.99,6.59,74.95,32.95,42.0
SALE00668,2023-03-16,S001,Downtown,P006,Jeans,Clothing,3,49.99,26.76,149.97,80.28,69.69
SALE00669,2023-10-04,S003,Northgate,P016,Granola,Food,5,6.99,3.56,34.95,17.8,17.15
SALE00670,2023-03-31,S003,Northgate,P007,Jacket,Clothing,2,89.99,52.05,179.98,104.1,75.88
SALE00671,2023-12-05,S004,Eastpark,P009,Coffee Maker,Home,1,59.99,29.06,59.99,29.06,30.93
SALE00672,2023-03-09,S005,Southmall,P015,Olive Oil,Food,1,9.99,5.29,9.99,5.29,4.7
SALE00673,2023-07-03,S004,Eastpark,P006,Jeans,Clothing,4,49.99,26.76,199.96,107.04,92.92
SALE00674,2023-10-29,S001,Downtown,P015,Olive Oil,Food,6,9.99,5.29,59.94,31.74,28.2
SALE00675,2023-01-09,S005,Southmall,P006,Jeans,Clothing,3,49.99,26.76,149.97,80.28,69.69
SALE00676,2023-05-16,S003,Northgate,P004,Tablet,Electronics,1,449.99,200.08,449.99,200.08,249.91
SALE00677,2023-03-06,S005,Southmall,P005,T-Shirt,Clothing,7,19.99,10.94,139.93,76.58,63.35
SALE00678,2023-09-27,S004,Eastpark,P015,Olive Oil,Food,2,9.99,5.29,19.98,10.58,9.4
SALE00679,2023-02-02,S005,Southmall,P006,Jeans,Clothing,8,49.99,26.76,399.92,214.08,185.84
SALE00680,2023-08-18,S001,Downtown,P016,Granola,Food,6,6.99,3.56,41.94,21.36,20.58
SALE00681,2023-09-20,S001,Downtown,P012,Lamp,Home,10,34.99,17.53,349.9,175.3,174.6
SALE00682,2023-02-25,S003,Northgate,P015,Olive Oil,Food,8,9.99,5.29,79.92,42.32,37.6
SALE00683,2023-09-15,S002,Westside,P013,Protein Bar,Food,4,2.99,1.21,11.96,4.84,7.12
SALE00684,2023-11-11,S003,Northgate,P008,Sneakers,Clothing,1,69.99,29.21,69.99,29.21,40.78
SALE00685,2023-12-04,S002,Westside,P015,Olive Oil,Food,9,9.99,5.29,89.91,47.61,42.3
SALE00686,2023-06-04,S004,Eastpark,P006,Jeans,Clothing,8,49.99,26.76,399.92,214.08,185.84
SALE00687,2023-11-26,S001,Downtown,P002,Headphones,Electronics,1,79.99,32.4,79.99,32.4,47.59
SALE00688,2023-02-01,S002,Westside,P002,Headphones,Electronics,8,79.99,32.4,639.92,259.2,380.72
SALE00689,2023-07-25,S003,Northgate,P009,Coffee Maker,Home,7,59.99,29.06,419.93,203.42,216.51
SALE00690,2023-12-18,S003,Northgate,P007,Jacket,Clothing,2,89.99,52.05,179.98,104.1,75.88
SALE00691,2023-09-09,S001,Downtown,P003,Smartwatch,Electronics,8,199.99,91.0,1599.92,728.0,871.92
SALE00692,2023-02-07,S001,Downtown,P004,Tablet,Electronics,2,449.99,200.08,899.98,400.16,499.82
SALE00693,2023-06-14,S005,Southmall,P013,Protein Bar,Food,10,2.99,1.21,29.9,12.1,17.8
SALE00694,2023-03-17,S003,Northgate,P001,Laptop,Electronics,2,899.99,475.09,1799.98,950.18,849.8
SALE00695,2023-03-06,S004,Eastpark,P014,Coffee Beans,Food,5,14.99,6.59,74.95,32.95,42.0
SALE00696,2023-11-16,S002,Westside,P003,Smartwatch,Electronics,10,199.99,91.0,1999.9,910.0,1089.9
SALE00697,2023-10-08,S005,Southmall,P015,Olive Oil,Food,6,9.99,5.29,59.94,31.74,28.2
SALE00698,2023-07-15,S004,Eastpark,P006,Jeans,Clothing,10,49.99,26.76,499.9,267.6,232.3
SALE00699,2023-09-29,S003,Northgate,P004,Tablet,Electronics,5,449.99,200.08,2249.95,1000.4,1249.55
SALE00700,2023-08-21,S003,Northgate,P014,Coffee Beans,Food,9,14.99,6.59,134.91,59.31,75.6
SALE00701,2023-11-06,S004,Eastpark,P010,Blender,Home,7,39.99,16.23,279.93,113.61,166.32
SALE00702,2023-02-20,S004,Eastpark,P012,Lamp,Home,2,34.99,17.53,69.98,35.06,34.92
SALE00703,2023-12-02,S002,Westside,P003,Smartwatch,Electronics,9,199.99,91.0,1799.91,819.0,980.91
SALE00704,2023-04-21,S003,Northgate,P003,Smartwatch,Electronics,7,199.99,91.0,1399.93,637.0,762.93
SALE00705,2023-08-20,S001,Downtown,P014,Coffee Beans,Food,4,14.99,6.59,59.96,26.36,33.6
SALE00706,2023-07-31,S005,Southmall,P014,Coffee Beans,Food,6,14.99,6.59,89.94,39.54,50.4
SALE00707,2023-08-21,S003,Northgate,P003,Smartwatch,Electronics,7,199.99,91.0,1399.93,637.0,762.93
SALE00708,2023-08-01,S001,Downtown,P010,Blender,Home,2,39.99,16.23,79.98,32.46,47.52
SALE00709,2023-06-10,S005,Southmall,P002,Headphones,Electronics,7,79.99,32.4,559.93,226.8,333.13
SALE00710,2023-06-10,S005,Southmall,P014,Coffee Beans,Food,5,14.99,6.59,74.95,32.95,42.0
SALE00711,2023-07-11,S002,Westside,P011,Vacuum,Home,3,129.99,57.68,389.97,173.04,216.93
SALE00712,2023-12-18,S003,Northgate,P004,Tablet,Electronics,8,449.99,200.08,3599.92,1600.64,1999.28
SALE00713,2023-02-04,S005,Southmall,P003,Smartwatch,Electronics,2,199.99,91.0,399.98,182.0,217.98
SALE00714,2023-02-13,S005,Southmall,P012,Lamp,Home,2,34.99,17.53,69.98,35.06,34.92
SALE00715,2023-08-10,S002,Westside,P014,Coffee Beans,Food,2,14.99,6.59,29.98,13.18,16.8
SALE00716,2023-07-10,S005,Southmall,P015,Olive Oil,Food,3,9.99,5.29,29.97,15.87,14.1
SALE00717,2023-10-12,S002,Westside,P002,Headphones,Electronics,1,79.99,32.4,79.99,32.4,47.59
SALE00718,2023-10-28,S001,Downtown,P013,Protein Bar,Food,9,2.99,1.21,26.91,10.89,16.02
SALE00719,2023-10-15,S002,Westside,P010,Blender,Home,6,39.99,16.23,239.94,97.38,142.56
SALE00720,2023-12-10,S004,Eastpark,P006,Jeans,Clothing,2,49.99,26.76,99.98,53.52,46.46
SALE00721,2023-07-30,S001,Downtown,P008,Sneakers,Clothing,6,69.99,29.21,419.94,175.26,244.68
SALE00722,2023-12-07,S001,Downtown,P008,Sneakers,Clothing,7,69.99,29.21,489.93,204.47,285.46
SALE00723,2023-01-27,S004,Eastpark,P010,Blender,Home,5,39.99,16.23,199.95,81.15,118.8
SALE00724,2023-11-04,S004,Eastpark,P007,Jacket,Clothing,5,89.99,52.05,449.95,260.25,189.7
SALE00725,2023-06-30,S001,Downtown,P011,Vacuum,Home,2,129.99,57.68,259.98,115.36,144.62
SALE00726,2023-10-23,S004,Eastpark,P004,Tablet,Electronics,9,449.99,200.08,4049.91,1800.72,2249.19
SALE00727,2023-04-19,S003,Northgate,P002,Headphones,Electronics,3,79.99,32.4,239.97,97.2,142.77
SALE00728,2023-12-03,S003,Northgate,P016,Granola,Food,8,6.99,3.56,55.92,28.48,27.44
SALE00729,2023-04-25,S001,Downtown,P007,Jacket,Clothing,2,89.99,52.05,179.98,104.1,75.88
SALE00730,2023-06-29,S004,Eastpark,P005,T-Shirt,Clothing,9,19.99,10.94,179.91,98.46,81.45
SALE00731,2023-07-08,S003,Northgate,P008,Sneakers,Clothing,2,69.99,29.21,139.98,58.42,81.56
SALE00732,2023-05-23,S005,Southmall,P005,T-Shirt,Clothing,10,19.99,10.94,199.9,109.4,90.5
SALE00733,2023-04-26,S004,Eastpark,P014,Coffee Beans,Food,7,14.99,6.59,104.93,46.13,58.8
SALE00734,2023-10-15,S002,Westside,P015,Olive Oil,Food,10,9.99,5.29,99.9,52.9,47.0
SALE00735,2023-11-11,S004,Eastpark,P005,T-Shirt,Clothing,9,19.99,10.94,179.91,98.46,81.45
SALE00736,2023-01-14,S003,Northgate,P015,Olive Oil,Food,10,9.99,5.29,99.9,52.9,47.0
SALE00737,2023-12-03,S001,Downtown,P015,Olive Oil,Food,5,9.99,5.29,49.95,26.45,23.5
SALE00738,2023-01-15,S003,Northgate,P010,Blender,Home,3,39.99,16.23,119.97,48.69,71.28
SALE00739,2023-05-20,S004,Eastpark,P013,Protein Bar,Food,5,2.99,1.21,14.95,6.05,8.9
SALE00740,2023-06-23,S001,Downtown,P013,Protein Bar,Food,6,2.99,1.21,17.94,7.26,10.68
SALE00741,2023-01-04,S003,Northgate,P016,Granola,Food,3,6.99,3.56,20.97,10.68,10.29
SALE00742,2023-03-15,S004,Eastpark,P001,Laptop,Electronics,10,899.99,475.09,8999.9,4750.9,4249.0
SALE00743,2023-12-03,S003,Northgate,P014,Coffee Beans,Food,7,14.99,6.59,104.93,46.13,58.8
SALE00744,2023-02-05,S003,Northgate,P008,Sneakers,Clothing,3,69.99,29.21,209.97,87.63,122.34
SALE00745,2023-11-21,S001,Downtown,P006,Jeans,Clothing,1,49.99,26.76,49.99,26.76,23.23
SALE00746,2023-02-16,S004,Eastpark,P006,Jeans,Clothing,9,49.99,26.76,449.91,240.84,209.07
SALE00747,2023-04-21,S005,Southmall,P008,Sneakers,Clothing,7,69.99,29.21,489.93,204.47,285.46
SALE00748,2023-08-03,S003,Northgate,P013,Protein Bar,Food,8,2.99,1.21,23.92,9.68,14.24
SALE00749,2023-06-24,S003,Northgate,P001,Laptop,Electronics,3,899.99,475.09,2699.97,1425.27,1274.7
SALE00750,2023-07-09,S005,Southmall,P010,Blender,Home,5,39.99,16.23,199.95,81.15,118.8
SALE00751,2023-06-16,S005,Southmall,P003,Smartwatch,Electronics,10,199.99,91.0,1999.9,910.0,1089.9
SALE00752,2023-11-02,S004,Eastpark,P015,Olive Oil,Food,2,9.99,5.29,19.98,10.58,9.4
SALE00753,2023-01-27,S004,Eastpark,P011,Vacuum,Home,3,129.99,57.68,389.97,173.04,216.93
SALE00754,2023-03-22,S002,Westside,P002,Headphones,Electronics,10,79.99,32.4,799.9,324.0,475.9
SALE00755,2023-01-26,S005,Southmall,P001,Laptop,Electronics,2,899.99,475.09,1799.98,950.18,849.8
SALE00756,2023-05-20,S001,Downtown,P006,Jeans,Clothing,8,49.99,26.76,399.92,214.08,185.84
SALE00757,2023-12-05,S002,Westside,P008,Sneakers,Clothing,7,69.99,29.21,489.93,204.47,285.46
SALE00758,2023-09-06,S001,Downtown,P005,T-Shirt,Clothing,10,19.99,10.94,199.9,109.4,90.5
SALE00759,2023-08-15,S003,Northgate,P015,Olive Oil,Food,7,9.99,5.29,69.93,37.03,32.9
SALE00760,2023-05-20,S004,Eastpark,P009,Coffee Maker,Home,4,59.99,29.06,239.96,116.24,123.72
SALE00761,2023-09-20,S002,Westside,P003,Smartwatch,Electronics,2,199.99,91.0,399.98,182.0,217.98
SALE00762,2023-06-26,S002,Westside,P014,Coffee Beans,Food,7,14.99,6.59,104.93,46.13,58.8
SALE00763,2023-02-26,S005,Southmall,P004,Tablet,Electronics,5,449.99,200.08,2249.95,1000.4,1249.55
SALE00764,2023-12-14,S001,Downtown,P007,Jacket,Clothing,10,89.99,52.05,899.9,520.5,379.4
SALE00765,2023-09-07,S005,Southmall,P016,Granola,Food,9,6.99,3.56,62.91,32.04,30.87
SALE00766,2023-12-08,S003,Northgate,P014,Coffee Beans,Food,5,14.99,6.59,74.95,32.95,42.0
SALE00767,2023-01-24,S001,Downtown,P012,Lamp,Home,4,34.99,17.53,139.96,70.12,69.84
SALE00768,2023-07-22,S003,Northgate,P009,Coffee Maker,Home,10,59.99,29.06,599.9,290.6,309.3
SALE00769,2023-01-29,S002,Westside,P003,Smartwatch,Electronics,1,199.99,91.0,199.99,91.0,108.99
SALE00770,2023-04-15,S005,Southmall,P011,Vacuum,Home,5,129.99,57.68,649.95,288.4,361.55
SALE00771,2023-04-19,S005,Southmall,P009,Coffee Maker,Home,3,59.99,29.06,179.97,87.18,92.79
SALE00772,2023-05-11,S002,Westside,P004,Tablet,Electronics,5,449.99,200.08,2249.95,1000.4,1249.55
SALE00773,2023-06-17,S004,Eastpark,P001,Laptop,Electronics,2,899.99,475.09,1799.98,950.18,849.8
SALE00774,2023-01-04,S005,Southmall,P015,Olive Oil,Food,8,9.99,5.29,79.92,42.32,37.6
SALE00775,2023-08-09,S003,Northgate,P009,Coffee Maker,Home,3,59.99,29.06,179.97,87.18,92.79
SALE00776,2023-03-08,S001,Downtown,P008,Sneakers,Clothing,7,69.99,29.21,489.93,204.47,285.46
SALE00777,2023-09-30,S003,Northgate,P013,Protein Bar,Food,4,2.99,1.21,11.96,4.84,7.12
SALE00778,2023-09-14,S002,Westside,P016,Granola,Food,9,6.99,3.56,62.91,32.04,30.87
SALE00779,2023-12-09,S003,Northgate,P004,Tablet,Electronics,6,449.99,200.08,2699.94,1200.48,1499.46
SALE00780,2023-02-06,S003,Northgate,P003,Smartwatch,Electronics,7,199.99,91.0,1399.93,637.0,762.93
SALE00781,2023-01-22,S002,Westside,P009,Coffee Maker,Home,7,59.99,29.06,419.93,203.42,216.51
SALE00782,2023-01-10,S004,Eastpark,P012,Lamp,Home,8,34.99,17.53,279.92,140.24,139.68
SALE00783,2023-02-09,S003,Northgate,P010,Blender,Home,6,39.99,16.23,239.94,97.38,142.56
SALE00784,2023-10-22,S002,Westside,P011,Vacuum,Home,7,129.99,57.68,909.93,403.76,506.17
SALE00785,2023-10-21,S003,Northgate,P014,Coffee Beans,Food,7,14.99,6.59,104.93,46.13,58.8
SALE00786,2023-12-30,S001,Downtown,P013,Protein Bar,Food,7,2.99,1.21,20.93,8.47,12.46
SALE00787,2023-05-29,S005,Southmall,P001,Laptop,Electronics,2,899.99,475.09,1799.98,950.18,849.8
SALE00788,2023-07-27,S003,Northgate,P006,Jeans,Clothing,1,49.99,26.76,49.99,26.76,23.23
SALE00789,2023-06-16,S004,Eastpark,P005,T-Shirt,Clothing,3,19.99,10.94,59.97,32.82,27.15
SALE00790,2023-11-13,S003,Northgate,P016,Granola,Food,8,6.99,3.56,55.92,28.48,27.44
SALE00791,2023-12-20,S002,Westside,P009,Coffee Maker,Home,6,59.99,29.06,359.94,174.36,185.58
SALE00792,2023-02-15,S001,Downtown,P015,Olive Oil,Food,7,9.99,5.29,69.93,37.03,32.9
SALE00793,2023-02-24,S005,Southmall,P008,Sneakers,Clothing,4,69.99,29.21,279.96,116.84,163.12
SALE00794,2023-08-12,S002,Westside,P015,Olive Oil,Food,10,9.99,5.29,99.9,52.9,47.0
SALE00795,2023-07-25,S001,Downtown,P009,Coffee Maker,Home,9,59.99,29.06,539.91,261.54,278.37
SALE00796,2023-02-10,S004,Eastpark,P014,Coffee Beans,Food,7,14.99,6.59,104.93,46.13,58.8
SALE00797,2023-06-08,S003,Northgate,P013,Protein Bar,Food,6,2.99,1.21,17.94,7.26,10.68
SALE00798,2023-04-24,S002,Westside,P012,Lamp,Home,6,34.99,17.53,209.94,105.18,104.76
SALE00799,2023-03-28,S003,Northgate,P009,Coffee Maker,Home,2,59.99,29.06,119.98,58.12,61.86
SALE00800,2023-09-19,S002,Westside,P014,Coffee Beans,Food,2,14.99,6.59,29.98,13.18,16.8
SALE00801,2023-09-29,S005,Southmall,P008,Sneakers,Clothing,9,69.99,29.21,629.91,262.89,367.02
SALE00802,2023-04-10,S002,Westside,P003,Smartwatch,Electronics,6,199.99,91.0,1199.94,546.0,653.94
SALE00803,2023-06-29,S004,Eastpark,P015,Olive Oil,Food,3,9.99,5.29,29.97,15.87,14.1
SALE00804,2023-05-01,S001,Downtown,P008,Sneakers,Clothing,2,69.99,29.21,139.98,58.42,81.56
SALE00805,2023-03-16,S004,Eastpark,P003,Smartwatch,Electronics,5,199.99,91.0,999.95,455.0,544.95
SALE00806,2023-04-12,S001,Downtown,P010,Blender,Home,3,39.99,16.23,119.97,48.69,71.28
SALE00807,2023-11-05,S004,Eastpark,P009,Coffee Maker,Home,3,59.99,29.06,179.97,87.18,92.79
SALE00808,2023-12-02,S005,Southmall,P012,Lamp,Home,2,34.99,17.53,69.98,35.06,34.92
SALE00809,2023-04-01,S005,Southmall,P004,Tablet,Electronics,8,449.99,200.08,3599.92,1600.64,1999.28
SALE00810,2023-08-26,S003,Northgate,P013,Protein Bar,Food,10,2.99,1.21,29.9,12.1,17.8
SALE00811,2023-10-24,S003,Northgate,P004,Tablet,Electronics,8,449.99,200.08,3599.92,1600.64,1999.28
SALE00812,2023-12-15,S003,Northgate,P004,Tablet,Electronics,10,449.99,200.08,4499.9,2000.8,2499.1
SALE00813,2023-11-26,S001,Downtown,P015,Olive Oil,Food,10,9.99,5.29,99.9,52.9,47.0
SALE00814,2023-06-15,S002,Westside,P007,Jacket,Clothing,6,89.99,52.05,539.94,312.3,227.64
SALE00815,2023-03-19,S001,Downtown,P006,Jeans,Clothing,8,49.99,26.76,399.92,214.08,185.84
SALE00816,2023-02-04,S004,Eastpark,P013,Protein Bar,Food,8,2.99,1.21,23.92,9.68,14.24
SALE00817,2023-08-15,S003,Northgate,P012,Lamp,Home,5,34.99,17.53,174.95,87.65,87.3
SALE00818,2023-05-21,S001,Downtown,P014,Coffee Beans,Food,10,14.99,6.59,149.9,65.9,84.0
SALE00819,2023-01-29,S001,Downtown,P001,Laptop,Electronics,6,899.99,475.09,5399.94,2850.54,2549.4
SALE00820,2023-09-17,S002,Westside,P006,Jeans,Clothing,2,49.99,26.76,99.98,53.52,46.46
SALE00821,2023-06-08,S003,Northgate,P010,Blender,Home,8,39.99,16.23,319.92,129.84,190.08
SALE00822,2023-08-20,S001,Downtown,P007,Jacket,Clothing,1,89.99,52.05,89.99,52.05,37.94
SALE00823,2023-01-30,S003,Northgate,P008,Sneakers,Clothing,6,69.99,29.21,419.94,175.26,244.68
SALE00824,2023-05-27,S005,Southmall,P006,Jeans,Clothing,2,49.99,26.76,99.98,53.52,46.46
SALE00825,2023-11-27,S004,Eastpark,P001,Laptop,Electronics,2,899.99,475.09,1799.98,950.18,849.8
SALE00826,2023-11-11,S002,Westside,P003,Smartwatch,Electronics,10,199.99,91.0,1999.9,910.0,1089.9
SALE00827,2023-09-17,S004,Eastpark,P013,Protein Bar,Food,7,2.99,1.21,20.93,8.47,12.46
SALE00828,2023-08-25,S003,Northgate,P003,Smartwatch,Electronics,10,199.99,91.0,1999.9,910.0,1089.9
SALE00829,2023-10-11,S003,Northgate,P013,Protein Bar,Food,1,2.99,1.21,2.99,1.21,1.78
SALE00830,2023-08-19,S001,Downtown,P009,Coffee Maker,Home,10,59.99,29.06,599.9,290.6,309.3
SALE00831,2023-11-30,S003,Northgate,P006,Jeans,Clothing,4,49.99,26.76,199.96,107.04,92.92
SALE00832,2023-06-14,S001,Downtown,P005,T-Shirt,Clothing,10,19.99,10.94,199.9,109.4,90.5
SALE00833,2023-09-01,S004,Eastpark,P004,Tablet,Electronics,9,449.99,200.08,4049.91,1800.72,2249.19
SALE00834,2023-03-19,S005,Southmall,P003,Smartwatch,Electronics,1,199.99,91.0,199.99,91.0,108.99
SALE00835,2023-08-19,S001,Downtown,P001,Laptop,Electronics,2,899.99,475.09,1799.98,950.18,849.8
SALE00836,2023-06-25,S003,Northgate,P008,Sneakers,Clothing,2,69.99,29.21,139.98,58.42,81.56
SALE00837,2023-09-16,S003,Northgate,P004,Tablet,Electronics,3,449.99,200.08,1349.97,600.24,749.73
SALE00838,2023-01-21,S004,Eastpark,P012,Lamp,Home,4,34.99,17.53,139.96,70.12,69.84
SALE00839,2023-12-29,S003,Northgate,P007,Jacket,Clothing,8,89.99,52.05,719.92,416.4,303.52
SALE00840,2023-08-13,S004,Eastpark,P005,T-Shirt,Clothing,9,19.99,10.94,179.91,98.46,81.45
SALE00841,2023-09-25,S001,Downtown,P012,Lamp,Home,10,34.99,17.53,349.9,175.3,174.6
SALE00842,2023-03-23,S002,Westside,P008,Sneakers,Clothing,6,69.99,29.21,419.94,175.26,244.68
SALE00843,2023-07-10,S002,Westside,P009,Coffee Maker,Home,5,59.99,29.06,299.95,145.3,154.65
SALE00844,2023-07-18,S005,Southmall,P007,Jacket,Clothing,7,89.99,52.05,629.93,364.35,265.58
SALE00845,2023-06-23,S005,Southmall,P001,Laptop,Electronics,10,899.99,475.09,8999.9,4750.9,4249.0
SALE00846,2023-01-27,S005,Southmall,P005,T-Shirt,Clothing,6,19.99,10.94,119.94,65.64,54.3
SALE00847,2023-02-03,S004,Eastpark,P005,T-Shirt,Clothing,6,19.99,10.94,119.94,65.64,54.3
SALE00848,2023-02-18,S004,Eastpark,P013,Protein Bar,Food,9,2.99,1.21,26.91,10.89,16.02
SALE00849,2023-12-14,S003,Northgate,P009,Coffee Maker,Home,7,59.99,29.06,419.93,203.42,216.51
SALE00850,2023-05-26,S004,Eastpark,P005,T-Shirt,Clothing,5,19.99,10.94,99.95,54.7,45.25
SALE00851,2023-12-03,S003,Northgate,P006,Jeans,Clothing,10,49.99,26.76,499.9,267.6,232.3
SALE00852,2023-03-18,S002,Westside,P008,Sneakers,Clothing,6,69.99,29.21,419.94,175.26,244.68
SALE00853,2023-02-11,S001,Downtown,P004,Tablet,Electronics,10,449.99,200.08,4499.9,2000.8,2499.1
SALE00854,2023-12-06,S003,Northgate,P011,Vacuum,Home,3,129.99,57.68,389.97,173.04,216.93
SALE00855,2023-06-29,S005,Southmall,P013,Protein Bar,Food,5,2.99,1.21,14.95,6.05,8.9
SALE00856,2023-12-02,S003,Northgate,P002,Headphones,Electronics,7,79.99,32.4,559.93,226.8,333.13
SALE00857,2023-03-08,S003,Northgate,P014,Coffee Beans,Food,10,14.99,6.59,149.9,65.9,84.0
SALE00858,2023-12-29,S004,Eastpark,P008,Sneakers,Clothing,2,69.99,29.21,139.98,58.42,81.56
SALE00859,2023-06-08,S004,Eastpark,P005,T-Shirt,Clothing,9,19.99,10.94,179.91,98.46,81.45
SALE00860,2023-07-12,S005,Southmall,P014,Coffee Beans,Food,6,14.99,6.59,89.94,39.54,50.4
SALE00861,2023-03-07,S004,Eastpark,P008,Sneakers,Clothing,9,69.99,29.21,629.91,262.89,367.02
SALE00862,2023-02-17,S004,Eastpark,P006,Jeans,Clothing,7,49.99,26.76,349.93,187.32,162.61
SALE00863,2023-09-18,S005,Southmall,P010,Blender,Home,6,39.99,16.23,239.94,97.38,142.56
SALE00864,2023-01-10,S005,Southmall,P009,Coffee Maker,Home,6,59.99,29.06,359.94,174.36,185.58
SALE00865,2023-06-08,S002,Westside,P007,Jacket,Clothing,3,89.99,52.05,269.97,156.15,113.82
SALE00866,2023-04-20,S003,Northgate,P004,Tablet,Electronics,6,449.99,200.08,2699.94,1200.48,1499.46
SALE00867,2023-09-06,S003,Northgate,P016,Granola,Food,4,6.99,3.56,27.96,14.24,13.72
SALE00868,2023-04-26,S001,Downtown,P011,Vacuum,Home,3,129.99,57.68,389.97,173.04,216.93
SALE00869,2023-03-21,S002,Westside,P013,Protein Bar,Food,2,2.99,1.21,5.98,2.42,3.56
SALE00870,2023-06-01,S003,Northgate,P016,Granola,Food,2,6.99,3.56,13.98,7.12,6.86
SALE00871,2023-09-17,S005,Southmall,P004,Tablet,Electronics,9,449.99,200.08,4049.91,1800.72,2249.19
SALE00872,2023-09-27,S001,Downtown,P011,Vacuum,Home,1,129.99,57.68,129.99,57.68,72.31
SALE00873,2023-12-05,S005,Southmall,P003,Smartwatch,Electronics,6,199.99,91.0,1199.94,546.0,653.94
SALE00874,2023-11-13,S002,Westside,P001,Laptop,Electronics,3,899.99,475.09,2699.97,1425.27,1274.7
SALE00875,2023-11-02,S001,Downtown,P013,Protein Bar,Food,7,2.99,1.21,20.93,8.47,12.46
SALE00876,2023-03-20,S004,Eastpark,P005,T-Shirt,Clothing,3,19.99,10.94,59.97,32.82,27.15
SALE00877,2023-04-03,S001,Downtown,P004,Tablet,Electronics,10,449.99,200.08,4499.9,2000.8,2499.1
SALE00878,2023-03-26,S001,Downtown,P005,T-Shirt,Clothing,8,19.99,10.94,159.92,87.52,72.4
SALE00879,2023-01-23,S004,Eastpark,P010,Blender,Home,7,39.99,16.23,279.93,113.61,166.32
SALE00880,2023-07-06,S002,Westside,P008,Sneakers,Clothing,4,69.99,29.21,279.96,116.84,163.12
SALE00881,2023-08-16,S002,Westside,P010,Blender,Home,10,39.99,16.23,399.9,162.3,237.6
SALE00882,2023-05-26,S001,Downtown,P015,Olive Oil,Food,8,9.99,5.29,79.92,42.32,37.6
SALE00883,2023-04-30,S002,Westside,P001,Laptop,Electronics,9,899.99,475.09,8099.91,4275.81,3824.1
SALE00884,2023-05-03,S004,Eastpark,P013,Protein Bar,Food,5,2.99,1.21,14.95,6.05,8.9
SALE00885,2023-08-29,S005,Southmall,P008,Sneakers,Clothing,4,69.99,29.21,279.96,116.84,163.12
SALE00886,2023-07-08,S003,Northgate,P003,Smartwatch,Electronics,10,199.99,91.0,1999.9,910.0,1089.9
SALE00887,2023-08-14,S005,Southmall,P005,T-Shirt,Clothing,8,19.99,10.94,159.92,87.52,72.4
SALE00888,2023-05-25,S001,Downtown,P011,Vacuum,Home,7,129.99,57.68,909.93,403.76,506.17
SALE00889,2023-09-15,S002,Westside,P014,Coffee Beans,Food,9,14.99,6.59,134.91,59.31,75.6
SALE00890,2023-08-03,S005,Southmall,P006,Jeans,Clothing,3,49.99,26.76,149.97,80.28,69.69
SALE00891,2023-04-13,S004,Eastpark,P012,Lamp,Home,10,34.99,17.53,349.9,175.3,174.6
SALE00892,2023-03-12,S004,Eastpark,P005,T-Shirt,Clothing,5,19.99,10.94,99.95,54.7,45.25
SALE00893,2023-01-27,S004,Eastpark,P001,Laptop,Electronics,8,899.99,475.09,7199.92,3800.72,3399.2
SALE00894,2023-07-10,S001,Downtown,P015,Olive Oil,Food,9,9.99,5.29,89.91,47.61,42.3
SALE00895,2023-02-22,S004,Eastpark,P013,Protein Bar,Food,9,2.99,1.21,26.91,10.89,16.02
SALE00896,2023-03-05,S005,Southmall,P004,Tablet,Electronics,5,449.99,200.08,2249.95,1000.4,1249.55
SALE00897,2023-02-12,S004,Eastpark,P008,Sneakers,Clothing,3,69.99,29.21,209.97,87.63,122.34
SALE00898,2023-05-20,S005,Southmall,P014,Coffee Beans,Food,8,14.99,6.59,119.92,52.72,67.2
SALE00899,2023-09-20,S002,Westside,P016,Granola,Food,3,6.99,3.56,20.97,10.68,10.29
SALE00900,2023-08-12,S003,Northgate,P015,Olive Oil,Food,2,9.99,5.29,19.98,10.58,9.4
SALE00901,2023-04-24,S003,Northgate,P007,Jacket,Clothing,8,89.99,52.05,719.92,416.4,303.52
SALE00902,2023-06-28,S003,Northgate,P011,Vacuum,Home,1,129.99,57.68,129.99,57.68,72.31
SALE00903,2023-08-01,S003,Northgate,P009,Coffee Maker,Home,1,59.99,29.06,59.99,29.06,30.93
SALE00904,2023-07-22,S005,Southmall,P016,Granola,Food,9,6.99,3.56,62.91,32.04,30.87
SALE00905,2023-07-11,S005,Southmall,P014,Coffee Beans,Food,4,14.99,6.59,59.96,26.36,33.6
SALE00906,2023-07-17,S001,Downtown,P001,Laptop,Electronics,2,899.99,475.09,1799.98,950.18,849.8
SALE00907,2023-07-11,S002,Westside,P013,Protein Bar,Food,4,2.99,1.21,11.96,4.84,7.12
SALE00908,2023-01-15,S002,Westside,P010,Blender,Home,6,39.99,16.23,239.94,97.38,142.56
SALE00909,2023-02-20,S001,Downtown,P004,Tablet,Electronics,6,449.99,200.08,2699.94,1200.48,1499.46
SALE00910,2023-03-16,S001,Downtown,P007,Jacket,Clothing,3,89.99,52.05,269.97,156.15,113.82
SALE00911,2023-01-20,S005,Southmall,P016,Granola,Food,5,6.99,3.56,34.95,17.8,17.15
SALE00912,2023-08-30,S004,Eastpark,P007,Jacket,Clothing,3,89.99,52.05,269.97,156.15,113.82
SALE00913,2023-12-28,S001,Downtown,P007,Jacket,Clothing,8,89.99,52.05,719.92,416.4,303.52
SALE00914,2023-08-18,S001,Downtown,P002,Headphones,Electronics,10,79.99,32.4,799.9,324.0,475.9
SALE00915,2023-01-03,S002,Westside,P010,Blender,Home,2,39.99,16.23,79.98,32.46,47.52
SALE00916,2023-01-10,S005,Southmall,P003,Smartwatch,Electronics,5,199.99,91.0,999.95,455.0,544.95
SALE00917,2023-04-21,S001,Downtown,P012,Lamp,Home,3,34.99,17.53,104.97,52.59,52.38
SALE00918,2023-10-08,S003,Northgate,P001,Laptop,Electronics,10,899.99,475.09,8999.9,4750.9,4249.0
SALE00919,2023-09-28,S003,Northgate,P012,Lamp,Home,7,34.99,17.53,244.93,122.71,122.22
SALE00920,2023-02-26,S002,Westside,P011,Vacuum,Home,5,129.99,57.68,649.95,288.4,361.55
SALE00921,2023-05-02,S004,Eastpark,P013,Protein Bar,Food,5,2.99,1.21,14.95,6.05,8.9
SALE00922,2023-03-04,S003,Northgate,P016,Granola,Food,1,6.99,3.56,6.99,3.56,3.43
SALE00923,2023-05-03,S004,Eastpark,P006,Jeans,Clothing,7,49.99,26.76,349.93,187.32,162.61
SALE00924,2023-11-24,S005,Southmall,P005,T-Shirt,Clothing,10,19.99,10.94,199.9,109.4,90.5
SALE00925,2023-08-23,S004,Eastpark,P003,Smartwatch,Electronics,2,199.99,91.0,399.98,182.0,217.98
SALE00926,2023-02-26,S001,Downtown,P003,Smartwatch,Electronics,8,199.99,91.0,1599.92,728.0,871.92
SALE00927,2023-11-02,S005,Southmall,P010,Blender,Home,9,39.99,16.23,359.91,146.07,213.84
SALE00928,2023-01-09,S001,Downtown,P010,Blender,Home,9,39.99,16.23,359.91,146.07,213.84
SALE00929,2023-10-22,S003,Northgate,P016,Granola,Food,4,6.99,3.56,27.96,14.24,13.72
SALE00930,2023-03-15,S003,Northgate,P014,Coffee Beans,Food,5,14.99,6.59,74.95,32.95,42.0
SALE00931,2023-08-08,S004,Eastpark,P007,Jacket,Clothing,1,89.99,52.05,89.99,52.05,37.94
SALE00932,2023-11-11,S003,Northgate,P010,Blender,Home,6,39.99,16.23,239.94,97.38,142.56
SALE00933,2023-05-04,S004,Eastpark,P015,Olive Oil,Food,10,9.99,5.29,99.9,52.9,47.0
SALE00934,2023-08-02,S004,Eastpark,P009,Coffee Maker,Home,3,59.99,29.06,179.97,87.18,92.79
SALE00935,2023-12-07,S004,Eastpark,P009,Coffee Maker,Home,2,59.99,29.06,119.98,58.12,61.86
SALE00936,2023-09-26,S005,Southmall,P016,Granola,Food,6,6.99,3.56,41.94,21.36,20.58
SALE00937,2023-02-04,S005,Southmall,P014,Coffee Beans,Food,9,14.99,6.59,134.91,59.31,75.6
SALE00938,2023-10-06,S002,Westside,P007,Jacket,Clothing,9,89.99,52.05,809.91,468.45,341.46
SALE00939,2023-09-17,S001,Downtown,P009,Coffee Maker,Home,9,59.99,29.06,539.91,261.54,278.37
SALE00940,2023-01-11,S004,Eastpark,P013,Protein Bar,Food,7,2.99,1.21,20.93,8.47,12.46
SALE00941,2023-08-29,S002,Westside,P002,Headphones,Electronics,1,79.99,32.4,79.99,32.4,47.59
SALE00942,2023-11-22,S002,Westside,P002,Headphones,Electronics,7,79.99,32.4,559.93,226.8,333.13
SALE00943,2023-07-11,S003,Northgate,P002,Headphones,Electronics,5,79.99,32.4,399.95,162.0,237.95
SALE00944,2023-01-09,S004,Eastpark,P001,Laptop,Electronics,6,899.99,475.09,5399.94,2850.54,2549.4
SALE00945,2023-02-04,S003,Northgate,P015,Olive Oil,Food,6,9.99,5.29,59.94,31.74,28.2
SALE00946,2023-05-04,S002,Westside,P015,Olive Oil,Food,2,9.99,5.29,19.98,10.58,9.4
SALE00947,2023-10-25,S004,Eastpark,P009,Coffee Maker,Home,6,59.99,29.06,359.94,174.36,185.58
SALE00948,2023-03-10,S001,Downtown,P005,T-Shirt,Clothing,1,19.99,10.94,19.99,10.94,9.05
SALE00949,2023-06-30,S002,Westside,P010,Blender,Home,9,39.99,16.23,359.91,146.07,213.84
SALE00950,2023-06-23,S002,Westside,P005,T-Shirt,Clothing,3,19.99,10.94,59.97,32.82,27.15
SALE00951,2023-12-17,S003,Northgate,P004,Tablet,Electronics,8,449.99,200.08,3599.92,1600.64,1999.28
SALE00952,2023-12-23,S003,Northgate,P007,Jacket,Clothing,8,89.99,52.05,719.92,416.4,303.52
SALE00953,2023-11-20,S004,Eastpark,P016,Granola,Food,3,6.99,3.56,20.97,10.68,10.29
SALE00954,2023-03-11,S002,Westside,P008,Sneakers,Clothing,2,69.99,29.21,139.98,58.42,81.56
SALE00955,2023-08-23,S003,Northgate,P016,Granola,Food,1,6.99,3.56,6.99,3.56,3.43
SALE00956,2023-05-31,S005,Southmall,P002,Headphones,Electronics,4,79.99,32.4,319.96,129.6,190.36
SALE00957,2023-01-23,S002,Westside,P013,Protein Bar,Food,4,2.99,1.21,11.96,4.84,7.12
SALE00958,2023-01-22,S005,Southmall,P001,Laptop,Electronics,6,899.99,475.09,5399.94,2850.54,2549.4
SALE00959,2023-06-08,S004,Eastpark,P011,Vacuum,Home,9,129.99,57.68,1169.91,519.12,650.79
SALE00960,2023-07-23,S001,Downtown,P009,Coffee Maker,Home,9,59.99,29.06,539.91,261.54,278.37
SALE00961,2023-08-31,S004,Eastpark,P006,Jeans,Clothing,5,49.99,26.76,249.95,133.8,116.15
SALE00962,2023-01-19,S001,Downtown,P010,Blender,Home,4,39.99,16.23,159.96,64.92,95.04
SALE00963,2023-05-27,S003,Northgate,P008,Sneakers,Clothing,6,69.99,29.21,419.94,175.26,244.68
SALE00964,2023-01-25,S001,Downtown,P003,Smartwatch,Electronics,6,199.99,91.0,1199.94,546.0,653.94
SALE00965,2023-05-20,S005,Southmall,P011,Vacuum,Home,2,129.99,57.68,259.98,115.36,144.62
SALE00966,2023-07-08,S002,Westside,P015,Olive Oil,Food,7,9.99,5.29,69.93,37.03,32.9
SALE00967,2023-07-24,S003,Northgate,P012,Lamp,Home,8,34.99,17.53,279.92,140.24,139.68
SALE00968,2023-07-17,S001,Downtown,P010,Blender,Home,6,39.99,16.23,239.94,97.38,142.56
SALE00969,2023-04-06,S001,Downtown,P010,Blender,Home,8,39.99,16.23,319.92,129.84,190.08
SALE00970,2023-12-21,S004,Eastpark,P013,Protein Bar,Food,8,2.99,1.21,23.92,9.68,14.24
SALE00971,2023-07-08,S004,Eastpark,P011,Vacuum,Home,9,129.99,57.68,1169.91,519.12,650.79
SALE00972,2023-05-17,S005,Southmall,P009,Coffee Maker,Home,2,59.99,29.06,119.98,58.12,61.86
SALE00973,2023-08-06,S003,Northgate,P005,T-Shirt,Clothing,2,19.99,10.94,39.98,21.88,18.1
SALE00974,2023-08-09,S002,Westside,P007,Jacket,Clothing,10,89.99,52.05,899.9,520.5,379.4
SALE00975,2023-04-03,S002,Westside,P007,Jacket,Clothing,9,89.99,52.05,809.91,468.45,341.46
SALE00976,2023-05-31,S004,Eastpark,P011,Vacuum,Home,6,129.99,57.68,779.94,346.08,433.86
SALE00977,2023-02-22,S005,Southmall,P003,Smartwatch,Electronics,2,199.99,91.0,399.98,182.0,217.98
SALE00978,2023-06-17,S004,Eastpark,P010,Blender,Home,5,39.99,16.23,199.95,81.15,118.8
SALE00979,2023-06-06,S004,Eastpark,P009,Coffee Maker,Home,8,59.99,29.06,479.92,232.48,247.44
SALE00980,2023-11-05,S003,Northgate,P008,Sneakers,Clothing,7,69.99,29.21,489.93,204.47,285.46
SALE00981,2023-03-27,S004,Eastpark,P006,Jeans,Clothing,8,49.99,26.76,399.92,214.08,185.84
SALE00982,2023-06-29,S003,Northgate,P007,Jacket,Clothing,8,89.99,52.05,719.92,416.4,303.52
SALE00983,2023-01-22,S002,Westside,P015,Olive Oil,Food,6,9.99,5.29,59.94,31.74,28.2
SALE00984,2023-11-11,S003,Northgate,P010,Blender,Home,7,39.99,16.23,279.93,113.61,166.32
SALE00985,2023-05-21,S001,Downtown,P003,Smartwatch,Electronics,1,199.99,91.0,199.99,91.0,108.99
SALE00986,2023-02-08,S003,Northgate,P006,Jeans,Clothing,7,49.99,26.76,349.93,187.32,162.61
SALE00987,2023-07-06,S001,Downtown,P001,Laptop,Electronics,9,899.99,475.09,8099.91,4275.81,3824.1
SALE00988,2023-12-14,S001,Downtown,P007,Jacket,Clothing,3,89.99,52.05,269.97,156.15,113.82
SALE00989,2023-01-16,S003,Northgate,P003,Smartwatch,Electronics,3,199.99,91.0,599.97,273.0,326.97
SALE00990,2023-11-08,S001,Downtown,P007,Jacket,Clothing,8,89.99,52.05,719.92,416.4,303.52
SALE00991,2023-01-18,S004,Eastpark,P010,Blender,Home,3,39.99,16.23,119.97,48.69,71.28
SALE00992,2023-02-04,S003,Northgate,P011,Vacuum,Home,4,129.99,57.68,519.96,230.72,289.24
SALE00993,2023-11-27,S004,Eastpark,P005,T-Shirt,Clothing,6,19.99,10.94,119.94,65.64,54.3
SALE00994,2023-07-05,S004,Eastpark,P010,Blender,Home,7,39.99,16.23,279.93,113.61,166.32
SALE00995,2023-10-18,S005,Southmall,P002,Headphones,Electronics,1,79.99,32.4,79.99,32.4,47.59
SALE00996,2023-11-06,S004,Eastpark,P003,Smartwatch,Electronics,3,199.99,91.0,599.97,273.0,326.97
SALE00997,2023-12-14,S004,Eastpark,P006,Jeans,Clothing,8,49.99,26.76,399.92,214.08,185.84
SALE00998,2023-07-09,S003,Northgate,P002,Headphones,Electronics,6,79.99,32.4,479.94,194.4,285.54
SALE00999,2023-08-16,S002,Westside,P007,Jacket,Clothing,2,89.99,52.05,179.98,104.1,75.88
SALE01000,2023-10-21,S002,Westside,P013,Protein Bar,Food,3,2.99,1.21,8.97,3.63,5.34
SALE01001,2023-09-29,S001,Downtown,P013,Protein Bar,Food,6,2.99,1.21,17.94,7.26,10.68
SALE01002,2023-07-23,S003,Northgate,P001,Laptop,Electronics,6,899.99,475.09,5399.94,2850.54,2549.4
SALE01003,2023-11-29,S002,Westside,P014,Coffee Beans,Food,5,14.99,6.59,74.95,32.95,42.0
SALE01004,2023-05-08,S005,Southmall,P011,Vacuum,Home,2,129.99,57.68,259.98,115.36,144.62
SALE01005,2023-01-14,S001,Downtown,P008,Sneakers,Clothing,3,69.99,29.21,209.97,87.63,122.34
SALE01006,2023-09-13,S002,Westside,P001,Laptop,Electronics,9,899.99,475.09,8099.91,4275.81,3824.1
SALE01007,2023-07-18,S001,Downtown,P015,Olive Oil,Food,9,9.99,5.29,89.91,47.61,42.3
SALE01008,2023-03-02,S003,Northgate,P007,Jacket,Clothing,5,89.99,52.05,449.95,260.25,189.7
SALE01009,2023-05-14,S005,Southmall,P005,T-Shirt,Clothing,8,19.99,10.94,159.92,87.52,72.4
SALE01010,2023-04-20,S005,Southmall,P004,Tablet,Electronics,10,449.99,200.08,4499.9,2000.8,2499.1
SALE01011,2023-05-27,S001,Downtown,P013,Protein Bar,Food,8,2.99,1.21,23.92,9.68,14.24
SALE01012,2023-04-13,S003,Northgate,P011,Vacuum,Home,2,129.99,57.68,259.98,115.36,144.62
SALE01013,2023-03-11,S005,Southmall,P012,Lamp,Home,2,34.99,17.53,69.98,35.06,34.92
SALE01014,2023-08-20,S005,Southmall,P010,Blender,Home,3,39.99,16.23,119.97,48.69,71.28
SALE01015,2023-08-16,S002,Westside,P004,Tablet,Electronics,2,449.99,200.08,899.98,400.16,499.82
SALE01016,2023-12-16,S001,Downtown,P012,Lamp,Home,6,34.99,17.53,209.94,105.18,104.76
SALE01017,2023-12-08,S004,Eastpark,P013,Protein Bar,Food,6,2.99,1.21,17.94,7.26,10.68
SALE01018,2023-12-30,S002,Westside,P014,Coffee Beans,Food,2,14.99,6.59,29.98,13.18,16.8
SALE01019,2023-10-09,S001,Downtown,P012,Lamp,Home,9,34.99,17.53,314.91,157.77,157.14
SALE01020,2023-05-29,S002,Westside,P003,Smartwatch,Electronics,5,199.99,91.0,999.95,455.0,544.95
SALE01021,2023-03-22,S004,Eastpark,P013,Protein Bar,Food,3,2.99,1.21,8.97,3.63,5.34
SALE01022,2023-07-05,S002,Westside,P011,Vacuum,Home,9,129.99,57.68,1169.91,519.12,650.79
SALE01023,2023-04-25,S002,Westside,P007,Jacket,Clothing,2,89.99,52.05,179.98,104.1,75.88
SALE01024,2023-04-13,S005,Southmall,P004,Tablet,Electronics,3,449.99,200.08,1349.97,600.24,749.73
SALE01025,2023-05-02,S004,Eastpark,P016,Granola,Food,8,6.99,3.56,55.92,28.48,27.44
SALE01026,2023-01-14,S005,Southmall,P013,Protein Bar,Food,6,2.99,1.21,17.94,7.26,10.68
SALE01027,2023-10-11,S004,Eastpark,P005,T-Shirt,Clothing,10,19.99,10.94,199.9,109.4,90.5
SALE01028,2023-07-08,S005,Southmall,P014,Coffee Beans,Food,8,14.99,6.59,119.92,52.72,67.2
SALE01029,2023-10-10,S002,Westside,P001,Laptop,Electronics,3,899.99,475.09,2699.97,1425.27,1274.7
SALE01030,2023-11-10,S003,Northgate,P001,Laptop,Electronics,2,899.99,475.09,1799.98,950.18,849.8
SALE01031,2023-02-03,S005,Southmall,P009,Coffee Maker,Home,5,59.99,29.06,299.95,145.3,154.65
SALE01032,2023-07-23,S003,Northgate,P016,Granola,Food,8,6.99,3.56,55.92,28.48,27.44
SALE01033,2023-09-27,S004,Eastpark,P014,Coffee Beans,Food,7,14.99,6.59,104.93,46.13,58.8
SALE01034,2023-07-29,S002,Westside,P013,Protein Bar,Food,10,2.99,1.21,29.9,12.1,17.8
SALE01035,2023-02-07,S003,Northgate,P012,Lamp,Home,3,34.99,17.53,104.97,52.59,52.38
SALE01036,2023-06-12,S001,Downtown,P005,T-Shirt,Clothing,2,19.99,10.94,39.98,21.88,18.1
SALE01037,2023-08-19,S005,Southmall,P006,Jeans,Clothing,8,49.99,26.76,399.92,214.08,185.84
SALE01038,2023-12-15,S002,Westside,P016,Granola,Food,9,6.99,3.56,62.91,32.04,30.87
SALE01039,2023-06-26,S003,Northgate,P007,Jacket,Clothing,3,89.99,52.05,269.97,156.15,113.82
SALE01040,2023-10-10,S004,Eastpark,P011,Vacuum,Home,10,129.99,57.68,1299.9,576.8,723.1
SALE01041,2023-04-04,S005,Southmall,P013,Protein Bar,Food,3,2.99,1.21,8.97,3.63,5.34
SALE01042,2023-08-10,S002,Westside,P004,Tablet,Electronics,9,449.99,200.08,4049.91,1800.72,2249.19
SALE01043,2023-01-29,S001,Downtown,P015,Olive Oil,Food,2,9.99,5.29,19.98,10.58,9.4
SALE01044,2023-09-23,S001,Downtown,P011,Vacuum,Home,3,129.99,57.68,389.97,173.04,216.93
SALE01045,2023-06-05,S002,Westside,P001,Laptop,Electronics,3,899.99,475.09,2699.97,1425.27,1274.7
SALE01046,2023-03-24,S004,Eastpark,P016,Granola,Food,6,6.99,3.56,41.94,21.36,20.58
SALE01047,2023-12-30,S004,Eastpark,P011,Vacuum,Home,4,129.99,57.68,519.96,230.72,289.24
SALE01048,2023-06-27,S002,Westside,P013,Protein Bar,Food,9,2.99,1.21,26.91,10.89,16.02
SALE01049,2023-05-26,S003,Northgate,P010,Blender,Home,2,39.99,16.23,79.98,32.46,47.52
SALE01050,2023-05-09,S002,Westside,P011,Vacuum,Home,4,129.99,57.68,519.96,230.72,289.24
SALE01051,2023-11-22,S004,Eastpark,P009,Coffee Maker,Home,9,59.99,29.06,539.91,261.54,278.37
SALE01052,2023-05-21,S001,Downtown,P002,Headphones,Electronics,3,79.99,32.4,239.97,97.2,142.77
SALE01053,2023-11-17,S001,Downtown,P002,Headphones,Electronics,5,79.99,32.4,399.95,162.0,237.95
SALE01054,2023-11-11,S005,Southmall,P005,T-Shirt,Clothing,9,19.99,10.94,179.91,98.46,81.45
SALE01055,2023-02-17,S003,Northgate,P010,Blender,Home,9,39.99,16.23,359.91,146.07,213.84
SALE01056,2023-11-25,S004,Eastpark,P014,Coffee Beans,Food,3,14.99,6.59,44.97,19.77,25.2
SALE01057,2023-10-31,S003,Northgate,P014,Coffee Beans,Food,10,14.99,6.59,149.9,65.9,84.0
SALE01058,2023-03-20,S004,Eastpark,P007,Jacket,Clothing,3,89.99,52.05,269.97,156.15,113.82
SALE01059,2023-12-04,S002,Westside,P011,Vacuum,Home,10,129.99,57.68,1299.9,576.8,723.1
SALE01060,2023-11-06,S004,Eastpark,P014,Coffee Beans,Food,6,14.99,6.59,89.94,39.54,50.4
SALE01061,2023-10-16,S001,Downtown,P011,Vacuum,Home,1,129.99,57.68,129.99,57.68,72.31
SALE01062,2023-01-15,S004,Eastpark,P001,Laptop,Electronics,2,899.99,475.09,1799.98,950.18,849.8
SALE01063,2023-01-24,S005,Southmall,P006,Jeans,Clothing,10,49.99,26.76,499.9,267.6,232.3
SALE01064,2023-05-16,S004,Eastpark,P002,Headphones,Electronics,4,79.99,32.4,319.96,129.6,190.36
SALE01065,2023-10-20,S001,Downtown,P005,T-Shirt,Clothing,7,19.99,10.94,139.93,76.58,63.35
SALE01066,2023-11-13,S003,Northgate,P015,Olive Oil,Food,1,9.99,5.29,9.99,5.29,4.7
SALE01067,2023-09-12,S001,Downtown,P016,Granola,Food,9,6.99,3.56,62.91,32.04,30.87
SALE01068,2023-05-29,S005,Southmall,P002,Headphones,Electronics,5,79.99,32.4,399.95,162.0,237.95
SALE01069,2023-09-05,S001,Downtown,P001,Laptop,Electronics,4,899.99,475.09,3599.96,1900.36,1699.6
SALE01070,2023-12-17,S002,Westside,P010,Blender,Home,7,39.99,16.23,279.93,113.61,166.32
SALE01071,2023-06-02,S003,Northgate,P010,Blender,Home,8,39.99,16.23,319.92,129.84,190.08
SALE01072,2023-02-07,S002,Westside,P010,Blender,Home,1,39.99,16.23,39.99,16.23,23.76
SALE01073,2023-03-22,S001,Downtown,P002,Headphones,Electronics,8,79.99,32.4,639.92,259.2,380.72
SALE01074,2023-08-01,S005,Southmall,P001,Laptop,Electronics,8,899.99,475.09,7199.92,3800.72,3399.2
SALE01075,2023-08-26,S003,Northgate,P002,Headphones,Electronics,4,79.99,32.4,319.96,129.6,190.36
SALE01076,2023-06-24,S002,Westside,P004,Tablet,Electronics,10,449.99,200.08,4499.9,2000.8,2499.1
SALE01077,2023-03-15,S002,Westside,P002,Headphones,Electronics,6,79.99,32.4,479.94,194.4,285.54
SALE01078,2023-06-13,S004,Eastpark,P007,Jacket,Clothing,6,89.99,52.05,539.94,312.3,227.64
SALE01079,2023-07-24,S001,Downtown,P007,Jacket,Clothing,3,89.99,52.05,269.97,156.15,113.82
SALE01080,2023-07-09,S003,Northgate,P013,Protein Bar,Food,9,2.99,1.21,26.91,10.89,16.02
SALE01081,2023-10-15,S005,Southmall,P007,Jacket,Clothing,2,89.99,52.05,179.98,104.1,75.88
SALE01082,2023-06-13,S002,Westside,P010,Blender,Home,4,39.99,16.23,159.96,64.92,95.04
SALE01083,2023-08-27,S003,Northgate,P015,Olive Oil,Food,2,9.99,5.29,19.98,10.58,9.4
SALE01084,2023-05-17,S004,Eastpark,P010,Blender,Home,8,39.99,16.23,319.92,129.84,190.08
SALE01085,2023-05-07,S003,Northgate,P011,Vacuum,Home,3,129.99,57.68,389.97,173.04,216.93
SALE01086,2023-02-19,S001,Downtown,P009,Coffee Maker,Home,1,59.99,29.06,59.99,29.06,30.93
SALE01087,2023-05-29,S001,Downtown,P016,Granola,Food,7,6.99,3.56,48.93,24.92,24.01
SALE01088,2023-11-12,S001,Downtown,P010,Blender,Home,7,39.99,16.23,279.93,113.61,166.32
SALE01089,2023-05-08,S002,Westside,P013,Protein Bar,Food,3,2.99,1.21,8.97,3.63,5.34
SALE01090,2023-06-17,S001,Downtown,P001,Laptop,Electronics,10,899.99,475.09,8999.9,4750.9,4249.0
SALE01091,2023-06-10,S005,Southmall,P015,Olive Oil,Food,4,9.99,5.29,39.96,21.16,18.8
SALE01092,2023-03-23,S005,Southmall,P016,Granola,Food,8,6.99,3.56,55.92,28.48,27.44
SALE01093,2023-09-21,S002,Westside,P001,Laptop,Electronics,8,899.99,475.09,7199.92,3800.72,3399.2
SALE01094,2023-09-13,S002,Westside,P012,Lamp,Home,5,34.99,17.53,174.95,87.65,87.3
SALE01095,2023-09-12,S004,Eastpark,P001,Laptop,Electronics,1,899.99,475.09,899.99,475.09,424.9
SALE01096,2023-02-16,S003,Northgate,P008,Sneakers,Clothing,7,69.99,29.21,489.93,204.47,285.46
SALE01097,2023-09-16,S002,Westside,P009,Coffee Maker,Home,8,59.99,29.06,479.92,232.48,247.44
SALE01098,2023-05-04,S005,Southmall,P006,Jeans,Clothing,4,49.99,26.76,199.96,107.04,92.92
SALE01099,2023-10-26,S005,Southmall,P013,Protein Bar,Food,6,2.99,1.21,17.94,7.26,10.68
SALE01100,2023-01-25,S003,Northgate,P012,Lamp,Home,1,34.99,17.53,34.99,17.53,17.46
SALE01101,2023-05-25,S003,Northgate,P012,Lamp,Home,8,34.99,17.53,279.92,140.24,139.68
SALE01102,2023-11-02,S001,Downtown,P016,Granola,Food,8,6.99,3.56,55.92,28.48,27.44
SALE01103,2023-05-27,S004,Eastpark,P014,Coffee Beans,Food,9,14.99,6.59,134.91,59.31,75.6
SALE01104,2023-01-05,S004,Eastpark,P012,Lamp,Home,2,34.99,17.53,69.98,35.06,34.92
SALE01105,2023-08-09,S003,Northgate,P008,Sneakers,Clothing,3,69.99,29.21,209.97,87.63,122.34
SALE01106,2023-05-16,S005,Southmall,P009,Coffee Maker,Home,6,59.99,29.06,359.94,174.36,185.58
SALE01107,2023-07-26,S003,Northgate,P008,Sneakers,Clothing,6,69.99,29.21,419.94,175.26,244.68
SALE01108,2023-01-24,S005,Southmall,P014,Coffee Beans,Food,7,14.99,6.59,104.93,46.13,58.8
SALE01109,2023-01-27,S003,Northgate,P012,Lamp,Home,10,34.99,17.53,349.9,175.3,174.6
SALE01110,2023-10-15,S003,Northgate,P001,Laptop,Electronics,4,899.99,475.09,3599.96,1900.36,1699.6
SALE01111,2023-07-05,S005,Southmall,P001,Laptop,Electronics,9,899.99,475.09,8099.91,4275.81,3824.1
SALE01112,2023-05-28,S004,Eastpark,P012,Lamp,Home,2,34.99,17.53,69.98,35.06,34.92
SALE01113,2023-07-17,S003,Northgate,P009,Coffee Maker,Home,9,59.99,29.06,539.91,261.54,278.37
SALE01114,2023-08-19,S001,Downtown,P004,Tablet,Electronics,9,449.99,200.08,4049.91,1800.72,2249.19
SALE01115,2023-05-24,S004,Eastpark,P009,Coffee Maker,Home,10,59.99,29.06,599.9,290.6,309.3
SALE01116,2023-12-15,S001,Downtown,P008,Sneakers,Clothing,10,69.99,29.21,699.9,292.1,407.8
SALE01117,2023-03-02,S003,Northgate,P006,Jeans,Clothing,3,49.99,26.76,149.97,80.28,69.69
SALE01118,2023-02-19,S001,Downtown,P014,Coffee Beans,Food,7,14.99,6.59,104.93,46.13,58.8
SALE01119,2023-07-11,S004,Eastpark,P010,Blender,Home,6,39.99,16.23,239.94,97.38,142.56
SALE01120,2023-10-13,S003,Northgate,P003,Smartwatch,Electronics,6,199.99,91.0,1199.94,546.0,653.94
SALE01121,2023-03-15,S002,Westside,P003,Smartwatch,Electronics,4,199.99,91.0,799.96,364.0,435.96
SALE01122,2023-11-05,S004,Eastpark,P014,Coffee Beans,Food,9,14.99,6.59,134.91,59.31,75.6
SALE01123,2023-07-25,S005,Southmall,P006,Jeans,Clothing,9,49.99,26.76,449.91,240.84,209.07
SALE01124,2023-01-21,S004,Eastpark,P008,Sneakers,Clothing,1,69.99,29.21,69.99,29.21,40.78
SALE01125,2023-01-20,S005,Southmall,P003,Smartwatch,Electronics,3,199.99,91.0,599.97,273.0,326.97
SALE01126,2023-06-20,S005,Southmall,P004,Tablet,Electronics,8,449.99,200.08,3599.92,1600.64,1999.28
SALE01127,2023-09-23,S004,Eastpark,P001,Laptop,Electronics,8,899.99,475.09,7199.92,3800.72,3399.2
SALE01128,2023-03-18,S005,Southmall,P012,Lamp,Home,10,34.99,17.53,349.9,175.3,174.6
SALE01129,2023-09-21,S001,Downtown,P015,Olive Oil,Food,3,9.99,5.29,29.97,15.87,14.1
SALE01130,2023-06-17,S004,Eastpark,P004,Tablet,Electronics,10,449.99,200.08,4499.9,2000.8,2499.1
SALE01131,2023-06-13,S001,Downtown,P013,Protein Bar,Food,3,2.99,1.21,8.97,3.63,5.34
SALE01132,2023-07-21,S005,Southmall,P016,Granola,Food,10,6.99,3.56,69.9,35.6,34.3
SALE01133,2023-06-03,S001,Downtown,P014,Coffee Beans,Food,10,14.99,6.59,149.9,65.9,84.0
SALE01134,2023-06-22,S003,Northgate,P012,Lamp,Home,9,34.99,17.53,314.91,157.77,157.14
SALE01135,2023-09-18,S003,Northgate,P006,Jeans,Clothing,9,49.99,26.76,449.91,240.84,209.07
SALE01136,2023-09-08,S005,Southmall,P010,Blender,Home,10,39.99,16.23,399.9,162.3,237.6
SALE01137,2023-06-03,S001,Downtown,P015,Olive Oil,Food,8,9.99,5.29,79.92,42.32,37.6
SALE01138,2023-01-09,S002,Westside,P016,Granola,Food,6,6.99,3.56,41.94,21.36,20.58
SALE01139,2023-06-19,S004,Eastpark,P002,Headphones,Electronics,2,79.99,32.4,159.98,64.8,95.18
SALE01140,2023-08-02,S002,Westside,P012,Lamp,Home,10,34.99,17.53,349.9,175.3,174.6
SALE01141,2023-06-07,S005,Southmall,P007,Jacket,Clothing,1,89.99,52.05,89.99,52.05,37.94
SALE01142,2023-11-02,S002,Westside,P012,Lamp,Home,8,34.99,17.53,279.92,140.24,139.68
SALE01143,2023-05-16,S003,Northgate,P001,Laptop,Electronics,10,899.99,475.09,8999.9,4750.9,4249.0
SALE01144,2023-10-23,S003,Northgate,P006,Jeans,Clothing,4,49.99,26.76,199.96,107.04,92.92
SALE01145,2023-01-27,S001,Downtown,P016,Granola,Food,10,6.99,3.56,69.9,35.6,34.3
SALE01146,2023-09-03,S003,Northgate,P006,Jeans,Clothing,3,49.99,26.76,149.97,80.28,69.69
SALE01147,2023-09-26,S005,Southmall,P013,Protein Bar,Food,10,2.99,1.21,29.9,12.1,17.8
SALE01148,2023-07-14,S002,Westside,P009,Coffee Maker,Home,3,59.99,29.06,179.97,87.18,92.79
SALE01149,2023-12-15,S001,Downtown,P003,Smartwatch,Electronics,4,199.99,91.0,799.96,364.0,435.96
SALE01150,2023-01-17,S004,Eastpark,P007,Jacket,Clothing,10,89.99,52.05,899.9,520.5,379.4
SALE01151,2023-12-25,S003,Northgate,P012,Lamp,Home,2,34.99,17.53,69.98,35.06,34.92
SALE01152,2023-04-08,S003,Northgate,P007,Jacket,Clothing,1,89.99,52.05,89.99,52.05,37.94
SALE01153,2023-08-14,S004,Eastpark,P015,Olive Oil,Food,6,9.99,5.29,59.94,31.74,28.2
SALE01154,2023-08-03,S002,Westside,P015,Olive Oil,Food,3,9.99,5.29,29.97,15.87,14.1
SALE01155,2023-07-31,S003,Northgate,P008,Sneakers,Clothing,4,69.99,29.21,279.96,116.84,163.12
SALE01156,2023-07-30,S005,Southmall,P001,Laptop,Electronics,9,899.99,475.09,8099.91,4275.81,3824.1
SALE01157,2023-11-10,S001,Downtown,P001,Laptop,Electronics,8,899.99,475.09,7199.92,3800.72,3399.2
SALE01158,2023-02-01,S004,Eastpark,P005,T-Shirt,Clothing,3,19.99,10.94,59.97,32.82,27.15
SALE01159,2023-09-23,S002,Westside,P008,Sneakers,Clothing,4,69.99,29.21,279.96,116.84,163.12
SALE01160,2023-10-15,S002,Westside,P006,Jeans,Clothing,6,49.99,26.76,299.94,160.56,139.38
SALE01161,2023-12-06,S004,Eastpark,P001,Laptop,Electronics,8,899.99,475.09,7199.92,3800.72,3399.2
SALE01162,2023-09-27,S001,Downtown,P010,Blender,Home,7,39.99,16.23,279.93,113.61,166.32
SALE01163,2023-06-10,S004,Eastpark,P003,Smartwatch,Electronics,3,199.99,91.0,599.97,273.0,326.97
SALE01164,2023-08-24,S005,Southmall,P016,Granola,Food,9,6.99,3.56,62.91,32.04,30.87
SALE01165,2023-06-25,S004,Eastpark,P008,Sneakers,Clothing,9,69.99,29.21,629.91,262.89,367.02
SALE01166,2023-07-01,S005,Southmall,P013,Protein Bar,Food,5,2.99,1.21,14.95,6.05,8.9
SALE01167,2023-11-09,S005,Southmall,P015,Olive Oil,Food,8,9.99,5.29,79.92,42.32,37.6
SALE01168,2023-04-09,S003,Northgate,P010,Blender,Home,4,39.99,16.23,159.96,64.92,95.04
SALE01169,2023-05-23,S003,Northgate,P012,Lamp,Home,9,34.99,17.53,314.91,157.77,157.14
SALE01170,2023-06-02,S001,Downtown,P008,Sneakers,Clothing,4,69.99,29.21,279.96,116.84,163.12
SALE01171,2023-06-02,S002,Westside,P006,Jeans,Clothing,5,49.99,26.76,249.95,133.8,116.15
SALE01172,2023-12-27,S001,Downtown,P008,Sneakers,Clothing,4,69.99,29.21,279.96,116.84,163.12
SALE01173,2023-12-20,S004,Eastpark,P014,Coffee Beans,Food,8,14.99,6.59,119.92,52.72,67.2
SALE01174,2023-06-12,S003,Northgate,P001,Laptop,Electronics,8,899.99,475.09,7199.92,3800.72,3399.2
SALE01175,2023-06-28,S003,Northgate,P006,Jeans,Clothing,9,49.99,26.76,449.91,240.84,209.07
SALE01176,2023-05-21,S004,Eastpark,P004,Tablet,Electronics,5,449.99,200.08,2249.95,1000.4,1249.55
SALE01177,2023-03-04,S003,Northgate,P016,Granola,Food,10,6.99,3.56,69.9,35.6,34.3
SALE01178,2023-12-13,S003,Northgate,P011,Vacuum,Home,9,129.99,57.68,1169.91,519.12,650.79
SALE01179,2023-07-14,S002,Westside,P013,Protein Bar,Food,7,2.99,1.21,20.93,8.47,12.46
SALE01180,2023-06-26,S005,Southmall,P003,Smartwatch,Electronics,3,199.99,91.0,599.97,273.0,326.97
SALE01181,2023-05-29,S004,Eastpark,P005,T-Shirt,Clothing,1,19.99,10.94,19.99,10.94,9.05
SALE01182,2023-05-28,S004,Eastpark,P010,Blender,Home,2,39.99,16.23,79.98,32.46,47.52
SALE01183,2023-06-27,S003,Northgate,P006,Jeans,Clothing,8,49.99,26.76,399.92,214.08,185.84
SALE01184,2023-12-02,S003,Northgate,P013,Protein Bar,Food,5,2.99,1.21,14.95,6.05,8.9
SALE01185,2023-09-03,S005,Southmall,P004,Tablet,Electronics,4,449.99,200.08,1799.96,800.32,999.64
SALE01186,2023-04-14,S005,Southmall,P007,Jacket,Clothing,9,89.99,52.05,809.91,468.45,341.46
SALE01187,2023-05-19,S003,Northgate,P012,Lamp,Home,9,34.99,17.53,314.91,157.77,157.14
SALE01188,2023-12-23,S003,Northgate,P010,Blender,Home,5,39.99,16.23,199.95,81.15,118.8
SALE01189,2023-03-12,S005,Southmall,P006,Jeans,Clothing,2,49.99,26.76,99.98,53.52,46.46
SALE01190,2023-11-12,S005,Southmall,P005,T-Shirt,Clothing,10,19.99,10.94,199.9,109.4,90.5
SALE01191,2023-05-03,S002,Westside,P002,Headphones,Electronics,4,79.99,32.4,319.96,129.6,190.36
SALE01192,2023-01-26,S005,Southmall,P004,Tablet,Electronics,9,449.99,200.08,4049.91,1800.72,2249.19
SALE01193,2023-04-26,S005,Southmall,P005,T-Shirt,Clothing,4,19.99,10.94,79.96,43.76,36.2
SALE01194,2023-01-27,S004,Eastpark,P001,Laptop,Electronics,2,899.99,475.09,1799.98,950.18,849.8
SALE01195,2023-07-31,S003,Northgate,P002,Headphones,Electronics,6,79.99,32.4,479.94,194.4,285.54
SALE01196,2023-08-30,S003,Northgate,P009,Coffee Maker,Home,2,59.99,29.06,119.98,58.12,61.86
SALE01197,2023-12-15,S005,Southmall,P005,T-Shirt,Clothing,3,19.99,10.94,59.97,32.82,27.15
SALE01198,2023-01-03,S005,Southmall,P004,Tablet,Electronics,9,449.99,200.08,4049.91,1800.72,2249.19
SALE01199,2023-03-22,S003,Northgate,P006,Jeans,Clothing,7,49.99,26.76,349.93,187.32,162.61
SALE01200,2023-12-01,S002,Westside,P005,T-Shirt,Clothing,8,19.99,10.94,159.92,87.52,72.4
SALE01201,2023-09-02,S005,Southmall,P009,Coffee Maker,Home,4,59.99,29.06,239.96,116.24,123.72
SALE01202,2023-05-28,S002,Westside,P012,Lamp,Home,6,34.99,17.53,209.94,105.18,104.76
SALE01203,2023-05-27,S001,Downtown,P002,Headphones,Electronics,1,79.99,32.4,79.99,32.4,47.59
SALE01204,2023-02-15,S005,Southmall,P012,Lamp,Home,10,34.99,17.53,349.9,175.3,174.6
SALE01205,2023-04-29,S003,Northgate,P002,Headphones,Electronics,9,79.99,32.4,719.91,291.6,428.31
SALE01206,2023-01-20,S005,Southmall,P005,T-Shirt,Clothing,3,19.99,10.94,59.97,32.82,27.15
SALE01207,2023-08-02,S005,Southmall,P008,Sneakers,Clothing,3,69.99,29.21,209.97,87.63,122.34
SALE01208,2023-01-19,S005,Southmall,P001,Laptop,Electronics,7,899.99,475.09,6299.93,3325.63,2974.3
SALE01209,2023-09-11,S004,Eastpark,P001,Laptop,Electronics,3,899.99,475.09,2699.97,1425.27,1274.7
SALE01210,2023-05-29,S005,Southmall,P012,Lamp,Home,1,34.99,17.53,34.99,17.53,17.46
SALE01211,2023-01-05,S005,Southmall,P011,Vacuum,Home,5,129.99,57.68,649.95,288.4,361.55
SALE01212,2023-10-18,S003,Northgate,P011,Vacuum,Home,10,129.99,57.68,1299.9,576.8,723.1
SALE01213,2023-02-24,S001,Downtown,P014,Coffee Beans,Food,6,14.99,6.59,89.94,39.54,50.4
SALE01214,2023-05-26,S003,Northgate,P008,Sneakers,Clothing,8,69.99,29.21,559.92,233.68,326.24
SALE01215,2023-11-25,S005,Southmall,P015,Olive Oil,Food,9,9.99,5.29,89.91,47.61,42.3
SALE01216,2023-09-26,S002,Westside,P007,Jacket,Clothing,8,89.99,52.05,719.92,416.4,303.52
SALE01217,2023-03-10,S003,Northgate,P010,Blender,Home,9,39.99,16.23,359.91,146.07,213.84
SALE01218,2023-08-28,S004,Eastpark,P016,Granola,Food,5,6.99,3.56,34.95,17.8,17.15
SALE01219,2023-04-09,S004,Eastpark,P004,Tablet,Electronics,2,449.99,200.08,899.98,400.16,499.82
SALE01220,2023-06-19,S001,Downtown,P014,Coffee Beans,Food,3,14.99,6.59,44.97,19.77,25.2
SALE01221,2023-08-23,S002,Westside,P016,Granola,Food,5,6.99,3.56,34.95,17.8,17.15
SALE01222,2023-04-06,S005,Southmall,P009,Coffee Maker,Home,1,59.99,29.06,59.99,29.06,30.93
SALE01223,2023-06-22,S005,Southmall,P004,Tablet,Electronics,5,449.99,200.08,2249.95,1000.4,1249.55
SALE01224,2023-10-18,S005,Southmall,P010,Blender,Home,4,39.99,16.23,159.96,64.92,95.04
SALE01225,2023-03-31,S001,Downtown,P009,Coffee Maker,Home,10,59.99,29.06,599.9,290.6,309.3
SALE01226,2023-11-24,S002,Westside,P012,Lamp,Home,7,34.99,17.53,244.93,122.71,122.22
SALE01227,2023-08-07,S005,Southmall,P015,Olive Oil,Food,9,9.99,5.29,89.91,47.61,42.3
SALE01228,2023-06-17,S005,Southmall,P013,Protein Bar,Food,2,2.99,1.21,5.98,2.42,3.56
SALE01229,2023-07-25,S001,Downtown,P014,Coffee Beans,Food,2,14.99,6.59,29.98,13.18,16.8
SALE01230,2023-04-05,S003,Northgate,P013,Protein Bar,Food,3,2.99,1.21,8.97,3.63,5.34
SALE01231,2023-09-02,S001,Downtown,P013,Protein Bar,Food,6,2.99,1.21,17.94,7.26,10.68
SALE01232,2023-05-08,S003,Northgate,P015,Olive Oil,Food,1,9.99,5.29,9.99,5.29,4.7
SALE01233,2023-05-14,S001,Downtown,P008,Sneakers,Clothing,7,69.99,29.21,489.93,204.47,285.46
SALE01234,2023-05-01,S002,Westside,P013,Protein Bar,Food,8,2.99,1.21,23.92,9.68,14.24
SALE01235,2023-05-17,S005,Southmall,P003,Smartwatch,Electronics,6,199.99,91.0,1199.94,546.0,653.94
SALE01236,2023-06-04,S003,Northgate,P015,Olive Oil,Food,10,9.99,5.29,99.9,52.9,47.0
SALE01237,2023-10-21,S003,Northgate,P006,Jeans,Clothing,1,49.99,26.76,49.99,26.76,23.23
SALE01238,2023-05-14,S003,Northgate,P013,Protein Bar,Food,6,2.99,1.21,17.94,7.26,10.68
SALE01239,2023-12-21,S001,Downtown,P003,Smartwatch,Electronics,4,199.99,91.0,799.96,364.0,435.96
SALE01240,2023-02-01,S005,Southmall,P009,Coffee Maker,Home,2,59.99,29.06,119.98,58.12,61.86
SALE01241,2023-08-27,S005,Southmall,P013,Protein Bar,Food,5,2.99,1.21,14.95,6.05,8.9
SALE01242,2023-03-23,S002,Westside,P014,Coffee Beans,Food,7,14.99,6.59,104.93,46.13,58.8
SALE01243,2023-12-18,S002,Westside,P007,Jacket,Clothing,9,89.99,52.05,809.91,468.45,341.46
SALE01244,2023-12-27,S003,Northgate,P014,Coffee Beans,Food,5,14.99,6.59,74.95,32.95,42.0
SALE01245,2023-12-20,S003,Northgate,P015,Olive Oil,Food,2,9.99,5.29,19.98,10.58,9.4
SALE01246,2023-11-24,S001,Downtown,P012,Lamp,Home,5,34.99,17.53,174.95,87.65,87.3
SALE01247,2023-07-08,S001,Downtown,P014,Coffee Beans,Food,10,14.99,6.59,149.9,65.9,84.0
SALE01248,2023-04-24,S003,Northgate,P016,Granola,Food,4,6.99,3.56,27.96,14.24,13.72
SALE01249,2023-03-10,S001,Downtown,P012,Lamp,Home,8,34.99,17.53,279.92,140.24,139.68
SALE01250,2023-03-20,S005,Southmall,P001,Laptop,Electronics,8,899.99,475.09,7199.92,3800.72,3399.2
SALE01251,2023-11-07,S004,Eastpark,P002,Headphones,Electronics,6,79.99,32.4,479.94,194.4,285.54
SALE01252,2023-08-01,S004,Eastpark,P010,Blender,Home,9,39.99,16.23,359.91,146.07,213.84
SALE01253,2023-08-30,S001,Downtown,P003,Smartwatch,Electronics,9,199.99,91.0,1799.91,819.0,980.91
SALE01254,2023-12-07,S004,Eastpark,P002,Headphones,Electronics,4,79.99,32.4,319.96,129.6,190.36
SALE01255,2023-05-07,S005,Southmall,P015,Olive Oil,Food,10,9.99,5.29,99.9,52.9,47.0
SALE01256,2023-02-11,S005,Southmall,P007,Jacket,Clothing,9,89.99,52.05,809.91,468.45,341.46
SALE01257,2023-08-17,S002,Westside,P006,Jeans,Clothing,9,49.99,26.76,449.91,240.84,209.07
SALE01258,2023-12-27,S005,Southmall,P008,Sneakers,Clothing,6,69.99,29.21,419.94,175.26,244.68
SALE01259,2023-02-09,S002,Westside,P004,Tablet,Electronics,10,449.99,200.08,4499.9,2000.8,2499.1
SALE01260,2023-02-27,S001,Downtown,P010,Blender,Home,1,39.99,16.23,39.99,16.23,23.76
SALE01261,2023-10-08,S005,Southmall,P016,Granola,Food,9,6.99,3.56,62.91,32.04,30.87
SALE01262,2023-04-14,S001,Downtown,P012,Lamp,Home,10,34.99,17.53,349.9,175.3,174.6
SALE01263,2023-10-02,S005,Southmall,P001,Laptop,Electronics,3,899.99,475.09,2699.97,1425.27,1274.7
SALE01264,2023-03-26,S004,Eastpark,P004,Tablet,Electronics,6,449.99,200.08,2699.94,1200.48,1499.46
SALE01265,2023-09-24,S003,Northgate,P014,Coffee Beans,Food,8,14.99,6.59,119.92,52.72,67.2
SALE01266,2023-03-01,S002,Westside,P011,Vacuum,Home,4,129.99,57.68,519.96,230.72,289.24
SALE01267,2023-10-26,S003,Northgate,P009,Coffee Maker,Home,8,59.99,29.06,479.92,232.48,247.44
SALE01268,2023-02-16,S004,Eastpark,P007,Jacket,Clothing,9,89.99,52.05,809.91,468.45,341.46
SALE01269,2023-08-17,S003,Northgate,P016,Granola,Food,1,6.99,3.56,6.99,3.56,3.43
SALE01270,2023-08-21,S001,Downtown,P009,Coffee Maker,Home,3,59.99,29.06,179.97,87.18,92.79
SALE01271,2023-09-20,S004,Eastpark,P012,Lamp,Home,7,34.99,17.53,244.93,122.71,122.22
SALE01272,2023-08-22,S005,Southmall,P001,Laptop,Electronics,10,899.99,475.09,8999.9,4750.9,4249.0
SALE01273,2023-01-30,S002,Westside,P002,Headphones,Electronics,9,79.99,32.4,719.91,291.6,428.31
SALE01274,2023-08-25,S001,Downtown,P002,Headphones,Electronics,5,79.99,32.4,399.95,162.0,237.95
SALE01275,2023-01-12,S005,Southmall,P006,Jeans,Clothing,7,49.99,26.76,349.93,187.32,162.61
SALE01276,2023-05-11,S001,Downtown,P011,Vacuum,Home,1,129.99,57.68,129.99,57.68,72.31
SALE01277,2023-04-22,S003,Northgate,P012,Lamp,Home,10,34.99,17.53,349.9,175.3,174.6
SALE01278,2023-02-07,S003,Northgate,P005,T-Shirt,Clothing,1,19.99,10.94,19.99,10.94,9.05
SALE01279,2023-08-05,S002,Westside,P016,Granola,Food,6,6.99,3.56,41.94,21.36,20.58
SALE01280,2023-12-25,S002,Westside,P002,Headphones,Electronics,2,79.99,32.4,159.98,64.8,95.18
SALE01281,2023-10-05,S003,Northgate,P011,Vacuum,Home,1,129.99,57.68,129.99,57.68,72.31
SALE01282,2023-02-05,S005,Southmall,P006,Jeans,Clothing,8,49.99,26.76,399.92,214.08,185.84
SALE01283,2023-01-17,S002,Westside,P004,Tablet,Electronics,5,449.99,200.08,2249.95,1000.4,1249.55
SALE01284,2023-07-29,S001,Downtown,P013,Protein Bar,Food,3,2.99,1.21,8.97,3.63,5.34
SALE01285,2023-03-11,S002,Westside,P003,Smartwatch,Electronics,7,199.99,91.0,1399.93,637.0,762.93
SALE01286,2023-07-11,S002,Westside,P016,Granola,Food,7,6.99,3.56,48.93,24.92,24.01
SALE01287,2023-08-18,S004,Eastpark,P007,Jacket,Clothing,7,89.99,52.05,629.93,364.35,265.58
SALE01288,2023-07-12,S005,Southmall,P009,Coffee Maker,Home,2,59.99,29.06,119.98,58.12,61.86
SALE01289,2023-12-16,S005,Southmall,P015,Olive Oil,Food,9,9.99,5.29,89.91,47.61,42.3
SALE01290,2023-03-10,S004,Eastpark,P011,Vacuum,Home,6,129.99,57.68,779.94,346.08,433.86
SALE01291,2023-03-02,S002,Westside,P010,Blender,Home,3,39.99,16.23,119.97,48.69,71.28
SALE01292,2023-10-03,S003,Northgate,P013,Protein Bar,Food,7,2.99,1.21,20.93,8.47,12.46
SALE01293,2023-09-28,S005,Southmall,P016,Granola,Food,3,6.99,3.56,20.97,10.68,10.29
SALE01294,2023-04-25,S003,Northgate,P003,Smartwatch,Electronics,1,199.99,91.0,199.99,91.0,108.99
SALE01295,2023-01-12,S005,Southmall,P013,Protein Bar,Food,5,2.99,1.21,14.95,6.05,8.9
SALE01296,2023-08-26,S002,Westside,P003,Smartwatch,Electronics,9,199.99,91.0,1799.91,819.0,980.91
SALE01297,2023-08-06,S003,Northgate,P013,Protein Bar,Food,9,2.99,1.21,26.91,10.89,16.02
SALE01298,2023-07-14,S003,Northgate,P016,Granola,Food,4,6.99,3.56,27.96,14.24,13.72
SALE01299,2023-05-07,S005,Southmall,P007,Jacket,Clothing,8,89.99,52.05,719.92,416.4,303.52
SALE01300,2023-06-27,S003,Northgate,P011,Vacuum,Home,3,129.99,57.68,389.97,173.04,216.93
SALE01301,2023-05-22,S002,Westside,P015,Olive Oil,Food,4,9.99,5.29,39.96,21.16,18.8
SALE01302,2023-02-27,S004,Eastpark,P013,Protein Bar,Food,1,2.99,1.21,2.99,1.21,1.78
SALE01303,2023-12-05,S003,Northgate,P002,Headphones,Electronics,7,79.99,32.4,559.93,226.8,333.13
SALE01304,2023-11-11,S003,Northgate,P015,Olive Oil,Food,1,9.99,5.29,9.99,5.29,4.7
SALE01305,2023-05-04,S002,Westside,P016,Granola,Food,4,6.99,3.56,27.96,14.24,13.72
SALE01306,2023-02-04,S004,Eastpark,P006,Jeans,Clothing,2,49.99,26.76,99.98,53.52,46.46
SALE01307,2023-11-01,S003,Northgate,P004,Tablet,Electronics,1,449.99,200.08,449.99,200.08,249.91
SALE01308,2023-08-17,S005,Southmall,P012,Lamp,Home,10,34.99,17.53,349.9,175.3,174.6
SALE01309,2023-12-11,S002,Westside,P010,Blender,Home,1,39.99,16.23,39.99,16.23,23.76
SALE01310,2023-05-06,S004,Eastpark,P016,Granola,Food,1,6.99,3.56,6.99,3.56,3.43
SALE01311,2023-07-25,S003,Northgate,P010,Blender,Home,8,39.99,16.23,319.92,129.84,190.08
SALE01312,2023-04-30,S003,Northgate,P015,Olive Oil,Food,9,9.99,5.29,89.91,47.61,42.3
SALE01313,2023-04-22,S001,Downtown,P004,Tablet,Electronics,1,449.99,200.08,449.99,200.08,249.91
SALE01314,2023-03-13,S004,Eastpark,P010,Blender,Home,9,39.99,16.23,359.91,146.07,213.84
SALE01315,2023-05-29,S001,Downtown,P015,Olive Oil,Food,4,9.99,5.29,39.96,21.16,18.8
SALE01316,2023-10-22,S001,Downtown,P006,Jeans,Clothing,6,49.99,26.76,299.94,160.56,139.38
SALE01317,2023-10-23,S001,Downtown,P004,Tablet,Electronics,10,449.99,200.08,4499.9,2000.8,2499.1
SALE01318,2023-12-11,S004,Eastpark,P008,Sneakers,Clothing,6,69.99,29.21,419.94,175.26,244.68
SALE01319,2023-05-02,S003,Northgate,P010,Blender,Home,5,39.99,16.23,199.95,81.15,118.8
SALE01320,2023-03-15,S005,Southmall,P015,Olive Oil,Food,9,9.99,5.29,89.91,47.61,42.3
SALE01321,2023-04-24,S005,Southmall,P005,T-Shirt,Clothing,7,19.99,10.94,139.93,76.58,63.35
SALE01322,2023-06-03,S003,Northgate,P005,T-Shirt,Clothing,5,19.99,10.94,99.95,54.7,45.25
SALE01323,2023-02-01,S002,Westside,P013,Protein Bar,Food,9,2.99,1.21,26.91,10.89,16.02
SALE01324,2023-10-30,S001,Downtown,P007,Jacket,Clothing,3,89.99,52.05,269.97,156.15,113.82
SALE01325,2023-11-17,S002,Westside,P015,Olive Oil,Food,7,9.99,5.29,69.93,37.03,32.9
SALE01326,2023-10-12,S001,Downtown,P002,Headphones,Electronics,8,79.99,32.4,639.92,259.2,380.72
SALE01327,2023-01-25,S003,Northgate,P006,Jeans,Clothing,6,49.99,26.76,299.94,160.56,139.38
SALE01328,2023-11-26,S003,Northgate,P012,Lamp,Home,7,34.99,17.53,244.93,122.71,122.22
SALE01329,2023-09-26,S002,Westside,P003,Smartwatch,Electronics,6,199.99,91.0,1199.94,546.0,653.94
SALE01330,2023-12-23,S001,Downtown,P014,Coffee Beans,Food,7,14.99,6.59,104.93,46.13,58.8
SALE01331,2023-07-29,S004,Eastpark,P005,T-Shirt,Clothing,3,19.99,10.94,59.97,32.82,27.15
SALE01332,2023-06-03,S003,Northgate,P011,Vacuum,Home,7,129.99,57.68,909.93,403.76,506.17
SALE01333,2023-04-05,S001,Downtown,P010,Blender,Home,9,39.99,16.23,359.91,146.07,213.84
SALE01334,2023-08-31,S001,Downtown,P013,Protein Bar,Food,4,2.99,1.21,11.96,4.84,7.12
SALE01335,2023-04-26,S002,Westside,P014,Coffee Beans,Food,5,14.99,6.59,74.95,32.95,42.0
SALE01336,2023-12-29,S001,Downtown,P013,Protein Bar,Food,3,2.99,1.21,8.97,3.63,5.34
SALE01337,2023-08-26,S003,Northgate,P009,Coffee Maker,Home,1,59.99,29.06,59.99,29.06,30.93
SALE01338,2023-10-15,S002,Westside,P009,Coffee Maker,Home,7,59.99,29.06,419.93,203.42,216.51
SALE01339,2023-08-02,S004,Eastpark,P008,Sneakers,Clothing,9,69.99,29.21,629.91,262.89,367.02
SALE01340,2023-09-29,S004,Eastpark,P008,Sneakers,Clothing,3,69.99,29.21,209.97,87.63,122.34
SALE01341,2023-07-18,S003,Northgate,P008,Sneakers,Clothing,4,69.99,29.21,279.96,116.84,163.12
SALE01342,2023-05-11,S004,Eastpark,P009,Coffee Maker,Home,4,59.99,29.06,239.96,116.24,123.72
SALE01343,2023-06-19,S002,Westside,P011,Vacuum,Home,2,129.99,57.68,259.98,115.36,144.62
SALE01344,2023-08-19,S005,Southmall,P010,Blender,Home,6,39.99,16.23,239.94,97.38,142.56
SALE01345,2023-02-17,S004,Eastpark,P015,Olive Oil,Food,9,9.99,5.29,89.91,47.61,42.3
SALE01346,2023-04-08,S005,Southmall,P010,Blender,Home,1,39.99,16.23,39.99,16.23,23.76
SALE01347,2023-05-18,S002,Westside,P007,Jacket,Clothing,7,89.99,52.05,629.93,364.35,265.58
SALE01348,2023-12-11,S001,Downtown,P009,Coffee Maker,Home,10,59.99,29.06,599.9,290.6,309.3
SALE01349,2023-11-05,S005,Southmall,P009,Coffee Maker,Home,1,59.99,29.06,59.99,29.06,30.93
SALE01350,2023-02-07,S001,Downtown,P002,Headphones,Electronics,4,79.99,32.4,319.96,129.6,190.36
SALE01351,2023-10-28,S004,Eastpark,P016,Granola,Food,9,6.99,3.56,62.91,32.04,30.87
SALE01352,2023-04-22,S004,Eastpark,P012,Lamp,Home,8,34.99,17.53,279.92,140.24,139.68
SALE01353,2023-04-17,S001,Downtown,P007,Jacket,Clothing,6,89.99,52.05,539.94,312.3,227.64
SALE01354,2023-06-05,S003,Northgate,P001,Laptop,Electronics,1,899.99,475.09,899.99,475.09,424.9
SALE01355,2023-04-19,S001,Downtown,P003,Smartwatch,Electronics,4,199.99,91.0,799.96,364.0,435.96
SALE01356,2023-03-02,S004,Eastpark,P016,Granola,Food,8,6.99,3.56,55.92,28.48,27.44
SALE01357,2023-05-05,S004,Eastpark,P012,Lamp,Home,10,34.99,17.53,349.9,175.3,174.6
SALE01358,2023-12-27,S002,Westside,P001,Laptop,Electronics,4,899.99,475.09,3599.96,1900.36,1699.6
SALE01359,2023-07-23,S003,Northgate,P012,Lamp,Home,4,34.99,17.53,139.96,70.12,69.84
SALE01360,2023-10-10,S001,Downtown,P015,Olive Oil,Food,6,9.99,5.29,59.94,31.74,28.2
SALE01361,2023-05-25,S001,Downtown,P002,Headphones,Electronics,7,79.99,32.4,559.93,226.8,333.13
SALE01362,2023-08-27,S005,Southmall,P012,Lamp,Home,9,34.99,17.53,314.91,157.77,157.14
SALE01363,2023-11-29,S002,Westside,P014,Coffee Beans,Food,6,14.99,6.59,89.94,39.54,50.4
SALE01364,2023-06-07,S003,Northgate,P009,Coffee Maker,Home,5,59.99,29.06,299.95,145.3,154.65
SALE01365,2023-07-04,S003,Northgate,P003,Smartwatch,Electronics,9,199.99,91.0,1799.91,819.0,980.91
SALE01366,2023-09-12,S005,Southmall,P010,Blender,Home,8,39.99,16.23,319.92,129.84,190.08
SALE01367,2023-02-20,S005,Southmall,P012,Lamp,Home,8,34.99,17.53,279.92,140.24,139.68
SALE01368,2023-06-13,S005,Southmall,P012,Lamp,Home,4,34.99,17.53,139.96,70.12,69.84
SALE01369,2023-07-09,S004,Eastpark,P013,Protein Bar,Food,6,2.99,1.21,17.94,7.26,10.68
SALE01370,2023-07-31,S001,Downtown,P007,Jacket,Clothing,1,89.99,52.05,89.99,52.05,37.94
SALE01371,2023-10-16,S002,Westside,P004,Tablet,Electronics,4,449.99,200.08,1799.96,800.32,999.64
SALE01372,2023-03-16,S003,Northgate,P016,Granola,Food,1,6.99,3.56,6.99,3.56,3.43
SALE01373,2023-05-14,S004,Eastpark,P015,Olive Oil,Food,9,9.99,5.29,89.91,47.61,42.3
SALE01374,2023-10-27,S003,Northgate,P015,Olive Oil,Food,10,9.99,5.29,99.9,52.9,47.0
SALE01375,2023-08-02,S005,Southmall,P007,Jacket,Clothing,5,89.99,52.05,449.95,260.25,189.7
SALE01376,2023-03-20,S004,Eastpark,P013,Protein Bar,Food,4,2.99,1.21,11.96,4.84,7.12
SALE01377,2023-06-18,S001,Downtown,P003,Smartwatch,Electronics,4,199.99,91.0,799.96,364.0,435.96
SALE01378,2023-07-14,S001,Downtown,P013,Protein Bar,Food,10,2.99,1.21,29.9,12.1,17.8
SALE01379,2023-05-06,S003,Northgate,P009,Coffee Maker,Home,8,59.99,29.06,479.92,232.48,247.44
SALE01380,2023-10-09,S001,Downtown,P001,Laptop,Electronics,6,899.99,475.09,5399.94,2850.54,2549.4
SALE01381,2023-05-12,S001,Downtown,P005,T-Shirt,Clothing,8,19.99,10.94,159.92,87.52,72.4
SALE01382,2023-11-25,S003,Northgate,P006,Jeans,Clothing,8,49.99,26.76,399.92,214.08,185.84
SALE01383,2023-08-24,S005,Southmall,P013,Protein Bar,Food,3,2.99,1.21,8.97,3.63,5.34
SALE01384,2023-06-30,S004,Eastpark,P011,Vacuum,Home,3,129.99,57.68,389.97,173.04,216.93
SALE01385,2023-03-13,S001,Downtown,P009,Coffee Maker,Home,9,59.99,29.06,539.91,261.54,278.37
SALE01386,2023-09-08,S004,Eastpark,P016,Granola,Food,3,6.99,3.56,20.97,10.68,10.29
SALE01387,2023-10-05,S003,Northgate,P008,Sneakers,Clothing,1,69.99,29.21,69.99,29.21,40.78
SALE01388,2023-09-26,S005,Southmall,P005,T-Shirt,Clothing,1,19.99,10.94,19.99,10.94,9.05
SALE01389,2023-02-08,S005,Southmall,P010,Blender,Home,1,39.99,16.23,39.99,16.23,23.76
SALE01390,2023-01-04,S002,Westside,P012,Lamp,Home,7,34.99,17.53,244.93,122.71,122.22
SALE01391,2023-03-12,S001,Downtown,P016,Granola,Food,4,6.99,3.56,27.96,14.24,13.72
SALE01392,2023-02-04,S003,Northgate,P013,Protein Bar,Food,3,2.99,1.21,8.97,3.63,5.34
SALE01393,2023-01-05,S001,Downtown,P015,Olive Oil,Food,4,9.99,5.29,39.96,21.16,18.8
SALE01394,2023-09-16,S004,Eastpark,P005,T-Shirt,Clothing,8,19.99,10.94,159.92,87.52,72.4
SALE01395,2023-07-11,S002,Westside,P002,Headphones,Electronics,1,79.99,32.4,79.99,32.4,47.59
SALE01396,2023-11-13,S001,Downtown,P013,Protein Bar,Food,10,2.99,1.21,29.9,12.1,17.8
SALE01397,2023-09-05,S004,Eastpark,P012,Lamp,Home,8,34.99,17.53,279.92,140.24,139.68
SALE01398,2023-01-09,S002,Westside,P009,Coffee Maker,Home,1,59.99,29.06,59.99,29.06,30.93
SALE01399,2023-09-30,S005,Southmall,P012,Lamp,Home,9,34.99,17.53,314.91,157.77,157.14
SALE01400,2023-07-30,S001,Downtown,P010,Blender,Home,1,39.99,16.23,39.99,16.23,23.76
SALE01401,2023-01-09,S005,Southmall,P005,T-Shirt,Clothing,9,19.99,10.94,179.91,98.46,81.45
SALE01402,2023-05-21,S004,Eastpark,P003,Smartwatch,Electronics,9,199.99,91.0,1799.91,819.0,980.91
SALE01403,2023-05-27,S005,Southmall,P015,Olive Oil,Food,1,9.99,5.29,9.99,5.29,4.7
SALE01404,2023-09-15,S004,Eastpark,P004,Tablet,Electronics,7,449.99,200.08,3149.93,1400.56,1749.37
SALE01405,2023-04-02,S003,Northgate,P007,Jacket,Clothing,2,89.99,52.05,179.98,104.1,75.88
SALE01406,2023-02-19,S005,Southmall,P001,Laptop,Electronics,9,899.99,475.09,8099.91,4275.81,3824.1
SALE01407,2023-03-18,S003,Northgate,P004,Tablet,Electronics,4,449.99,200.08,1799.96,800.32,999.64
SALE01408,2023-04-09,S005,Southmall,P005,T-Shirt,Clothing,10,19.99,10.94,199.9,109.4,90.5
SALE01409,2023-09-27,S002,Westside,P005,T-Shirt,Clothing,5,19.99,10.94,99.95,54.7,45.25
SALE01410,2023-07-01,S005,Southmall,P010,Blender,Home,5,39.99,16.23,199.95,81.15,118.8
SALE01411,2023-07-23,S005,Southmall,P012,Lamp,Home,2,34.99,17.53,69.98,35.06,34.92
SALE01412,2023-07-11,S003,Northgate,P004,Tablet,Electronics,7,449.99,200.08,3149.93,1400.56,1749.37
SALE01413,2023-08-24,S005,Southmall,P008,Sneakers,Clothing,10,69.99,29.21,699.9,292.1,407.8
SALE01414,2023-05-05,S003,Northgate,P006,Jeans,Clothing,4,49.99,26.76,199.96,107.04,92.92
SALE01415,2023-06-03,S004,Eastpark,P009,Coffee Maker,Home,2,59.99,29.06,119.98,58.12,61.86
SALE01416,2023-12-01,S002,Westside,P009,Coffee Maker,Home,1,59.99,29.06,59.99,29.06,30.93
SALE01417,2023-02-17,S005,Southmall,P012,Lamp,Home,7,34.99,17.53,244.93,122.71,122.22
SALE01418,2023-07-14,S001,Downtown,P012,Lamp,Home,7,34.99,17.53,244.93,122.71,122.22
SALE01419,2023-10-10,S005,Southmall,P010,Blender,Home,8,39.99,16.23,319.92,129.84,190.08
SALE01420,2023-01-29,S004,Eastpark,P013,Protein Bar,Food,1,2.99,1.21,2.99,1.21,1.78
SALE01421,2023-12-26,S005,Southmall,P004,Tablet,Electronics,3,449.99,200.08,1349.97,600.24,749.73
SALE01422,2023-02-12,S002,Westside,P013,Protein Bar,Food,8,2.99,1.21,23.92,9.68,14.24
SALE01423,2023-08-11,S004,Eastpark,P008,Sneakers,Clothing,6,69.99,29.21,419.94,175.26,244.68
SALE01424,2023-10-17,S001,Downtown,P006,Jeans,Clothing,2,49.99,26.76,99.98,53.52,46.46
SALE01425,2023-09-28,S002,Westside,P009,Coffee Maker,Home,1,59.99,29.06,59.99,29.06,30.93
SALE01426,2023-04-28,S003,Northgate,P009,Coffee Maker,Home,4,59.99,29.06,239.96,116.24,123.72
SALE01427,2023-12-21,S005,Southmall,P009,Coffee Maker,Home,10,59.99,29.06,599.9,290.6,309.3
SALE01428,2023-09-01,S004,Eastpark,P004,Tablet,Electronics,5,449.99,200.08,2249.95,1000.4,1249.55
SALE01429,2023-01-24,S001,Downtown,P006,Jeans,Clothing,2,49.99,26.76,99.98,53.52,46.46
SALE01430,2023-12-17,S005,Southmall,P003,Smartwatch,Electronics,5,199.99,91.0,999.95,455.0,544.95
SALE01431,2023-10-06,S001,Downtown,P010,Blender,Home,10,39.99,16.23,399.9,162.3,237.6
SALE01432,2023-12-03,S004,Eastpark,P006,Jeans,Clothing,1,49.99,26.76,49.99,26.76,23.23
SALE01433,2023-04-02,S001,Downtown,P011,Vacuum,Home,6,129.99,57.68,779.94,346.08,433.86
SALE01434,2023-01-09,S005,Southmall,P012,Lamp,Home,4,34.99,17.53,139.96,70.12,69.84
SALE01435,2023-10-28,S001,Downtown,P007,Jacket,Clothing,3,89.99,52.05,269.97,156.15,113.82
SALE01436,2023-12-31,S001,Downtown,P011,Vacuum,Home,7,129.99,57.68,909.93,403.76,506.17
SALE01437,2023-02-09,S005,Southmall,P002,Headphones,Electronics,5,79.99,32.4,399.95,162.0,237.95
SALE01438,2023-03-25,S001,Downtown,P014,Coffee Beans,Food,10,14.99,6.59,149.9,65.9,84.0
SALE01439,2023-05-04,S002,Westside,P008,Sneakers,Clothing,10,69.99,29.21,699.9,292.1,407.8
SALE01440,2023-07-19,S003,Northgate,P001,Laptop,Electronics,9,899.99,475.09,8099.91,4275.81,3824.1
SALE01441,2023-06-19,S003,Northgate,P015,Olive Oil,Food,7,9.99,5.29,69.93,37.03,32.9
SALE01442,2023-03-13,S004,Eastpark,P011,Vacuum,Home,2,129.99,57.68,259.98,115.36,144.62
SALE01443,2023-09-14,S003,Northgate,P001,Laptop,Electronics,6,899.99,475.09,5399.94,2850.54,2549.4
SALE01444,2023-01-28,S002,Westside,P009,Coffee Maker,Home,2,59.99,29.06,119.98,58.12,61.86
SALE01445,2023-08-12,S001,Downtown,P003,Smartwatch,Electronics,4,199.99,91.0,799.96,364.0,435.96
SALE01446,2023-02-08,S004,Eastpark,P014,Coffee Beans,Food,6,14.99,6.59,89.94,39.54,50.4
SALE01447,2023-11-06,S002,Westside,P008,Sneakers,Clothing,10,69.99,29.21,699.9,292.1,407.8
SALE01448,2023-11-01,S003,Northgate,P013,Protein Bar,Food,7,2.99,1.21,20.93,8.47,12.46
SALE01449,2023-06-17,S005,Southmall,P014,Coffee Beans,Food,1,14.99,6.59,14.99,6.59,8.4
SALE01450,2023-11-21,S001,Downtown,P004,Tablet,Electronics,5,449.99,200.08,2249.95,1000.4,1249.55
SALE01451,2023-08-19,S004,Eastpark,P008,Sneakers,Clothing,8,69.99,29.21,559.92,233.68,326.24
SALE01452,2023-04-27,S001,Downtown,P009,Coffee Maker,Home,6,59.99,29.06,359.94,174.36,185.58
SALE01453,2023-10-11,S003,Northgate,P004,Tablet,Electronics,7,449.99,200.08,3149.93,1400.56,1749.37
SALE01454,2023-08-10,S001,Downtown,P014,Coffee Beans,Food,3,14.99,6.59,44.97,19.77,25.2
SALE01455,2023-12-15,S004,Eastpark,P007,Jacket,Clothing,10,89.99,52.05,899.9,520.5,379.4
SALE01456,2023-12-05,S001,Downtown,P009,Coffee Maker,Home,7,59.99,29.06,419.93,203.42,216.51
SALE01457,2023-02-13,S002,Westside,P015,Olive Oil,Food,10,9.99,5.29,99.9,52.9,47.0
SALE01458,2023-06-01,S005,Southmall,P009,Coffee Maker,Home,4,59.99,29.06,239.96,116.24,123.72
SALE01459,2023-02-07,S005,Southmall,P006,Jeans,Clothing,2,49.99,26.76,99.98,53.52,46.46
SALE01460,2023-05-18,S003,Northgate,P015,Olive Oil,Food,3,9.99,5.29,29.97,15.87,14.1
SALE01461,2023-07-14,S005,Southmall,P016,Granola,Food,3,6.99,3.56,20.97,10.68,10.29
SALE01462,2023-07-19,S004,Eastpark,P012,Lamp,Home,6,34.99,17.53,209.94,105.18,104.76
SALE01463,2023-07-04,S001,Downtown,P014,Coffee Beans,Food,2,14.99,6.59,29.98,13.18,16.8
SALE01464,2023-02-16,S004,Eastpark,P012,Lamp,Home,1,34.99,17.53,34.99,17.53,17.46
SALE01465,2023-06-07,S001,Downtown,P012,Lamp,Home,8,34.99,17.53,279.92,140.24,139.68
SALE01466,2023-07-04,S005,Southmall,P008,Sneakers,Clothing,5,69.99,29.21,349.95,146.05,203.9
SALE01467,2023-02-22,S004,Eastpark,P003,Smartwatch,Electronics,3,199.99,91.0,599.97,273.0,326.97
SALE01468,2023-02-14,S005,Southmall,P005,T-Shirt,Clothing,3,19.99,10.94,59.97,32.82,27.15
SALE01469,2023-08-09,S003,Northgate,P016,Granola,Food,8,6.99,3.56,55.92,28.48,27.44
SALE01470,2023-10-13,S001,Downtown,P002,Headphones,Electronics,9,79.99,32.4,719.91,291.6,428.31
SALE01471,2023-09-20,S001,Downtown,P007,Jacket,Clothing,7,89.99,52.05,629.93,364.35,265.58
SALE01472,2023-02-22,S001,Downtown,P011,Vacuum,Home,1,129.99,57.68,129.99,57.68,72.31
SALE01473,2023-02-15,S004,Eastpark,P006,Jeans,Clothing,6,49.99,26.76,299.94,160.56,139.38
SALE01474,2023-10-11,S001,Downtown,P012,Lamp,Home,2,34.99,17.53,69.98,35.06,34.92
SALE01475,2023-11-02,S002,Westside,P005,T-Shirt,Clothing,10,19.99,10.94,199.9,109.4,90.5
SALE01476,2023-06-16,S001,Downtown,P011,Vacuum,Home,7,129.99,57.68,909.93,403.76,506.17
SALE01477,2023-01-07,S004,Eastpark,P008,Sneakers,Clothing,5,69.99,29.21,349.95,146.05,203.9
SALE01478,2023-07-31,S005,Southmall,P004,Tablet,Electronics,7,449.99,200.08,3149.93,1400.56,1749.37
SALE01479,2023-02-13,S001,Downtown,P003,Smartwatch,Electronics,9,199.99,91.0,1799.91,819.0,980.91
SALE01480,2023-05-05,S005,Southmall,P013,Protein Bar,Food,10,2.99,1.21,29.9,12.1,17.8
SALE01481,2023-09-24,S004,Eastpark,P014,Coffee Beans,Food,3,14.99,6.59,44.97,19.77,25.2
SALE01482,2023-12-17,S003,Northgate,P003,Smartwatch,Electronics,7,199.99,91.0,1399.93,637.0,762.93
SALE01483,2023-03-28,S001,Downtown,P012,Lamp,Home,3,34.99,17.53,104.97,52.59,52.38
SALE01484,2023-05-18,S002,Westside,P011,Vacuum,Home,5,129.99,57.68,649.95,288.4,361.55
SALE01485,2023-05-18,S002,Westside,P001,Laptop,Electronics,8,899.99,475.09,7199.92,3800.72,3399.2
SALE01486,2023-03-16,S001,Downtown,P016,Granola,Food,2,6.99,3.56,13.98,7.12,6.86
SALE01487,2023-03-27,S002,Westside,P002,Headphones,Electronics,7,79.99,32.4,559.93,226.8,333.13
SALE01488,2023-05-22,S005,Southmall,P001,Laptop,Electronics,7,899.99,475.09,6299.93,3325.63,2974.3
SALE01489,2023-06-03,S002,Westside,P015,Olive Oil,Food,8,9.99,5.29,79.92,42.32,37.6
SALE01490,2023-02-09,S001,Downtown,P009,Coffee Maker,Home,6,59.99,29.06,359.94,174.36,185.58
SALE01491,2023-05-09,S001,Downtown,P013,Protein Bar,Food,4,2.99,1.21,11.96,4.84,7.12
SALE01492,2023-11-17,S004,Eastpark,P004,Tablet,Electronics,8,449.99,200.08,3599.92,1600.64,1999.28
SALE01493,2023-11-01,S002,Westside,P005,T-Shirt,Clothing,10,19.99,10.94,199.9,109.4,90.5
SALE01494,2023-04-11,S003,Northgate,P003,Smartwatch,Electronics,8,199.99,91.0,1599.92,728.0,871.92
SALE01495,2023-02-24,S001,Downtown,P007,Jacket,Clothing,3,89.99,52.05,269.97,156.15,113.82
SALE01496,2023-06-05,S002,Westside,P001,Laptop,Electronics,1,899.99,475.09,899.99,475.09,424.9
SALE01497,2023-07-22,S002,Westside,P001,Laptop,Electronics,6,899.99,475.09,5399.94,2850.54,2549.4
SALE01498,2023-11-14,S001,Downtown,P007,Jacket,Clothing,7,89.99,52.05,629.93,364.35,265.58
SALE01499,2023-06-18,S005,Southmall,P005,T-Shirt,Clothing,8,19.99,10.94,159.92,87.52,72.4
SALE01500,2023-06-21,S003,Northgate,P008,Sneakers,Clothing,7,69.99,29.21,489.93,204.47,285.46
SALE01501,2023-11-30,S004,Eastpark,P002,Headphones,Electronics,10,79.99,32.4,799.9,324.0,475.9
SALE01502,2023-03-11,S003,Northgate,P007,Jacket,Clothing,5,89.99,52.05,449.95,260.25,189.7
SALE01503,2023-06-14,S004,Eastpark,P002,Headphones,Electronics,10,79.99,32.4,799.9,324.0,475.9
SALE01504,2023-12-22,S004,Eastpark,P003,Smartwatch,Electronics,4,199.99,91.0,799.96,364.0,435.96
SALE01505,2023-09-03,S004,Eastpark,P005,T-Shirt,Clothing,6,19.99,10.94,119.94,65.64,54.3
SALE01506,2023-04-01,S005,Southmall,P004,Tablet,Electronics,7,449.99,200.08,3149.93,1400.56,1749.37
SALE01507,2023-06-13,S005,Southmall,P012,Lamp,Home,5,34.99,17.53,174.95,87.65,87.3
SALE01508,2023-12-22,S003,Northgate,P012,Lamp,Home,8,34.99,17.53,279.92,140.24,139.68
SALE01509,2023-10-22,S002,Westside,P016,Granola,Food,4,6.99,3.56,27.96,14.24,13.72
SALE01510,2023-06-16,S005,Southmall,P009,Coffee Maker,Home,7,59.99,29.06,419.93,203.42,216.51
SALE01511,2023-05-24,S005,Southmall,P016,Granola,Food,7,6.99,3.56,48.93,24.92,24.01
SALE01512,2023-07-06,S003,Northgate,P001,Laptop,Electronics,2,899.99,475.09,1799.98,950.18,849.8
SALE01513,2023-10-16,S003,Northgate,P014,Coffee Beans,Food,4,14.99,6.59,59.96,26.36,33.6
SALE01514,2023-10-31,S004,Eastpark,P005,T-Shirt,Clothing,9,19.99,10.94,179.91,98.46,81.45
SALE01515,2023-04-03,S003,Northgate,P012,Lamp,Home,9,34.99,17.53,314.91,157.77,157.14
SALE01516,2023-01-14,S001,Downtown,P002,Headphones,Electronics,8,79.99,32.4,639.92,259.2,380.72
SALE01517,2023-12-29,S001,Downtown,P006,Jeans,Clothing,4,49.99,26.76,199.96,107.04,92.92
SALE01518,2023-08-13,S002,Westside,P008,Sneakers,Clothing,5,69.99,29.21,349.95,146.05,203.9
SALE01519,2023-12-21,S005,Southmall,P014,Coffee Beans,Food,2,14.99,6.59,29.98,13.18,16.8
SALE01520,2023-07-29,S004,Eastpark,P011,Vacuum,Home,8,129.99,57.68,1039.92,461.44,578.48
SALE01521,2023-03-13,S003,Northgate,P011,Vacuum,Home,5,129.99,57.68,649.95,288.4,361.55
SALE01522,2023-05-04,S001,Downtown,P013,Protein Bar,Food,5,2.99,1.21,14.95,6.05,8.9
SALE01523,2023-12-04,S002,Westside,P008,Sneakers,Clothing,3,69.99,29.21,209.97,87.63,122.34
SALE01524,2023-08-05,S005,Southmall,P002,Headphones,Electronics,7,79.99,32.4,559.93,226.8,333.13
SALE01525,2023-02-07,S002,Westside,P002,Headphones,Electronics,8,79.99,32.4,639.92,259.2,380.72
SALE01526,2023-11-03,S004,Eastpark,P016,Granola,Food,8,6.99,3.56,55.92,28.48,27.44
SALE01527,2023-10-26,S005,Southmall,P001,Laptop,Electronics,7,899.99,475.09,6299.93,3325.63,2974.3
SALE01528,2023-10-01,S001,Downtown,P008,Sneakers,Clothing,9,69.99,29.21,629.91,262.89,367.02
SALE01529,2023-12-21,S002,Westside,P010,Blender,Home,7,39.99,16.23,279.93,113.61,166.32
SALE01530,2023-10-06,S005,Southmall,P012,Lamp,Home,1,34.99,17.53,34.99,17.53,17.46
SALE01531,2023-07-04,S003,Northgate,P001,Laptop,Electronics,9,899.99,475.09,8099.91,4275.81,3824.1
SALE01532,2023-11-01,S003,Northgate,P008,Sneakers,Clothing,2,69.99,29.21,139.98,58.42,81.56
SALE01533,2023-02-25,S001,Downtown,P012,Lamp,Home,4,34.99,17.53,139.96,70.12,69.84
SALE01534,2023-12-03,S003,Northgate,P014,Coffee Beans,Food,6,14.99,6.59,89.94,39.54,50.4
SALE01535,2023-03-27,S001,Downtown,P002,Headphones,Electronics,10,79.99,32.4,799.9,324.0,475.9
SALE01536,2023-01-23,S001,Downtown,P015,Olive Oil,Food,10,9.99,5.29,99.9,52.9,47.0
SALE01537,2023-11-27,S004,Eastpark,P004,Tablet,Electronics,7,449.99,200.08,3149.93,1400.56,1749.37
SALE01538,2023-06-19,S002,Westside,P008,Sneakers,Clothing,7,69.99,29.21,489.93,204.47,285.46
SALE01539,2023-02-24,S002,Westside,P008,Sneakers,Clothing,1,69.99,29.21,69.99,29.21,40.78
SALE01540,2023-02-20,S001,Downtown,P016,Granola,Food,5,6.99,3.56,34.95,17.8,17.15
SALE01541,2023-04-24,S005,Southmall,P014,Coffee Beans,Food,9,14.99,6.59,134.91,59.31,75.6
SALE01542,2023-09-23,S001,Downtown,P011,Vacuum,Home,9,129.99,57.68,1169.91,519.12,650.79
SALE01543,2023-10-25,S001,Downtown,P008,Sneakers,Clothing,10,69.99,29.21,699.9,292.1,407.8
SALE01544,2023-04-24,S003,Northgate,P012,Lamp,Home,8,34.99,17.53,279.92,140.24,139.68
SALE01545,2023-07-11,S002,Westside,P003,Smartwatch,Electronics,7,199.99,91.0,1399.93,637.0,762.93
SALE01546,2023-08-26,S004,Eastpark,P015,Olive Oil,Food,10,9.99,5.29,99.9,52.9,47.0
SALE01547,2023-12-20,S003,Northgate,P006,Jeans,Clothing,9,49.99,26.76,449.91,240.84,209.07
SALE01548,2023-03-19,S002,Westside,P008,Sneakers,Clothing,6,69.99,29.21,419.94,175.26,244.68
SALE01549,2023-01-13,S004,Eastpark,P014,Coffee Beans,Food,8,14.99,6.59,119.92,52.72,67.2
SALE01550,2023-02-23,S002,Westside,P015,Olive Oil,Food,5,9.99,5.29,49.95,26.45,23.5
SALE01551,2023-08-01,S004,Eastpark,P012,Lamp,Home,2,34.99,17.53,69.98,35.06,34.92
SALE01552,2023-03-01,S005,Southmall,P007,Jacket,Clothing,3,89.99,52.05,269.97,156.15,113.82
SALE01553,2023-06-28,S001,Downtown,P012,Lamp,Home,5,34.99,17.53,174.95,87.65,87.3
SALE01554,2023-06-25,S005,Southmall,P004,Tablet,Electronics,8,449.99,200.08,3599.92,1600.64,1999.28
SALE01555,2023-04-16,S004,Eastpark,P005,T-Shirt,Clothing,9,19.99,10.94,179.91,98.46,81.45
SALE01556,2023-09-05,S002,Westside,P006,Jeans,Clothing,6,49.99,26.76,299.94,160.56,139.38
SALE01557,2023-09-01,S001,Downtown,P016,Granola,Food,2,6.99,3.56,13.98,7.12,6.86
SALE01558,2023-08-13,S001,Downtown,P015,Olive Oil,Food,8,9.99,5.29,79.92,42.32,37.6
SALE01559,2023-06-13,S005,Southmall,P002,Headphones,Electronics,2,79.99,32.4,159.98,64.8,95.18
SALE01560,2023-06-03,S002,Westside,P003,Smartwatch,Electronics,1,199.99,91.0,199.99,91.0,108.99
SALE01561,2023-12-30,S005,Southmall,P004,Tablet,Electronics,2,449.99,200.08,899.98,400.16,499.82
SALE01562,2023-01-12,S004,Eastpark,P011,Vacuum,Home,6,129.99,57.68,779.94,346.08,433.86
SALE01563,2023-11-28,S001,Downtown,P016,Granola,Food,2,6.99,3.56,13.98,7.12,6.86
SALE01564,2023-12-13,S005,Southmall,P004,Tablet,Electronics,3,449.99,200.08,1349.97,600.24,749.73
SALE01565,2023-05-05,S002,Westside,P004,Tablet,Electronics,9,449.99,200.08,4049.91,1800.72,2249.19
SALE01566,2023-03-31,S004,Eastpark,P010,Blender,Home,9,39.99,16.23,359.91,146.07,213.84
SALE01567,2023-03-23,S002,Westside,P015,Olive Oil,Food,6,9.99,5.29,59.94,31.74,28.2
SALE01568,2023-10-14,S003,Northgate,P011,Vacuum,Home,7,129.99,57.68,909.93,403.76,506.17
SALE01569,2023-08-25,S005,Southmall,P012,Lamp,Home,4,34.99,17.53,139.96,70.12,69.84
SALE01570,2023-07-27,S002,Westside,P009,Coffee Maker,Home,3,59.99,29.06,179.97,87.18,92.79
SALE01571,2023-04-06,S005,Southmall,P011,Vacuum,Home,7,129.99,57.68,909.93,403.76,506.17
SALE01572,2023-07-22,S003,Northgate,P004,Tablet,Electronics,1,449.99,200.08,449.99,200.08,249.91
SALE01573,2023-11-11,S002,Westside,P013,Protein Bar,Food,4,2.99,1.21,11.96,4.84,7.12
SALE01574,2023-08-19,S005,Southmall,P001,Laptop,Electronics,10,899.99,475.09,8999.9,4750.9,4249.0
SALE01575,2023-08-08,S003,Northgate,P003,Smartwatch,Electronics,7,199.99,91.0,1399.93,637.0,762.93
SALE01576,2023-01-03,S004,Eastpark,P001,Laptop,Electronics,4,899.99,475.09,3599.96,1900.36,1699.6
SALE01577,2023-04-16,S003,Northgate,P013,Protein Bar,Food,5,2.99,1.21,14.95,6.05,8.9
SALE01578,2023-12-27,S002,Westside,P014,Coffee Beans,Food,2,14.99,6.59,29.98,13.18,16.8
SALE01579,2023-10-23,S004,Eastpark,P009,Coffee Maker,Home,2,59.99,29.06,119.98,58.12,61.86
SALE01580,2023-10-02,S001,Downtown,P015,Olive Oil,Food,3,9.99,5.29,29.97,15.87,14.1
SALE01581,2023-07-07,S004,Eastpark,P009,Coffee Maker,Home,6,59.99,29.06,359.94,174.36,185.58
SALE01582,2023-04-11,S001,Downtown,P007,Jacket,Clothing,8,89.99,52.05,719.92,416.4,303.52
SALE01583,2023-02-28,S005,Southmall,P004,Tablet,Electronics,5,449.99,200.08,2249.95,1000.4,1249.55
SALE01584,2023-12-10,S002,Westside,P009,Coffee Maker,Home,8,59.99,29.06,479.92,232.48,247.44
SALE01585,2023-09-28,S004,Eastpark,P016,Granola,Food,6,6.99,3.56,41.94,21.36,20.58
SALE01586,2023-11-02,S005,Southmall,P004,Tablet,Electronics,7,449.99,200.08,3149.93,1400.56,1749.37
SALE01587,2023-11-09,S005,Southmall,P010,Blender,Home,7,39.99,16.23,279.93,113.61,166.32
SALE01588,2023-10-28,S004,Eastpark,P014,Coffee Beans,Food,2,14.99,6.59,29.98,13.18,16.8
SALE01589,2023-06-28,S001,Downtown,P013,Protein Bar,Food,6,2.99,1.21,17.94,7.26,10.68
SALE01590,2023-08-23,S001,Downtown,P006,Jeans,Clothing,10,49.99,26.76,499.9,267.6,232.3
SALE01591,2023-03-30,S002,Westside,P013,Protein Bar,Food,5,2.99,1.21,14.95,6.05,8.9
SALE01592,2023-11-11,S002,Westside,P011,Vacuum,Home,10,129.99,57.68,1299.9,576.8,723.1
SALE01593,2023-02-13,S005,Southmall,P009,Coffee Maker,Home,3,59.99,29.06,179.97,87.18,92.79
SALE01594,2023-06-10,S001,Downtown,P006,Jeans,Clothing,2,49.99,26.76,99.98,53.52,46.46
SALE01595,2023-05-03,S001,Downtown,P003,Smartwatch,Electronics,5,199.99,91.0,999.95,455.0,544.95
SALE01596,2023-03-01,S005,Southmall,P015,Olive Oil,Food,3,9.99,5.29,29.97,15.87,14.1
SALE01597,2023-07-11,S001,Downtown,P008,Sneakers,Clothing,3,69.99,29.21,209.97,87.63,122.34
SALE01598,2023-09-19,S001,Downtown,P006,Jeans,Clothing,7,49.99,26.76,349.93,187.32,162.61
SALE01599,2023-08-03,S003,Northgate,P009,Coffee Maker,Home,10,59.99,29.06,599.9,290.6,309.3
SALE01600,2023-03-12,S005,Southmall,P001,Laptop,Electronics,10,899.99,475.09,8999.9,4750.9,4249.0
SALE01601,2023-07-16,S003,Northgate,P010,Blender,Home,7,39.99,16.23,279.93,113.61,166.32
SALE01602,2023-04-06,S003,Northgate,P016,Granola,Food,8,6.99,3.56,55.92,28.48,27.44
SALE01603,2023-11-22,S003,Northgate,P009,Coffee Maker,Home,9,59.99,29.06,539.91,261.54,278.37
SALE01604,2023-12-22,S002,Westside,P005,T-Shirt,Clothing,3,19.99,10.94,59.97,32.82,27.15
SALE01605,2023-10-12,S002,Westside,P005,T-Shirt,Clothing,3,19.99,10.94,59.97,32.82,27.15
SALE01606,2023-09-08,S004,Eastpark,P005,T-Shirt,Clothing,5,19.99,10.94,99.95,54.7,45.25
SALE01607,2023-03-13,S005,Southmall,P003,Smartwatch,Electronics,3,199.99,91.0,599.97,273.0,326.97
SALE01608,2023-06-11,S005,Southmall,P004,Tablet,Electronics,8,449.99,200.08,3599.92,1600.64,1999.28
SALE01609,2023-11-14,S001,Downtown,P001,Laptop,Electronics,1,899.99,475.09,899.99,475.09,424.9
SALE01610,2023-07-03,S003,Northgate,P010,Blender,Home,1,39.99,16.23,39.99,16.23,23.76
SALE01611,2023-09-06,S003,Northgate,P009,Coffee Maker,Home,3,59.99,29.06,179.97,87.18,92.79
SALE01612,2023-04-10,S002,Westside,P009,Coffee Maker,Home,7,59.99,29.06,419.93,203.42,216.51
SALE01613,2023-10-15,S002,Westside,P004,Tablet,Electronics,9,449.99,200.08,4049.91,1800.72,2249.19
SALE01614,2023-12-01,S003,Northgate,P014,Coffee Beans,Food,8,14.99,6.59,119.92,52.72,67.2
SALE01615,2023-07-29,S002,Westside,P010,Blender,Home,8,39.99,16.23,319.92,129.84,190.08
SALE01616,2023-08-01,S005,Southmall,P010,Blender,Home,8,39.99,16.23,319.92,129.84,190.08
SALE01617,2023-09-08,S005,Southmall,P006,Jeans,Clothing,3,49.99,26.76,149.97,80.28,69.69
SALE01618,2023-02-12,S001,Downtown,P012,Lamp,Home,10,34.99,17.53,349.9,175.3,174.6
SALE01619,2023-01-16,S003,Northgate,P012,Lamp,Home,4,34.99,17.53,139.96,70.12,69.84
SALE01620,2023-05-30,S001,Downtown,P013,Protein Bar,Food,1,2.99,1.21,2.99,1.21,1.78
SALE01621,2023-05-21,S003,Northgate,P006,Jeans,Clothing,4,49.99,26.76,199.96,107.04,92.92
SALE01622,2023-10-03,S003,Northgate,P010,Blender,Home,5,39.99,16.23,199.95,81.15,118.8
SALE01623,2023-03-28,S002,Westside,P006,Jeans,Clothing,8,49.99,26.76,399.92,214.08,185.84
SALE01624,2023-10-17,S004,Eastpark,P003,Smartwatch,Electronics,8,199.99,91.0,1599.92,728.0,871.92
SALE01625,2023-10-09,S005,Southmall,P005,T-Shirt,Clothing,9,19.99,10.94,179.91,98.46,81.45
SALE01626,2023-02-27,S002,Westside,P007,Jacket,Clothing,10,89.99,52.05,899.9,520.5,379.4
SALE01627,2023-02-28,S003,Northgate,P009,Coffee Maker,Home,5,59.99,29.06,299.95,145.3,154.65
SALE01628,2023-10-06,S002,Westside,P015,Olive Oil,Food,6,9.99,5.29,59.94,31.74,28.2
SALE01629,2023-10-05,S005,Southmall,P004,Tablet,Electronics,1,449.99,200.08,449.99,200.08,249.91
SALE01630,2023-08-14,S004,Eastpark,P005,T-Shirt,Clothing,9,19.99,10.94,179.91,98.46,81.45
SALE01631,2023-04-22,S005,Southmall,P016,Granola,Food,7,6.99,3.56,48.93,24.92,24.01
SALE01632,2023-02-22,S003,Northgate,P011,Vacuum,Home,4,129.99,57.68,519.96,230.72,289.24
SALE01633,2023-06-02,S003,Northgate,P008,Sneakers,Clothing,1,69.99,29.21,69.99,29.21,40.78
SALE01634,2023-08-19,S003,Northgate,P014,Coffee Beans,Food,5,14.99,6.59,74.95,32.95,42.0
SALE01635,2023-06-28,S004,Eastpark,P016,Granola,Food,2,6.99,3.56,13.98,7.12,6.86
SALE01636,2023-08-13,S005,Southmall,P010,Blender,Home,2,39.99,16.23,79.98,32.46,47.52
SALE01637,2023-05-02,S004,Eastpark,P007,Jacket,Clothing,4,89.99,52.05,359.96,208.2,151.76
SALE01638,2023-10-29,S001,Downtown,P011,Vacuum,Home,6,129.99,57.68,779.94,346.08,433.86
SALE01639,2023-12-30,S001,Downtown,P001,Laptop,Electronics,10,899.99,475.09,8999.9,4750.9,4249.0
SALE01640,2023-11-20,S003,Northgate,P016,Granola,Food,7,6.99,3.56,48.93,24.92,24.01
SALE01641,2023-03-26,S005,Southmall,P005,T-Shirt,Clothing,10,19.99,10.94,199.9,109.4,90.5
SALE01642,2023-03-13,S003,Northgate,P010,Blender,Home,4,39.99,16.23,159.96,64.92,95.04
SALE01643,2023-04-16,S002,Westside,P002,Headphones,Electronics,1,79.99,32.4,79.99,32.4,47.59
SALE01644,2023-10-19,S005,Southmall,P003,Smartwatch,Electronics,6,199.99,91.0,1199.94,546.0,653.94
SALE01645,2023-09-30,S002,Westside,P002,Headphones,Electronics,5,79.99,32.4,399.95,162.0,237.95
SALE01646,2023-11-02,S004,Eastpark,P004,Tablet,Electronics,9,449.99,200.08,4049.91,1800.72,2249.19
SALE01647,2023-03-28,S004,Eastpark,P009,Coffee Maker,Home,6,59.99,29.06,359.94,174.36,185.58
SALE01648,2023-12-27,S001,Downtown,P011,Vacuum,Home,5,129.99,57.68,649.95,288.4,361.55
SALE01649,2023-05-29,S002,Westside,P003,Smartwatch,Electronics,10,199.99,91.0,1999.9,910.0,1089.9
SALE01650,2023-05-17,S005,Southmall,P009,Coffee Maker,Home,9,59.99,29.06,539.91,261.54,278.37
SALE01651,2023-12-14,S004,Eastpark,P016,Granola,Food,2,6.99,3.56,13.98,7.12,6.86
SALE01652,2023-03-11,S004,Eastpark,P010,Blender,Home,7,39.99,16.23,279.93,113.61,166.32
SALE01653,2023-01-31,S003,Northgate,P008,Sneakers,Clothing,5,69.99,29.21,349.95,146.05,203.9
SALE01654,2023-12-02,S005,Southmall,P004,Tablet,Electronics,3,449.99,200.08,1349.97,600.24,749.73
SALE01655,2023-12-26,S003,Northgate,P013,Protein Bar,Food,3,2.99,1.21,8.97,3.63,5.34
SALE01656,2023-05-08,S003,Northgate,P006,Jeans,Clothing,3,49.99,26.76,149.97,80.28,69.69
SALE01657,2023-12-31,S005,Southmall,P004,Tablet,Electronics,6,449.99,200.08,2699.94,1200.48,1499.46
SALE01658,2023-05-07,S003,Northgate,P005,T-Shirt,Clothing,7,19.99,10.94,139.93,76.58,63.35
SALE01659,2023-09-08,S004,Eastpark,P010,Blender,Home,3,39.99,16.23,119.97,48.69,71.28
SALE01660,2023-10-23,S005,Southmall,P014,Coffee Beans,Food,5,14.99,6.59,74.95,32.95,42.0
SALE01661,2023-11-18,S001,Downtown,P016,Granola,Food,7,6.99,3.56,48.93,24.92,24.01
SALE01662,2023-07-12,S002,Westside,P001,Laptop,Electronics,8,899.99,475.09,7199.92,3800.72,3399.2
SALE01663,2023-02-08,S005,Southmall,P006,Jeans,Clothing,2,49.99,26.76,99.98,53.52,46.46
SALE01664,2023-07-26,S001,Downtown,P008,Sneakers,Clothing,9,69.99,29.21,629.91,262.89,367.02
SALE01665,2023-05-23,S003,Northgate,P016,Granola,Food,6,6.99,3.56,41.94,21.36,20.58
SALE01666,2023-08-21,S003,Northgate,P014,Coffee Beans,Food,8,14.99,6.59,119.92,52.72,67.2
SALE01667,2023-06-17,S002,Westside,P009,Coffee Maker,Home,10,59.99,29.06,599.9,290.6,309.3
SALE01668,2023-01-02,S001,Downtown,P016,Granola,Food,2,6.99,3.56,13.98,7.12,6.86
SALE01669,2023-08-23,S001,Downtown,P004,Tablet,Electronics,6,449.99,200.08,2699.94,1200.48,1499.46
SALE01670,2023-02-02,S002,Westside,P012,Lamp,Home,9,34.99,17.53,314.91,157.77,157.14
SALE01671,2023-07-23,S005,Southmall,P014,Coffee Beans,Food,4,14.99,6.59,59.96,26.36,33.6
SALE01672,2023-08-08,S004,Eastpark,P006,Jeans,Clothing,4,49.99,26.76,199.96,107.04,92.92
SALE01673,2023-09-11,S003,Northgate,P015,Olive Oil,Food,5,9.99,5.29,49.95,26.45,23.5
SALE01674,2023-06-15,S003,Northgate,P016,Granola,Food,5,6.99,3.56,34.95,17.8,17.15
SALE01675,2023-06-22,S002,Westside,P015,Olive Oil,Food,9,9.99,5.29,89.91,47.61,42.3
SALE01676,2023-10-23,S004,Eastpark,P016,Granola,Food,3,6.99,3.56,20.97,10.68,10.29
SALE01677,2023-10-17,S001,Downtown,P009,Coffee Maker,Home,8,59.99,29.06,479.92,232.48,247.44
SALE01678,2023-06-25,S001,Downtown,P008,Sneakers,Clothing,1,69.99,29.21,69.99,29.21,40.78
SALE01679,2023-01-24,S002,Westside,P001,Laptop,Electronics,2,899.99,475.09,1799.98,950.18,849.8
SALE01680,2023-11-17,S003,Northgate,P012,Lamp,Home,8,34.99,17.53,279.92,140.24,139.68
SALE01681,2023-01-09,S001,Downtown,P006,Jeans,Clothing,2,49.99,26.76,99.98,53.52,46.46
SALE01682,2023-03-22,S002,Westside,P012,Lamp,Home,8,34.99,17.53,279.92,140.24,139.68
SALE01683,2023-08-22,S001,Downtown,P008,Sneakers,Clothing,1,69.99,29.21,69.99,29.21,40.78
SALE01684,2023-08-08,S004,Eastpark,P008,Sneakers,Clothing,4,69.99,29.21,279.96,116.84,163.12
SALE01685,2023-12-19,S001,Downtown,P005,T-Shirt,Clothing,3,19.99,10.94,59.97,32.82,27.15
SALE01686,2023-11-29,S003,Northgate,P005,T-Shirt,Clothing,5,19.99,10.94,99.95,54.7,45.25
SALE01687,2023-03-23,S003,Northgate,P009,Coffee Maker,Home,5,59.99,29.06,299.95,145.3,154.65
SALE01688,2023-02-17,S001,Downtown,P002,Headphones,Electronics,6,79.99,32.4,479.94,194.4,285.54
SALE01689,2023-05-09,S001,Downtown,P004,Tablet,Electronics,2,449.99,200.08,899.98,400.16,499.82
SALE01690,2023-07-10,S001,Downtown,P012,Lamp,Home,3,34.99,17.53,104.97,52.59,52.38
SALE01691,2023-01-27,S001,Downtown,P005,T-Shirt,Clothing,7,19.99,10.94,139.93,76.58,63.35
SALE01692,2023-11-17,S002,Westside,P016,Granola,Food,5,6.99,3.56,34.95,17.8,17.15
SALE01693,2023-12-25,S004,Eastpark,P004,Tablet,Electronics,4,449.99,200.08,1799.96,800.32,999.64
SALE01694,2023-08-08,S004,Eastpark,P002,Headphones,Electronics,2,79.99,32.4,159.98,64.8,95.18
SALE01695,2023-12-27,S003,Northgate,P009,Coffee Maker,Home,2,59.99,29.06,119.98,58.12,61.86
SALE01696,2023-01-01,S004,Eastpark,P002,Headphones,Electronics,4,79.99,32.4,319.96,129.6,190.36
SALE01697,2023-09-02,S005,Southmall,P009,Coffee Maker,Home,2,59.99,29.06,119.98,58.12,61.86
SALE01698,2023-03-09,S003,Northgate,P013,Protein Bar,Food,10,2.99,1.21,29.9,12.1,17.8
SALE01699,2023-04-26,S004,Eastpark,P004,Tablet,Electronics,9,449.99,200.08,4049.91,1800.72,2249.19
SALE01700,2023-12-15,S004,Eastpark,P009,Coffee Maker,Home,8,59.99,29.06,479.92,232.48,247.44
SALE01701,2023-01-05,S001,Downtown,P013,Protein Bar,Food,1,2.99,1.21,2.99,1.21,1.78
SALE01702,2023-12-23,S005,Southmall,P014,Coffee Beans,Food,6,14.99,6.59,89.94,39.54,50.4
SALE01703,2023-03-03,S001,Downtown,P015,Olive Oil,Food,7,9.99,5.29,69.93,37.03,32.9
SALE01704,2023-12-22,S004,Eastpark,P015,Olive Oil,Food,3,9.99,5.29,29.97,15.87,14.1
SALE01705,2023-09-02,S005,Southmall,P005,T-Shirt,Clothing,2,19.99,10.94,39.98,21.88,18.1
SALE01706,2023-04-28,S001,Downtown,P007,Jacket,Clothing,7,89.99,52.05,629.93,364.35,265.58
SALE01707,2023-02-15,S001,Downtown,P001,Laptop,Electronics,2,899.99,475.09,1799.98,950.18,849.8
SALE01708,2023-02-22,S001,Downtown,P012,Lamp,Home,6,34.99,17.53,209.94,105.18,104.76
SALE01709,2023-07-08,S001,Downtown,P013,Protein Bar,Food,5,2.99,1.21,14.95,6.05,8.9
SALE01710,2023-03-12,S003,Northgate,P011,Vacuum,Home,7,129.99,57.68,909.93,403.76,506.17
SALE01711,2023-03-10,S004,Eastpark,P016,Granola,Food,3,6.99,3.56,20.97,10.68,10.29
SALE01712,2023-02-05,S004,Eastpark,P012,Lamp,Home,9,34.99,17.53,314.91,157.77,157.14
SALE01713,2023-10-16,S001,Downtown,P016,Granola,Food,1,6.99,3.56,6.99,3.56,3.43
SALE01714,2023-11-09,S001,Downtown,P013,Protein Bar,Food,3,2.99,1.21,8.97,3.63,5.34
SALE01715,2023-08-14,S003,Northgate,P016,Granola,Food,6,6.99,3.56,41.94,21.36,20.58
SALE01716,2023-04-20,S001,Downtown,P005,T-Shirt,Clothing,3,19.99,10.94,59.97,32.82,27.15
SALE01717,2023-07-30,S002,Westside,P008,Sneakers,Clothing,10,69.99,29.21,699.9,292.1,407.8
SALE01718,2023-12-18,S003,Northgate,P013,Protein Bar,Food,8,2.99,1.21,23.92,9.68,14.24
SALE01719,2023-04-22,S002,Westside,P001,Laptop,Electronics,2,899.99,475.09,1799.98,950.18,849.8
SALE01720,2023-02-21,S003,Northgate,P001,Laptop,Electronics,3,899.99,475.09,2699.97,1425.27,1274.7
SALE01721,2023-03-05,S004,Eastpark,P009,Coffee Maker,Home,10,59.99,29.06,599.9,290.6,309.3
SALE01722,2023-07-16,S005,Southmall,P013,Protein Bar,Food,6,2.99,1.21,17.94,7.26,10.68
SALE01723,2023-08-08,S005,Southmall,P002,Headphones,Electronics,6,79.99,32.4,479.94,194.4,285.54
SALE01724,2023-03-13,S004,Eastpark,P010,Blender,Home,4,39.99,16.23,159.96,64.92,95.04
SALE01725,2023-05-22,S001,Downtown,P002,Headphones,Electronics,2,79.99,32.4,159.98,64.8,95.18
SALE01726,2023-05-08,S003,Northgate,P003,Smartwatch,Electronics,9,199.99,91.0,1799.91,819.0,980.91
SALE01727,2023-11-04,S002,Westside,P001,Laptop,Electronics,10,899.99,475.09,8999.9,4750.9,4249.0
SALE01728,2023-11-08,S002,Westside,P014,Coffee Beans,Food,5,14.99,6.59,74.95,32.95,42.0
SALE01729,2023-12-20,S002,Westside,P007,Jacket,Clothing,1,89.99,52.05,89.99,52.05,37.94
SALE01730,2023-12-04,S003,Northgate,P001,Laptop,Electronics,5,899.99,475.09,4499.95,2375.45,2124.5
SALE01731,2023-04-16,S004,Eastpark,P012,Lamp,Home,9,34.99,17.53,314.91,157.77,157.14
SALE01732,2023-11-07,S004,Eastpark,P012,Lamp,Home,9,34.99,17.53,314.91,157.77,157.14
SALE01733,2023-04-07,S003,Northgate,P016,Granola,Food,7,6.99,3.56,48.93,24.92,24.01
SALE01734,2023-06-01,S004,Eastpark,P002,Headphones,Electronics,1,79.99,32.4,79.99,32.4,47.59
SALE01735,2023-05-03,S003,Northgate,P016,Granola,Food,8,6.99,3.56,55.92,28.48,27.44
SALE01736,2023-07-17,S004,Eastpark,P001,Laptop,Electronics,2,899.99,475.09,1799.98,950.18,849.8
SALE01737,2023-05-04,S001,Downtown,P002,Headphones,Electronics,8,79.99,32.4,639.92,259.2,380.72
SALE01738,2023-11-23,S002,Westside,P004,Tablet,Electronics,10,449.99,200.08,4499.9,2000.8,2499.1
SALE01739,2023-02-06,S001,Downtown,P010,Blender,Home,9,39.99,16.23,359.91,146.07,213.84
SALE01740,2023-01-07,S002,Westside,P010,Blender,Home,6,39.99,16.23,239.94,97.38,142.56
SALE01741,2023-06-12,S005,Southmall,P014,Coffee Beans,Food,3,14.99,6.59,44.97,19.77,25.2
SALE01742,2023-07-18,S004,Eastpark,P009,Coffee Maker,Home,10,59.99,29.06,599.9,290.6,309.3
SALE01743,2023-08-04,S005,Southmall,P012,Lamp,Home,6,34.99,17.53,209.94,105.18,104.76
SALE01744,2023-10-07,S001,Downtown,P007,Jacket,Clothing,3,89.99,52.05,269.97,156.15,113.82
SALE01745,2023-08-30,S005,Southmall,P007,Jacket,Clothing,2,89.99,52.05,179.98,104.1,75.88
SALE01746,2023-01-09,S004,Eastpark,P008,Sneakers,Clothing,10,69.99,29.21,699.9,292.1,407.8
SALE01747,2023-02-04,S003,Northgate,P011,Vacuum,Home,1,129.99,57.68,129.99,57.68,72.31
SALE01748,2023-05-15,S002,Westside,P005,T-Shirt,Clothing,4,19.99,10.94,79.96,43.76,36.2
SALE01749,2023-01-21,S005,Southmall,P014,Coffee Beans,Food,1,14.99,6.59,14.99,6.59,8.4
SALE01750,2023-07-23,S001,Downtown,P014,Coffee Beans,Food,9,14.99,6.59,134.91,59.31,75.6
SALE01751,2023-05-27,S001,Downtown,P003,Smartwatch,Electronics,9,199.99,91.0,1799.91,819.0,980.91
SALE01752,2023-08-01,S001,Downtown,P006,Jeans,Clothing,7,49.99,26.76,349.93,187.32,162.61
SALE01753,2023-12-26,S004,Eastpark,P003,Smartwatch,Electronics,7,199.99,91.0,1399.93,637.0,762.93
SALE01754,2023-02-12,S001,Downtown,P013,Protein Bar,Food,9,2.99,1.21,26.91,10.89,16.02
SALE01755,2023-10-03,S005,Southmall,P015,Olive Oil,Food,10,9.99,5.29,99.9,52.9,47.0
SALE01756,2023-03-20,S002,Westside,P003,Smartwatch,Electronics,5,199.99,91.0,999.95,455.0,544.95
SALE01757,2023-02-12,S002,Westside,P015,Olive Oil,Food,5,9.99,5.29,49.95,26.45,23.5
SALE01758,2023-02-10,S003,Northgate,P012,Lamp,Home,9,34.99,17.53,314.91,157.77,157.14
SALE01759,2023-04-15,S002,Westside,P003,Smartwatch,Electronics,3,199.99,91.0,599.97,273.0,326.97
SALE01760,2023-10-02,S004,Eastpark,P003,Smartwatch,Electronics,6,199.99,91.0,1199.94,546.0,653.94
SALE01761,2023-07-20,S002,Westside,P002,Headphones,Electronics,10,79.99,32.4,799.9,324.0,475.9
SALE01762,2023-11-21,S004,Eastpark,P011,Vacuum,Home,2,129.99,57.68,259.98,115.36,144.62
SALE01763,2023-06-08,S004,Eastpark,P004,Tablet,Electronics,7,449.99,200.08,3149.93,1400.56,1749.37
SALE01764,2023-05-03,S002,Westside,P012,Lamp,Home,1,34.99,17.53,34.99,17.53,17.46
SALE01765,2023-05-06,S004,Eastpark,P002,Headphones,Electronics,2,79.99,32.4,159.98,64.8,95.18
SALE01766,2023-08-11,S003,Northgate,P012,Lamp,Home,2,34.99,17.53,69.98,35.06,34.92
SALE01767,2023-08-21,S001,Downtown,P005,T-Shirt,Clothing,10,19.99,10.94,199.9,109.4,90.5
SALE01768,2023-11-08,S002,Westside,P015,Olive Oil,Food,1,9.99,5.29,9.99,5.29,4.7
SALE01769,2023-06-08,S003,Northgate,P013,Protein Bar,Food,3,2.99,1.21,8.97,3.63,5.34
SALE01770,2023-03-03,S001,Downtown,P010,Blender,Home,1,39.99,16.23,39.99,16.23,23.76
SALE01771,2023-12-29,S002,Westside,P008,Sneakers,Clothing,3,69.99,29.21,209.97,87.63,122.34
SALE01772,2023-12-26,S002,Westside,P009,Coffee Maker,Home,1,59.99,29.06,59.99,29.06,30.93
SALE01773,2023-03-25,S003,Northgate,P003,Smartwatch,Electronics,8,199.99,91.0,1599.92,728.0,871.92
SALE01774,2023-06-27,S004,Eastpark,P009,Coffee Maker,Home,9,59.99,29.06,539.91,261.54,278.37
SALE01775,2023-09-22,S004,Eastpark,P009,Coffee Maker,Home,5,59.99,29.06,299.95,145.3,154.65
SALE01776,2023-03-27,S002,Westside,P008,Sneakers,Clothing,6,69.99,29.21,419.94,175.26,244.68
SALE01777,2023-03-06,S001,Downtown,P014,Coffee Beans,Food,5,14.99,6.59,74.95,32.95,42.0
SALE01778,2023-03-02,S004,Eastpark,P003,Smartwatch,Electronics,1,199.99,91.0,199.99,91.0,108.99
SALE01779,2023-06-21,S004,Eastpark,P001,Laptop,Electronics,7,899.99,475.09,6299.93,3325.63,2974.3
SALE01780,2023-05-20,S005,Southmall,P011,Vacuum,Home,9,129.99,57.68,1169.91,519.12,650.79
SALE01781,2023-02-02,S003,Northgate,P008,Sneakers,Clothing,5,69.99,29.21,349.95,146.05,203.9
SALE01782,2023-12-31,S003,Northgate,P008,Sneakers,Clothing,10,69.99,29.21,699.9,292.1,407.8
SALE01783,2023-11-18,S005,Southmall,P007,Jacket,Clothing,2,89.99,52.05,179.98,104.1,75.88
SALE01784,2023-09-12,S002,Westside,P004,Tablet,Electronics,8,449.99,200.08,3599.92,1600.64,1999.28
SALE01785,2023-09-19,S001,Downtown,P016,Granola,Food,6,6.99,3.56,41.94,21.36,20.58
SALE01786,2023-01-29,S002,Westside,P015,Olive Oil,Food,8,9.99,5.29,79.92,42.32,37.6
SALE01787,2023-10-18,S005,Southmall,P003,Smartwatch,Electronics,3,199.99,91.0,599.97,273.0,326.97
SALE01788,2023-07-08,S005,Southmall,P013,Protein Bar,Food,3,2.99,1.21,8.97,3.63,5.34
SALE01789,2023-05-11,S003,Northgate,P001,Laptop,Electronics,2,899.99,475.09,1799.98,950.18,849.8
SALE01790,2023-10-21,S004,Eastpark,P014,Coffee Beans,Food,2,14.99,6.59,29.98,13.18,16.8
SALE01791,2023-04-27,S004,Eastpark,P002,Headphones,Electronics,9,79.99,32.4,719.91,291.6,428.31
SALE01792,2023-01-02,S003,Northgate,P015,Olive Oil,Food,1,9.99,5.29,9.99,5.29,4.7
SALE01793,2023-01-07,S005,Southmall,P009,Coffee Maker,Home,4,59.99,29.06,239.96,116.24,123.72
SALE01794,2023-01-24,S003,Northgate,P013,Protein Bar,Food,8,2.99,1.21,23.92,9.68,14.24
SALE01795,2023-07-06,S005,Southmall,P002,Headphones,Electronics,7,79.99,32.4,559.93,226.8,333.13
SALE01796,2023-03-18,S005,Southmall,P010,Blender,Home,3,39.99,16.23,119.97,48.69,71.28
SALE01797,2023-01-19,S002,Westside,P016,Granola,Food,9,6.99,3.56,62.91,32.04,30.87
SALE01798,2023-12-02,S001,Downtown,P006,Jeans,Clothing,7,49.99,26.76,349.93,187.32,162.61
SALE01799,2023-04-25,S002,Westside,P001,Laptop,Electronics,6,899.99,475.09,5399.94,2850.54,2549.4
SALE01800,2023-05-08,S004,Eastpark,P016,Granola,Food,7,6.99,3.56,48.93,24.92,24.01
SALE01801,2023-06-13,S002,Westside,P007,Jacket,Clothing,5,89.99,52.05,449.95,260.25,189.7
SALE01802,2023-02-09,S001,Downtown,P012,Lamp,Home,10,34.99,17.53,349.9,175.3,174.6
SALE01803,2023-07-10,S003,Northgate,P003,Smartwatch,Electronics,2,199.99,91.0,399.98,182.0,217.98
SALE01804,2023-09-15,S002,Westside,P015,Olive Oil,Food,1,9.99,5.29,9.99,5.29,4.7
SALE01805,2023-04-02,S001,Downtown,P010,Blender,Home,4,39.99,16.23,159.96,64.92,95.04
SALE01806,2023-09-22,S002,Westside,P011,Vacuum,Home,1,129.99,57.68,129.99,57.68,72.31
SALE01807,2023-07-25,S001,Downtown,P014,Coffee Beans,Food,2,14.99,6.59,29.98,13.18,16.8
SALE01808,2023-08-27,S005,Southmall,P011,Vacuum,Home,5,129.99,57.68,649.95,288.4,361.55
SALE01809,2023-06-09,S005,Southmall,P011,Vacuum,Home,6,129.99,57.68,779.94,346.08,433.86
SALE01810,2023-02-14,S002,Westside,P013,Protein Bar,Food,9,2.99,1.21,26.91,10.89,16.02
SALE01811,2023-08-22,S005,Southmall,P008,Sneakers,Clothing,1,69.99,29.21,69.99,29.21,40.78
SALE01812,2023-07-08,S003,Northgate,P001,Laptop,Electronics,4,899.99,475.09,3599.96,1900.36,1699.6
SALE01813,2023-05-30,S002,Westside,P013,Protein Bar,Food,10,2.99,1.21,29.9,12.1,17.8
SALE01814,2023-06-05,S001,Downtown,P010,Blender,Home,10,39.99,16.23,399.9,162.3,237.6
SALE01815,2023-05-05,S005,Southmall,P014,Coffee Beans,Food,8,14.99,6.59,119.92,52.72,67.2
SALE01816,2023-07-08,S004,Eastpark,P009,Coffee Maker,Home,10,59.99,29.06,599.9,290.6,309.3
SALE01817,2023-09-10,S001,Downtown,P011,Vacuum,Home,4,129.99,57.68,519.96,230.72,289.24
SALE01818,2023-10-07,S004,Eastpark,P003,Smartwatch,Electronics,4,199.99,91.0,799.96,364.0,435.96
SALE01819,2023-03-19,S002,Westside,P006,Jeans,Clothing,1,49.99,26.76,49.99,26.76,23.23
SALE01820,2023-07-29,S004,Eastpark,P011,Vacuum,Home,1,129.99,57.68,129.99,57.68,72.31
SALE01821,2023-04-30,S003,Northgate,P003,Smartwatch,Electronics,9,199.99,91.0,1799.91,819.0,980.91
SALE01822,2023-06-27,S003,Northgate,P011,Vacuum,Home,1,129.99,57.68,129.99,57.68,72.31
SALE01823,2023-06-21,S005,Southmall,P010,Blender,Home,1,39.99,16.23,39.99,16.23,23.76
SALE01824,2023-12-03,S003,Northgate,P011,Vacuum,Home,7,129.99,57.68,909.93,403.76,506.17
SALE01825,2023-06-07,S001,Downtown,P015,Olive Oil,Food,2,9.99,5.29,19.98,10.58,9.4
SALE01826,2023-04-16,S002,Westside,P009,Coffee Maker,Home,9,59.99,29.06,539.91,261.54,278.37
SALE01827,2023-05-02,S005,Southmall,P008,Sneakers,Clothing,7,69.99,29.21,489.93,204.47,285.46
SALE01828,2023-09-09,S003,Northgate,P008,Sneakers,Clothing,1,69.99,29.21,69.99,29.21,40.78
SALE01829,2023-03-14,S001,Downtown,P013,Protein Bar,Food,5,2.99,1.21,14.95,6.05,8.9
SALE01830,2023-02-17,S001,Downtown,P015,Olive Oil,Food,1,9.99,5.29,9.99,5.29,4.7
SALE01831,2023-04-29,S004,Eastpark,P009,Coffee Maker,Home,9,59.99,29.06,539.91,261.54,278.37
SALE01832,2023-07-31,S001,Downtown,P010,Blender,Home,6,39.99,16.23,239.94,97.38,142.56
SALE01833,2023-08-23,S002,Westside,P012,Lamp,Home,2,34.99,17.53,69.98,35.06,34.92
SALE01834,2023-10-25,S002,Westside,P006,Jeans,Clothing,2,49.99,26.76,99.98,53.52,46.46
SALE01835,2023-09-16,S001,Downtown,P006,Jeans,Clothing,3,49.99,26.76,149.97,80.28,69.69
SALE01836,2023-11-23,S004,Eastpark,P015,Olive Oil,Food,7,9.99,5.29,69.93,37.03,32.9
SALE01837,2023-02-08,S004,Eastpark,P006,Jeans,Clothing,10,49.99,26.76,499.9,267.6,232.3
SALE01838,2023-10-18,S004,Eastpark,P007,Jacket,Clothing,1,89.99,52.05,89.99,52.05,37.94
SALE01839,2023-08-11,S005,Southmall,P012,Lamp,Home,3,34.99,17.53,104.97,52.59,52.38
SALE01840,2023-05-02,S003,Northgate,P012,Lamp,Home,5,34.99,17.53,174.95,87.65,87.3
SALE01841,2023-05-14,S002,Westside,P014,Coffee Beans,Food,6,14.99,6.59,89.94,39.54,50.4
SALE01842,2023-07-21,S001,Downtown,P010,Blender,Home,6,39.99,16.23,239.94,97.38,142.56
SALE01843,2023-06-12,S002,Westside,P007,Jacket,Clothing,8,89.99,52.05,719.92,416.4,303.52
SALE01844,2023-05-20,S002,Westside,P008,Sneakers,Clothing,4,69.99,29.21,279.96,116.84,163.12
SALE01845,2023-02-08,S002,Westside,P012,Lamp,Home,4,34.99,17.53,139.96,70.12,69.84
SALE01846,2023-03-11,S001,Downtown,P016,Granola,Food,10,6.99,3.56,69.9,35.6,34.3
SALE01847,2023-02-25,S004,Eastpark,P003,Smartwatch,Electronics,3,199.99,91.0,599.97,273.0,326.97
SALE01848,2023-02-24,S005,Southmall,P006,Jeans,Clothing,3,49.99,26.76,149.97,80.28,69.69
SALE01849,2023-08-19,S004,Eastpark,P016,Granola,Food,8,6.99,3.56,55.92,28.48,27.44
SALE01850,2023-06-10,S005,Southmall,P010,Blender,Home,7,39.99,16.23,279.93,113.61,166.32
SALE01851,2023-03-03,S003,Northgate,P008,Sneakers,Clothing,9,69.99,29.21,629.91,262.89,367.02
SALE01852,2023-07-03,S004,Eastpark,P007,Jacket,Clothing,4,89.99,52.05,359.96,208.2,151.76
SALE01853,2023-08-20,S001,Downtown,P010,Blender,Home,5,39.99,16.23,199.95,81.15,118.8
SALE01854,2023-08-26,S003,Northgate,P009,Coffee Maker,Home,5,59.99,29.06,299.95,145.3,154.65
SALE01855,2023-03-03,S001,Downtown,P016,Granola,Food,2,6.99,3.56,13.98,7.12,6.86
SALE01856,2023-03-22,S005,Southmall,P015,Olive Oil,Food,5,9.99,5.29,49.95,26.45,23.5
SALE01857,2023-12-27,S004,Eastpark,P016,Granola,Food,10,6.99,3.56,69.9,35.6,34.3
SALE01858,2023-01-21,S002,Westside,P012,Lamp,Home,4,34.99,17.53,139.96,70.12,69.84
SALE01859,2023-06-17,S002,Westside,P007,Jacket,Clothing,3,89.99,52.05,269.97,156.15,113.82
SALE01860,2023-02-16,S002,Westside,P012,Lamp,Home,4,34.99,17.53,139.96,70.12,69.84
SALE01861,2023-07-02,S002,Westside,P009,Coffee Maker,Home,7,59.99,29.06,419.93,203.42,216.51
SALE01862,2023-09-20,S005,Southmall,P003,Smartwatch,Electronics,1,199.99,91.0,199.99,91.0,108.99
SALE01863,2023-12-13,S004,Eastpark,P006,Jeans,Clothing,5,49.99,26.76,249.95,133.8,116.15
SALE01864,2023-05-14,S003,Northgate,P005,T-Shirt,Clothing,3,19.99,10.94,59.97,32.82,27.15
SALE01865,2023-01-16,S005,Southmall,P007,Jacket,Clothing,7,89.99,52.05,629.93,364.35,265.58
SALE01866,2023-08-20,S002,Westside,P007,Jacket,Clothing,9,89.99,52.05,809.91,468.45,341.46
SALE01867,2023-10-09,S005,Southmall,P013,Protein Bar,Food,4,2.99,1.21,11.96,4.84,7.12
SALE01868,2023-02-18,S001,Downtown,P013,Protein Bar,Food,8,2.99,1.21,23.92,9.68,14.24
SALE01869,2023-02-22,S004,Eastpark,P002,Headphones,Electronics,3,79.99,32.4,239.97,97.2,142.77
SALE01870,2023-03-04,S003,Northgate,P016,Granola,Food,1,6.99,3.56,6.99,3.56,3.43
SALE01871,2023-02-01,S003,Northgate,P010,Blender,Home,4,39.99,16.23,159.96,64.92,95.04
SALE01872,2023-03-08,S004,Eastpark,P015,Olive Oil,Food,4,9.99,5.29,39.96,21.16,18.8
SALE01873,2023-07-25,S003,Northgate,P004,Tablet,Electronics,6,449.99,200.08,2699.94,1200.48,1499.46
SALE01874,2023-12-18,S004,Eastpark,P006,Jeans,Clothing,2,49.99,26.76,99.98,53.52,46.46
SALE01875,2023-10-26,S003,Northgate,P016,Granola,Food,10,6.99,3.56,69.9,35.6,34.3
SALE01876,2023-05-13,S003,Northgate,P002,Headphones,Electronics,2,79.99,32.4,159.98,64.8,95.18
SALE01877,2023-01-12,S005,Southmall,P009,Coffee Maker,Home,2,59.99,29.06,119.98,58.12,61.86
SALE01878,2023-04-12,S003,Northgate,P001,Laptop,Electronics,8,899.99,475.09,7199.92,3800.72,3399.2
SALE01879,2023-03-07,S003,Northgate,P005,T-Shirt,Clothing,2,19.99,10.94,39.98,21.88,18.1
SALE01880,2023-06-19,S005,Southmall,P015,Olive Oil,Food,2,9.99,5.29,19.98,10.58,9.4
SALE01881,2023-01-22,S005,Southmall,P011,Vacuum,Home,8,129.99,57.68,1039.92,461.44,578.48
SALE01882,2023-01-26,S002,Westside,P015,Olive Oil,Food,3,9.99,5.29,29.97,15.87,14.1
SALE01883,2023-10-21,S005,Southmall,P011,Vacuum,Home,7,129.99,57.68,909.93,403.76,506.17
SALE01884,2023-07-22,S004,Eastpark,P011,Vacuum,Home,8,129.99,57.68,1039.92,461.44,578.48
SALE01885,2023-01-16,S001,Downtown,P004,Tablet,Electronics,7,449.99,200.08,3149.93,1400.56,1749.37
SALE01886,2023-12-16,S004,Eastpark,P006,Jeans,Clothing,7,49.99,26.76,349.93,187.32,162.61
SALE01887,2023-03-30,S001,Downtown,P009,Coffee Maker,Home,6,59.99,29.06,359.94,174.36,185.58
SALE01888,2023-04-20,S003,Northgate,P002,Headphones,Electronics,3,79.99,32.4,239.97,97.2,142.77
SALE01889,2023-05-21,S003,Northgate,P007,Jacket,Clothing,5,89.99,52.05,449.95,260.25,189.7
SALE01890,2023-08-17,S005,Southmall,P002,Headphones,Electronics,3,79.99,32.4,239.97,97.2,142.77
SALE01891,2023-01-18,S003,Northgate,P008,Sneakers,Clothing,10,69.99,29.21,699.9,292.1,407.8
SALE01892,2023-11-14,S005,Southmall,P007,Jacket,Clothing,10,89.99,52.05,899.9,520.5,379.4
SALE01893,2023-05-06,S004,Eastpark,P006,Jeans,Clothing,5,49.99,26.76,249.95,133.8,116.15
SALE01894,2023-09-13,S002,Westside,P002,Headphones,Electronics,7,79.99,32.4,559.93,226.8,333.13
SALE01895,2023-10-09,S003,Northgate,P013,Protein Bar,Food,8,2.99,1.21,23.92,9.68,14.24
SALE01896,2023-02-01,S003,Northgate,P004,Tablet,Electronics,2,449.99,200.08,899.98,400.16,499.82
SALE01897,2023-05-24,S001,Downtown,P011,Vacuum,Home,7,129.99,57.68,909.93,403.76,506.17
SALE01898,2023-03-12,S004,Eastpark,P011,Vacuum,Home,7,129.99,57.68,909.93,403.76,506.17
SALE01899,2023-04-13,S004,Eastpark,P006,Jeans,Clothing,9,49.99,26.76,449.91,240.84,209.07
SALE01900,2023-05-08,S003,Northgate,P008,Sneakers,Clothing,9,69.99,29.21,629.91,262.89,367.02
SALE01901,2023-01-10,S005,Southmall,P013,Protein Bar,Food,7,2.99,1.21,20.93,8.47,12.46
SALE01902,2023-07-03,S004,Eastpark,P003,Smartwatch,Electronics,8,199.99,91.0,1599.92,728.0,871.92
SALE01903,2023-10-06,S003,Northgate,P012,Lamp,Home,8,34.99,17.53,279.92,140.24,139.68
SALE01904,2023-06-26,S002,Westside,P003,Smartwatch,Electronics,10,199.99,91.0,1999.9,910.0,1089.9
SALE01905,2023-09-15,S003,Northgate,P006,Jeans,Clothing,6,49.99,26.76,299.94,160.56,139.38
SALE01906,2023-07-18,S004,Eastpark,P001,Laptop,Electronics,5,899.99,475.09,4499.95,2375.45,2124.5
SALE01907,2023-04-03,S003,Northgate,P013,Protein Bar,Food,1,2.99,1.21,2.99,1.21,1.78
SALE01908,2023-06-13,S001,Downtown,P010,Blender,Home,10,39.99,16.23,399.9,162.3,237.6
SALE01909,2023-04-23,S001,Downtown,P011,Vacuum,Home,1,129.99,57.68,129.99,57.68,72.31
SALE01910,2023-05-24,S002,Westside,P006,Jeans,Clothing,1,49.99,26.76,49.99,26.76,23.23
SALE01911,2023-08-30,S003,Northgate,P002,Headphones,Electronics,9,79.99,32.4,719.91,291.6,428.31
SALE01912,2023-07-03,S001,Downtown,P004,Tablet,Electronics,10,449.99,200.08,4499.9,2000.8,2499.1
SALE01913,2023-04-30,S003,Northgate,P004,Tablet,Electronics,3,449.99,200.08,1349.97,600.24,749.73
SALE01914,2023-02-21,S003,Northgate,P015,Olive Oil,Food,4,9.99,5.29,39.96,21.16,18.8
SALE01915,2023-12-03,S002,Westside,P005,T-Shirt,Clothing,4,19.99,10.94,79.96,43.76,36.2
SALE01916,2023-05-17,S004,Eastpark,P001,Laptop,Electronics,9,899.99,475.09,8099.91,4275.81,3824.1
SALE01917,2023-01-29,S003,Northgate,P005,T-Shirt,Clothing,4,19.99,10.94,79.96,43.76,36.2
SALE01918,2023-10-22,S002,Westside,P001,Laptop,Electronics,7,899.99,475.09,6299.93,3325.63,2974.3
SALE01919,2023-07-01,S001,Downtown,P016,Granola,Food,3,6.99,3.56,20.97,10.68,10.29
SALE01920,2023-04-01,S004,Eastpark,P007,Jacket,Clothing,4,89.99,52.05,359.96,208.2,151.76
SALE01921,2023-10-31,S002,Westside,P012,Lamp,Home,6,34.99,17.53,209.94,105.18,104.76
SALE01922,2023-12-24,S003,Northgate,P016,Granola,Food,6,6.99,3.56,41.94,21.36,20.58
SALE01923,2023-10-30,S004,Eastpark,P013,Protein Bar,Food,1,2.99,1.21,2.99,1.21,1.78
SALE01924,2023-12-27,S002,Westside,P007,Jacket,Clothing,6,89.99,52.05,539.94,312.3,227.64
SALE01925,2023-10-18,S005,Southmall,P012,Lamp,Home,10,34.99,17.53,349.9,175.3,174.6
SALE01926,2023-03-14,S002,Westside,P005,T-Shirt,Clothing,10,19.99,10.94,199.9,109.4,90.5
SALE01927,2023-04-07,S004,Eastpark,P013,Protein Bar,Food,8,2.99,1.21,23.92,9.68,14.24
SALE01928,2023-10-05,S002,Westside,P016,Granola,Food,5,6.99,3.56,34.95,17.8,17.15
SALE01929,2023-03-31,S001,Downtown,P004,Tablet,Electronics,8,449.99,200.08,3599.92,1600.64,1999.28
SALE01930,2023-01-20,S004,Eastpark,P012,Lamp,Home,2,34.99,17.53,69.98,35.06,34.92
SALE01931,2023-01-29,S002,Westside,P004,Tablet,Electronics,4,449.99,200.08,1799.96,800.32,999.64
SALE01932,2023-11-05,S003,Northgate,P001,Laptop,Electronics,4,899.99,475.09,3599.96,1900.36,1699.6
SALE01933,2023-01-11,S002,Westside,P006,Jeans,Clothing,9,49.99,26.76,449.91,240.84,209.07
SALE01934,2023-09-02,S003,Northgate,P011,Vacuum,Home,1,129.99,57.68,129.99,57.68,72.31
SALE01935,2023-06-19,S002,Westside,P013,Protein Bar,Food,10,2.99,1.21,29.9,12.1,17.8
SALE01936,2023-04-14,S001,Downtown,P010,Blender,Home,3,39.99,16.23,119.97,48.69,71.28
SALE01937,2023-06-24,S003,Northgate,P008,Sneakers,Clothing,3,69.99,29.21,209.97,87.63,122.34
SALE01938,2023-06-15,S004,Eastpark,P008,Sneakers,Clothing,1,69.99,29.21,69.99,29.21,40.78
SALE01939,2023-01-12,S002,Westside,P016,Granola,Food,3,6.99,3.56,20.97,10.68,10.29
SALE01940,2023-10-28,S005,Southmall,P014,Coffee Beans,Food,3,14.99,6.59,44.97,19.77,25.2
SALE01941,2023-02-26,S001,Downtown,P003,Smartwatch,Electronics,9,199.99,91.0,1799.91,819.0,980.91
SALE01942,2023-07-06,S004,Eastpark,P004,Tablet,Electronics,2,449.99,200.08,899.98,400.16,499.82
SALE01943,2023-07-11,S004,Eastpark,P004,Tablet,Electronics,7,449.99,200.08,3149.93,1400.56,1749.37
SALE01944,2023-10-28,S003,Northgate,P012,Lamp,Home,2,34.99,17.53,69.98,35.06,34.92
SALE01945,2023-06-22,S003,Northgate,P008,Sneakers,Clothing,5,69.99,29.21,349.95,146.05,203.9
SALE01946,2023-06-15,S003,Northgate,P015,Olive Oil,Food,3,9.99,5.29,29.97,15.87,14.1
SALE01947,2023-03-22,S001,Downtown,P006,Jeans,Clothing,7,49.99,26.76,349.93,187.32,162.61
SALE01948,2023-11-24,S004,Eastpark,P008,Sneakers,Clothing,8,69.99,29.21,559.92,233.68,326.24
SALE01949,2023-11-29,S004,Eastpark,P013,Protein Bar,Food,6,2.99,1.21,17.94,7.26,10.68
SALE01950,2023-03-31,S004,Eastpark,P013,Protein Bar,Food,9,2.99,1.21,26.91,10.89,16.02
SALE01951,2023-12-22,S003,Northgate,P016,Granola,Food,10,6.99,3.56,69.9,35.6,34.3
SALE01952,2023-07-02,S003,Northgate,P003,Smartwatch,Electronics,4,199.99,91.0,799.96,364.0,435.96
SALE01953,2023-12-07,S002,Westside,P014,Coffee Beans,Food,10,14.99,6.59,149.9,65.9,84.0
SALE01954,2023-03-31,S002,Westside,P012,Lamp,Home,7,34.99,17.53,244.93,122.71,122.22
SALE01955,2023-06-07,S002,Westside,P001,Laptop,Electronics,5,899.99,475.09,4499.95,2375.45,2124.5
SALE01956,2023-03-07,S001,Downtown,P002,Headphones,Electronics,3,79.99,32.4,239.97,97.2,142.77
SALE01957,2023-01-01,S002,Westside,P012,Lamp,Home,10,34.99,17.53,349.9,175.3,174.6
SALE01958,2023-07-20,S001,Downtown,P007,Jacket,Clothing,10,89.99,52.05,899.9,520.5,379.4
SALE01959,2023-01-17,S003,Northgate,P015,Olive Oil,Food,3,9.99,5.29,29.97,15.87,14.1
SALE01960,2023-11-05,S002,Westside,P009,Coffee Maker,Home,6,59.99,29.06,359.94,174.36,185.58
SALE01961,2023-11-10,S003,Northgate,P009,Coffee Maker,Home,4,59.99,29.06,239.96,116.24,123.72
SALE01962,2023-11-24,S004,Eastpark,P016,Granola,Food,10,6.99,3.56,69.9,35.6,34.3
SALE01963,2023-02-23,S002,Westside,P011,Vacuum,Home,8,129.99,57.68,1039.92,461.44,578.48
SALE01964,2023-03-14,S004,Eastpark,P001,Laptop,Electronics,6,899.99,475.09,5399.94,2850.54,2549.4
SALE01965,2023-02-09,S001,Downtown,P014,Coffee Beans,Food,4,14.99,6.59,59.96,26.36,33.6
SALE01966,2023-06-27,S002,Westside,P008,Sneakers,Clothing,6,69.99,29.21,419.94,175.26,244.68
SALE01967,2023-03-27,S003,Northgate,P013,Protein Bar,Food,2,2.99,1.21,5.98,2.42,3.56
SALE01968,2023-12-29,S001,Downtown,P003,Smartwatch,Electronics,6,199.99,91.0,1199.94,546.0,653.94
SALE01969,2023-08-17,S005,Southmall,P007,Jacket,Clothing,1,89.99,52.05,89.99,52.05,37.94
SALE01970,2023-05-16,S003,Northgate,P008,Sneakers,Clothing,4,69.99,29.21,279.96,116.84,163.12
SALE01971,2023-05-08,S001,Downtown,P008,Sneakers,Clothing,2,69.99,29.21,139.98,58.42,81.56
SALE01972,2023-06-29,S003,Northgate,P005,T-Shirt,Clothing,5,19.99,10.94,99.95,54.7,45.25
SALE01973,2023-02-25,S005,Southmall,P008,Sneakers,Clothing,1,69.99,29.21,69.99,29.21,40.78
SALE01974,2023-01-25,S003,Northgate,P014,Coffee Beans,Food,7,14.99,6.59,104.93,46.13,58.8
SALE01975,2023-08-13,S002,Westside,P011,Vacuum,Home,7,129.99,57.68,909.93,403.76,506.17
SALE01976,2023-03-27,S004,Eastpark,P011,Vacuum,Home,7,129.99,57.68,909.93,403.76,506.17
SALE01977,2023-09-10,S004,Eastpark,P002,Headphones,Electronics,7,79.99,32.4,559.93,226.8,333.13
SALE01978,2023-06-29,S002,Westside,P014,Coffee Beans,Food,9,14.99,6.59,134.91,59.31,75.6
SALE01979,2023-07-12,S004,Eastpark,P002,Headphones,Electronics,2,79.99,32.4,159.98,64.8,95.18
SALE01980,2023-09-03,S004,Eastpark,P001,Laptop,Electronics,10,899.99,475.09,8999.9,4750.9,4249.0
SALE01981,2023-11-30,S002,Westside,P006,Jeans,Clothing,4,49.99,26.76,199.96,107.04,92.92
SALE01982,2023-03-25,S001,Downtown,P012,Lamp,Home,8,34.99,17.53,279.92,140.24,139.68
SALE01983,2023-02-07,S004,Eastpark,P014,Coffee Beans,Food,1,14.99,6.59,14.99,6.59,8.4
SALE01984,2023-05-31,S003,Northgate,P013,Protein Bar,Food,1,2.99,1.21,2.99,1.21,1.78
SALE01985,2023-06-13,S004,Eastpark,P012,Lamp,Home,5,34.99,17.53,174.95,87.65,87.3
SALE01986,2023-02-23,S002,Westside,P002,Headphones,Electronics,2,79.99,32.4,159.98,64.8,95.18
SALE01987,2023-06-25,S002,Westside,P006,Jeans,Clothing,3,49.99,26.76,149.97,80.28,69.69
SALE01988,2023-07-12,S005,Southmall,P008,Sneakers,Clothing,3,69.99,29.21,209.97,87.63,122.34
SALE01989,2023-02-08,S005,Southmall,P001,Laptop,Electronics,9,899.99,475.09,8099.91,4275.81,3824.1
SALE01990,2023-02-17,S002,Westside,P011,Vacuum,Home,6,129.99,57.68,779.94,346.08,433.86
SALE01991,2023-11-01,S002,Westside,P007,Jacket,Clothing,10,89.99,52.05,899.9,520.5,379.4
SALE01992,2023-09-05,S002,Westside,P010,Blender,Home,1,39.99,16.23,39.99,16.23,23.76
SALE01993,2023-08-09,S001,Downtown,P006,Jeans,Clothing,3,49.99,26.76,149.97,80.28,69.69
SALE01994,2023-11-07,S002,Westside,P008,Sneakers,Clothing,7,69.99,29.21,489.93,204.47,285.46
SALE01995,2023-03-22,S005,Southmall,P002,Headphones,Electronics,1,79.99,32.4,79.99,32.4,47.59
SALE01996,2023-02-21,S002,Westside,P014,Coffee Beans,Food,6,14.99,6.59,89.94,39.54,50.4
SALE01997,2023-04-16,S004,Eastpark,P011,Vacuum,Home,4,129.99,57.68,519.96,230.72,289.24
SALE01998,2023-07-29,S005,Southmall,P005,T-Shirt,Clothing,9,19.99,10.94,179.91,98.46,81.45
SALE01999,2023-10-04,S001,Downtown,P007,Jacket,Clothing,5,89.99,52.05,449.95,260.25,189.7
SALE02000,2023-12-05,S004,Eastpark,P004,Tablet,Electronics,5,449.99,200.08,2249.95,1000.4,1249.55
SALE02001,2023-06-02,S005,Southmall,P016,Granola,Food,4,6.99,3.56,27.96,14.24,13.72
SALE02002,2023-02-19,S005,Southmall,P003,Smartwatch,Electronics,1,199.99,91.0,199.99,91.0,108.99
SALE02003,2023-07-21,S004,Eastpark,P007,Jacket,Clothing,10,89.99,52.05,899.9,520.5,379.4
SALE02004,2023-10-09,S005,Southmall,P013,Protein Bar,Food,8,2.99,1.21,23.92,9.68,14.24
SALE02005,2023-03-20,S004,Eastpark,P014,Coffee Beans,Food,1,14.99,6.59,14.99,6.59,8.4
SALE02006,2023-07-04,S003,Northgate,P008,Sneakers,Clothing,1,69.99,29.21,69.99,29.21,40.78
SALE02007,2023-08-07,S005,Southmall,P005,T-Shirt,Clothing,2,19.99,10.94,39.98,21.88,18.1
SALE02008,2023-05-31,S002,Westside,P009,Coffee Maker,Home,10,59.99,29.06,599.9,290.6,309.3
SALE02009,2023-09-03,S005,Southmall,P011,Vacuum,Home,4,129.99,57.68,519.96,230.72,289.24
SALE02010,2023-02-19,S002,Westside,P006,Jeans,Clothing,1,49.99,26.76,49.99,26.76,23.23
SALE02011,2023-04-16,S003,Northgate,P007,Jacket,Clothing,3,89.99,52.05,269.97,156.15,113.82
SALE02012,2023-11-23,S005,Southmall,P012,Lamp,Home,5,34.99,17.53,174.95,87.65,87.3
SALE02013,2023-02-11,S003,Northgate,P008,Sneakers,Clothing,8,69.99,29.21,559.92,233.68,326.24
SALE02014,2023-03-01,S003,Northgate,P010,Blender,Home,5,39.99,16.23,199.95,81.15,118.8
SALE02015,2023-07-23,S003,Northgate,P016,Granola,Food,8,6.99,3.56,55.92,28.48,27.44
SALE02016,2023-09-08,S002,Westside,P011,Vacuum,Home,5,129.99,57.68,649.95,288.4,361.55
SALE02017,2023-02-16,S004,Eastpark,P002,Headphones,Electronics,9,79.99,32.4,719.91,291.6,428.31
SALE02018,2023-07-18,S005,Southmall,P004,Tablet,Electronics,3,449.99,200.08,1349.97,600.24,749.73
SALE02019,2023-07-09,S001,Downtown,P008,Sneakers,Clothing,7,69.99,29.21,489.93,204.47,285.46
SALE02020,2023-07-09,S001,Downtown,P015,Olive Oil,Food,3,9.99,5.29,29.97,15.87,14.1
SALE02021,2023-08-17,S005,Southmall,P009,Coffee Maker,Home,1,59.99,29.06,59.99,29.06,30.93
SALE02022,2023-05-15,S004,Eastpark,P006,Jeans,Clothing,8,49.99,26.76,399.92,214.08,185.84
SALE02023,2023-08-27,S001,Downtown,P015,Olive Oil,Food,5,9.99,5.29,49.95,26.45,23.5
SALE02024,2023-04-26,S001,Downtown,P016,Granola,Food,5,6.99,3.56,34.95,17.8,17.15
SALE02025,2023-10-16,S003,Northgate,P016,Granola,Food,1,6.99,3.56,6.99,3.56,3.43
SALE02026,2023-03-19,S002,Westside,P011,Vacuum,Home,2,129.99,57.68,259.98,115.36,144.62
SALE02027,2023-02-13,S003,Northgate,P009,Coffee Maker,Home,6,59.99,29.06,359.94,174.36,185.58
SALE02028,2023-10-05,S001,Downtown,P008,Sneakers,Clothing,7,69.99,29.21,489.93,204.47,285.46
SALE02029,2023-10-29,S004,Eastpark,P003,Smartwatch,Electronics,4,199.99,91.0,799.96,364.0,435.96
SALE02030,2023-10-11,S004,Eastpark,P001,Laptop,Electronics,1,899.99,475.09,899.99,475.09,424.9
SALE02031,2023-07-18,S002,Westside,P008,Sneakers,Clothing,9,69.99,29.21,629.91,262.89,367.02
SALE02032,2023-08-03,S004,Eastpark,P009,Coffee Maker,Home,9,59.99,29.06,539.91,261.54,278.37
SALE02033,2023-12-18,S003,Northgate,P010,Blender,Home,8,39.99,16.23,319.92,129.84,190.08
SALE02034,2023-10-21,S004,Eastpark,P012,Lamp,Home,4,34.99,17.53,139.96,70.12,69.84
SALE02035,2023-09-01,S001,Downtown,P003,Smartwatch,Electronics,5,199.99,91.0,999.95,455.0,544.95
SALE02036,2023-02-10,S004,Eastpark,P011,Vacuum,Home,7,129.99,57.68,909.93,403.76,506.17
SALE02037,2023-01-18,S003,Northgate,P011,Vacuum,Home,9,129.99,57.68,1169.91,519.12,650.79
SALE02038,2023-10-20,S004,Eastpark,P007,Jacket,Clothing,9,89.99,52.05,809.91,468.45,341.46
SALE02039,2023-10-20,S003,Northgate,P014,Coffee Beans,Food,10,14.99,6.59,149.9,65.9,84.0
SALE02040,2023-03-17,S004,Eastpark,P004,Tablet,Electronics,2,449.99,200.08,899.98,400.16,499.82
SALE02041,2023-08-18,S004,Eastpark,P010,Blender,Home,3,39.99,16.23,119.97,48.69,71.28
SALE02042,2023-03-27,S001,Downtown,P015,Olive Oil,Food,4,9.99,5.29,39.96,21.16,18.8
SALE02043,2023-04-09,S005,Southmall,P005,T-Shirt,Clothing,3,19.99,10.94,59.97,32.82,27.15
SALE02044,2023-01-22,S002,Westside,P005,T-Shirt,Clothing,7,19.99,10.94,139.93,76.58,63.35
SALE02045,2023-02-10,S002,Westside,P003,Smartwatch,Electronics,7,199.99,91.0,1399.93,637.0,762.93
SALE02046,2023-04-14,S005,Southmall,P016,Granola,Food,3,6.99,3.56,20.97,10.68,10.29
SALE02047,2023-11-01,S002,Westside,P001,Laptop,Electronics,5,899.99,475.09,4499.95,2375.45,2124.5
SALE02048,2023-06-13,S003,Northgate,P003,Smartwatch,Electronics,2,199.99,91.0,399.98,182.0,217.98
SALE02049,2023-02-14,S004,Eastpark,P001,Laptop,Electronics,7,899.99,475.09,6299.93,3325.63,2974.3
SALE02050,2023-10-12,S005,Southmall,P007,Jacket,Clothing,7,89.99,52.05,629.93,364.35,265.58
SALE02051,2023-10-10,S004,Eastpark,P015,Olive Oil,Food,6,9.99,5.29,59.94,31.74,28.2
SALE02052,2023-05-22,S001,Downtown,P001,Laptop,Electronics,9,899.99,475.09,8099.91,4275.81,3824.1
SALE02053,2023-08-23,S003,Northgate,P011,Vacuum,Home,1,129.99,57.68,129.99,57.68,72.31
SALE02054,2023-12-25,S001,Downtown,P016,Granola,Food,10,6.99,3.56,69.9,35.6,34.3
SALE02055,2023-10-28,S005,Southmall,P011,Vacuum,Home,9,129.99,57.68,1169.91,519.12,650.79
SALE02056,2023-08-03,S003,Northgate,P014,Coffee Beans,Food,2,14.99,6.59,29.98,13.18,16.8
SALE02057,2023-08-01,S001,Downtown,P001,Laptop,Electronics,3,899.99,475.09,2699.97,1425.27,1274.7
SALE02058,2023-03-17,S005,Southmall,P013,Protein Bar,Food,10,2.99,1.21,29.9,12.1,17.8
SALE02059,2023-10-29,S003,Northgate,P011,Vacuum,Home,10,129.99,57.68,1299.9,576.8,723.1
SALE02060,2023-02-21,S001,Downtown,P016,Granola,Food,2,6.99,3.56,13.98,7.12,6.86
SALE02061,2023-10-16,S001,Downtown,P005,T-Shirt,Clothing,2,19.99,10.94,39.98,21.88,18.1
SALE02062,2023-05-27,S004,Eastpark,P012,Lamp,Home,9,34.99,17.53,314.91,157.77,157.14
SALE02063,2023-06-26,S005,Southmall,P007,Jacket,Clothing,7,89.99,52.05,629.93,364.35,265.58
SALE02064,2023-05-16,S001,Downtown,P011,Vacuum,Home,7,129.99,57.68,909.93,403.76,506.17
SALE02065,2023-12-02,S002,Westside,P012,Lamp,Home,8,34.99,17.53,279.92,140.24,139.68
SALE02066,2023-10-20,S003,Northgate,P009,Coffee Maker,Home,10,59.99,29.06,599.9,290.6,309.3
SALE02067,2023-08-31,S003,Northgate,P011,Vacuum,Home,1,129.99,57.68,129.99,57.68,72.31
SALE02068,2023-03-30,S004,Eastpark,P004,Tablet,Electronics,5,449.99,200.08,2249.95,1000.4,1249.55
SALE02069,2023-07-26,S003,Northgate,P009,Coffee Maker,Home,3,59.99,29.06,179.97,87.18,92.79
SALE02070,2023-11-13,S001,Downtown,P009,Coffee Maker,Home,10,59.99,29.06,599.9,290.6,309.3
SALE02071,2023-12-15,S001,Downtown,P003,Smartwatch,Electronics,7,199.99,91.0,1399.93,637.0,762.93
SALE02072,2023-01-20,S004,Eastpark,P006,Jeans,Clothing,7,49.99,26.76,349.93,187.32,162.61
SALE02073,2023-06-19,S002,Westside,P014,Coffee Beans,Food,4,14.99,6.59,59.96,26.36,33.6
SALE02074,2023-01-26,S004,Eastpark,P002,Headphones,Electronics,8,79.99,32.4,639.92,259.2,380.72
SALE02075,2023-05-18,S004,Eastpark,P012,Lamp,Home,6,34.99,17.53,209.94,105.18,104.76
SALE02076,2023-01-11,S001,Downtown,P008,Sneakers,Clothing,6,69.99,29.21,419.94,175.26,244.68
SALE02077,2023-06-05,S002,Westside,P001,Laptop,Electronics,5,899.99,475.09,4499.95,2375.45,2124.5
SALE02078,2023-05-24,S002,Westside,P005,T-Shirt,Clothing,8,19.99,10.94,159.92,87.52,72.4
SALE02079,2023-12-23,S003,Northgate,P010,Blender,Home,2,39.99,16.23,79.98,32.46,47.52
SALE02080,2023-04-27,S003,Northgate,P014,Coffee Beans,Food,3,14.99,6.59,44.97,19.77,25.2
SALE02081,2023-06-03,S003,Northgate,P005,T-Shirt,Clothing,8,19.99,10.94,159.92,87.52,72.4
SALE02082,2023-06-14,S004,Eastpark,P001,Laptop,Electronics,5,899.99,475.09,4499.95,2375.45,2124.5
SALE02083,2023-08-02,S001,Downtown,P004,Tablet,Electronics,10,449.99,200.08,4499.9,2000.8,2499.1
SALE02084,2023-11-27,S001,Downtown,P016,Granola,Food,2,6.99,3.56,13.98,7.12,6.86
SALE02085,2023-04-07,S004,Eastpark,P014,Coffee Beans,Food,8,14.99,6.59,119.92,52.72,67.2
SALE02086,2023-04-19,S001,Downtown,P009,Coffee Maker,Home,7,59.99,29.06,419.93,203.42,216.51
SALE02087,2023-09-06,S003,Northgate,P009,Coffee Maker,Home,9,59.99,29.06,539.91,261.54,278.37
SALE02088,2023-07-11,S005,Southmall,P016,Granola,Food,1,6.99,3.56,6.99,3.56,3.43
SALE02089,2023-09-21,S004,Eastpark,P002,Headphones,Electronics,3,79.99,32.4,239.97,97.2,142.77
SALE02090,2023-02-03,S002,Westside,P006,Jeans,Clothing,5,49.99,26.76,249.95,133.8,116.15
SALE02091,2023-12-30,S002,Westside,P014,Coffee Beans,Food,9,14.99,6.59,134.91,59.31,75.6
SALE02092,2023-07-26,S005,Southmall,P007,Jacket,Clothing,3,89.99,52.05,269.97,156.15,113.82
SALE02093,2023-09-26,S002,Westside,P004,Tablet,Electronics,10,449.99,200.08,4499.9,2000.8,2499.1
SALE02094,2023-01-15,S004,Eastpark,P003,Smartwatch,Electronics,3,199.99,91.0,599.97,273.0,326.97
SALE02095,2023-04-09,S004,Eastpark,P016,Granola,Food,4,6.99,3.56,27.96,14.24,13.72
SALE02096,2023-01-30,S005,Southmall,P008,Sneakers,Clothing,4,69.99,29.21,279.96,116.84,163.12
SALE02097,2023-01-17,S002,Westside,P005,T-Shirt,Clothing,8,19.99,10.94,159.92,87.52,72.4
SALE02098,2023-01-26,S002,Westside,P006,Jeans,Clothing,6,49.99,26.76,299.94,160.56,139.38
SALE02099,2023-12-27,S002,Westside,P001,Laptop,Electronics,4,899.99,475.09,3599.96,1900.36,1699.6
SALE02100,2023-05-21,S002,Westside,P009,Coffee Maker,Home,6,59.99,29.06,359.94,174.36,185.58
SALE02101,2023-08-26,S001,Downtown,P009,Coffee Maker,Home,9,59.99,29.06,539.91,261.54,278.37
SALE02102,2023-07-23,S002,Westside,P012,Lamp,Home,2,34.99,17.53,69.98,35.06,34.92
SALE02103,2023-12-15,S003,Northgate,P006,Jeans,Clothing,1,49.99,26.76,49.99,26.76,23.23
SALE02104,2023-05-04,S001,Downtown,P011,Vacuum,Home,6,129.99,57.68,779.94,346.08,433.86
SALE02105,2023-09-08,S005,Southmall,P013,Protein Bar,Food,10,2.99,1.21,29.9,12.1,17.8
SALE02106,2023-08-17,S001,Downtown,P011,Vacuum,Home,3,129.99,57.68,389.97,173.04,216.93
SALE02107,2023-08-31,S001,Downtown,P015,Olive Oil,Food,10,9.99,5.29,99.9,52.9,47.0
SALE02108,2023-10-10,S001,Downtown,P012,Lamp,Home,6,34.99,17.53,209.94,105.18,104.76
SALE02109,2023-06-26,S005,Southmall,P014,Coffee Beans,Food,3,14.99,6.59,44.97,19.77,25.2
SALE02110,2023-05-13,S001,Downtown,P002,Headphones,Electronics,2,79.99,32.4,159.98,64.8,95.18
SALE02111,2023-05-26,S005,Southmall,P013,Protein Bar,Food,1,2.99,1.21,2.99,1.21,1.78
SALE02112,2023-07-17,S005,Southmall,P010,Blender,Home,1,39.99,16.23,39.99,16.23,23.76
SALE02113,2023-03-25,S003,Northgate,P003,Smartwatch,Electronics,10,199.99,91.0,1999.9,910.0,1089.9
SALE02114,2023-04-20,S005,Southmall,P011,Vacuum,Home,4,129.99,57.68,519.96,230.72,289.24
SALE02115,2023-11-28,S003,Northgate,P002,Headphones,Electronics,4,79.99,32.4,319.96,129.6,190.36
SALE02116,2023-12-13,S003,Northgate,P001,Laptop,Electronics,4,899.99,475.09,3599.96,1900.36,1699.6
SALE02117,2023-05-18,S005,Southmall,P013,Protein Bar,Food,7,2.99,1.21,20.93,8.47,12.46
SALE02118,2023-09-20,S002,Westside,P002,Headphones,Electronics,1,79.99,32.4,79.99,32.4,47.59
SALE02119,2023-12-16,S002,Westside,P014,Coffee Beans,Food,1,14.99,6.59,14.99,6.59,8.4
SALE02120,2023-08-31,S001,Downtown,P015,Olive Oil,Food,3,9.99,5.29,29.97,15.87,14.1
SALE02121,2023-11-28,S002,Westside,P012,Lamp,Home,3,34.99,17.53,104.97,52.59,52.38
SALE02122,2023-11-04,S003,Northgate,P004,Tablet,Electronics,1,449.99,200.08,449.99,200.08,249.91
SALE02123,2023-04-25,S001,Downtown,P002,Headphones,Electronics,5,79.99,32.4,399.95,162.0,237.95
SALE02124,2023-11-08,S001,Downtown,P016,Granola,Food,5,6.99,3.56,34.95,17.8,17.15
SALE02125,2023-12-31,S003,Northgate,P001,Laptop,Electronics,5,899.99,475.09,4499.95,2375.45,2124.5
SALE02126,2023-08-05,S005,Southmall,P001,Laptop,Electronics,7,899.99,475.09,6299.93,3325.63,2974.3
SALE02127,2023-06-28,S002,Westside,P011,Vacuum,Home,8,129.99,57.68,1039.92,461.44,578.48
SALE02128,2023-05-10,S001,Downtown,P013,Protein Bar,Food,4,2.99,1.21,11.96,4.84,7.12
SALE02129,2023-08-27,S005,Southmall,P012,Lamp,Home,5,34.99,17.53,174.95,87.65,87.3
SALE02130,2023-12-13,S002,Westside,P013,Protein Bar,Food,9,2.99,1.21,26.91,10.89,16.02
SALE02131,2023-11-16,S005,Southmall,P010,Blender,Home,7,39.99,16.23,279.93,113.61,166.32
SALE02132,2023-10-27,S003,Northgate,P009,Coffee Maker,Home,2,59.99,29.06,119.98,58.12,61.86
SALE02133,2023-01-04,S004,Eastpark,P010,Blender,Home,9,39.99,16.23,359.91,146.07,213.84
SALE02134,2023-12-06,S003,Northgate,P016,Granola,Food,6,6.99,3.56,41.94,21.36,20.58
SALE02135,2023-10-15,S003,Northgate,P012,Lamp,Home,10,34.99,17.53,349.9,175.3,174.6
SALE02136,2023-11-08,S003,Northgate,P005,T-Shirt,Clothing,5,19.99,10.94,99.95,54.7,45.25
SALE02137,2023-06-02,S002,Westside,P004,Tablet,Electronics,2,449.99,200.08,899.98,400.16,499.82
SALE02138,2023-09-04,S005,Southmall,P009,Coffee Maker,Home,2,59.99,29.06,119.98,58.12,61.86
SALE02139,2023-06-22,S002,Westside,P004,Tablet,Electronics,5,449.99,200.08,2249.95,1000.4,1249.55
SALE02140,2023-11-24,S003,Northgate,P010,Blender,Home,6,39.99,16.23,239.94,97.38,142.56
SALE02141,2023-05-22,S001,Downtown,P010,Blender,Home,5,39.99,16.23,199.95,81.15,118.8
SALE02142,2023-12-02,S004,Eastpark,P010,Blender,Home,5,39.99,16.23,199.95,81.15,118.8
SALE02143,2023-04-07,S004,Eastpark,P014,Coffee Beans,Food,3,14.99,6.59,44.97,19.77,25.2
SALE02144,2023-09-22,S001,Downtown,P004,Tablet,Electronics,4,449.99,200.08,1799.96,800.32,999.64
SALE02145,2023-01-30,S001,Downtown,P014,Coffee Beans,Food,10,14.99,6.59,149.9,65.9,84.0
SALE02146,2023-07-26,S002,Westside,P002,Headphones,Electronics,6,79.99,32.4,479.94,194.4,285.54
SALE02147,2023-12-15,S002,Westside,P009,Coffee Maker,Home,3,59.99,29.06,179.97,87.18,92.79
SALE02148,2023-01-14,S004,Eastpark,P007,Jacket,Clothing,8,89.99,52.05,719.92,416.4,303.52
SALE02149,2023-06-01,S002,Westside,P008,Sneakers,Clothing,5,69.99,29.21,349.95,146.05,203.9
SALE02150,2023-08-03,S001,Downtown,P006,Jeans,Clothing,7,49.99,26.76,349.93,187.32,162.61
SALE02151,2023-07-18,S002,Westside,P004,Tablet,Electronics,1,449.99,200.08,449.99,200.08,249.91
SALE02152,2023-10-26,S004,Eastpark,P004,Tablet,Electronics,10,449.99,200.08,4499.9,2000.8,2499.1
SALE02153,2023-04-08,S002,Westside,P015,Olive Oil,Food,6,9.99,5.29,59.94,31.74,28.2
SALE02154,2023-04-24,S001,Downtown,P014,Coffee Beans,Food,9,14.99,6.59,134.91,59.31,75.6
SALE02155,2023-11-23,S005,Southmall,P015,Olive Oil,Food,8,9.99,5.29,79.92,42.32,37.6
SALE02156,2023-12-10,S001,Downtown,P007,Jacket,Clothing,6,89.99,52.05,539.94,312.3,227.64
SALE02157,2023-09-17,S002,Westside,P014,Coffee Beans,Food,5,14.99,6.59,74.95,32.95,42.0
SALE02158,2023-03-29,S003,Northgate,P007,Jacket,Clothing,9,89.99,52.05,809.91,468.45,341.46
SALE02159,2023-04-03,S004,Eastpark,P015,Olive Oil,Food,5,9.99,5.29,49.95,26.45,23.5
SALE02160,2023-02-19,S002,Westside,P002,Headphones,Electronics,8,79.99,32.4,639.92,259.2,380.72
SALE02161,2023-03-07,S003,Northgate,P016,Granola,Food,5,6.99,3.56,34.95,17.8,17.15
SALE02162,2023-10-14,S004,Eastpark,P005,T-Shirt,Clothing,3,19.99,10.94,59.97,32.82,27.15
SALE02163,2023-12-15,S001,Downtown,P005,T-Shirt,Clothing,6,19.99,10.94,119.94,65.64,54.3
SALE02164,2023-12-02,S001,Downtown,P003,Smartwatch,Electronics,2,199.99,91.0,399.98,182.0,217.98
SALE02165,2023-04-24,S001,Downtown,P004,Tablet,Electronics,6,449.99,200.08,2699.94,1200.48,1499.46
SALE02166,2023-04-25,S004,Eastpark,P003,Smartwatch,Electronics,5,199.99,91.0,999.95,455.0,544.95
SALE02167,2023-08-04,S005,Southmall,P011,Vacuum,Home,6,129.99,57.68,779.94,346.08,433.86
SALE02168,2023-07-10,S002,Westside,P011,Vacuum,Home,5,129.99,57.68,649.95,288.4,361.55
SALE02169,2023-10-27,S005,Southmall,P009,Coffee Maker,Home,5,59.99,29.06,299.95,145.3,154.65
SALE02170,2023-08-26,S003,Northgate,P005,T-Shirt,Clothing,2,19.99,10.94,39.98,21.88,18.1
SALE02171,2023-08-29,S001,Downtown,P013,Protein Bar,Food,1,2.99,1.21,2.99,1.21,1.78
SALE02172,2023-11-21,S002,Westside,P015,Olive Oil,Food,10,9.99,5.29,99.9,52.9,47.0
SALE02173,2023-10-25,S003,Northgate,P001,Laptop,Electronics,10,899.99,475.09,8999.9,4750.9,4249.0
SALE02174,2023-02-06,S001,Downtown,P012,Lamp,Home,8,34.99,17.53,279.92,140.24,139.68
SALE02175,2023-04-10,S001,Downtown,P012,Lamp,Home,9,34.99,17.53,314.91,157.77,157.14
SALE02176,2023-03-03,S005,Southmall,P005,T-Shirt,Clothing,7,19.99,10.94,139.93,76.58,63.35
SALE02177,2023-09-29,S002,Westside,P005,T-Shirt,Clothing,5,19.99,10.94,99.95,54.7,45.25
SALE02178,2023-07-31,S005,Southmall,P009,Coffee Maker,Home,1,59.99,29.06,59.99,29.06,30.93
SALE02179,2023-03-19,S003,Northgate,P016,Granola,Food,3,6.99,3.56,20.97,10.68,10.29
SALE02180,2023-04-13,S003,Northgate,P016,Granola,Food,6,6.99,3.56,41.94,21.36,20.58
SALE02181,2023-07-29,S004,Eastpark,P002,Headphones,Electronics,10,79.99,32.4,799.9,324.0,475.9
SALE02182,2023-08-23,S004,Eastpark,P007,Jacket,Clothing,3,89.99,52.05,269.97,156.15,113.82
SALE02183,2023-06-11,S003,Northgate,P009,Coffee Maker,Home,3,59.99,29.06,179.97,87.18,92.79
SALE02184,2023-02-11,S004,Eastpark,P001,Laptop,Electronics,8,899.99,475.09,7199.92,3800.72,3399.2
SALE02185,2023-06-20,S005,Southmall,P010,Blender,Home,3,39.99,16.23,119.97,48.69,71.28
SALE02186,2023-06-10,S005,Southmall,P014,Coffee Beans,Food,1,14.99,6.59,14.99,6.59,8.4
SALE02187,2023-01-03,S001,Downtown,P002,Headphones,Electronics,8,79.99,32.4,639.92,259.2,380.72
SALE02188,2023-05-21,S004,Eastpark,P016,Granola,Food,4,6.99,3.56,27.96,14.24,13.72
SALE02189,2023-03-28,S002,Westside,P005,T-Shirt,Clothing,10,19.99,10.94,199.9,109.4,90.5
SALE02190,2023-03-23,S002,Westside,P009,Coffee Maker,Home,8,59.99,29.06,479.92,232.48,247.44
SALE02191,2023-02-15,S001,Downtown,P001,Laptop,Electronics,3,899.99,475.09,2699.97,1425.27,1274.7
SALE02192,2023-11-11,S003,Northgate,P016,Granola,Food,7,6.99,3.56,48.93,24.92,24.01
SALE02193,2023-11-21,S002,Westside,P014,Coffee Beans,Food,7,14.99,6.59,104.93,46.13,58.8
SALE02194,2023-07-26,S001,Downtown,P012,Lamp,Home,7,34.99,17.53,244.93,122.71,122.22
SALE02195,2023-09-02,S004,Eastpark,P004,Tablet,Electronics,7,449.99,200.08,3149.93,1400.56,1749.37
SALE02196,2023-01-03,S004,Eastpark,P008,Sneakers,Clothing,1,69.99,29.21,69.99,29.21,40.78
SALE02197,2023-10-01,S002,Westside,P005,T-Shirt,Clothing,4,19.99,10.94,79.96,43.76,36.2
SALE02198,2023-07-11,S004,Eastpark,P011,Vacuum,Home,1,129.99,57.68,129.99,57.68,72.31
SALE02199,2023-06-14,S004,Eastpark,P016,Granola,Food,9,6.99,3.56,62.91,32.04,30.87
SALE02200,2023-04-08,S004,Eastpark,P011,Vacuum,Home,1,129.99,57.68,129.99,57.68,72.31
SALE02201,2023-12-13,S001,Downtown,P007,Jacket,Clothing,1,89.99,52.05,89.99,52.05,37.94
SALE02202,2023-11-17,S001,Downtown,P014,Coffee Beans,Food,4,14.99,6.59,59.96,26.36,33.6
SALE02203,2023-04-26,S002,Westside,P013,Protein Bar,Food,6,2.99,1.21,17.94,7.26,10.68
SALE02204,2023-06-09,S004,Eastpark,P006,Jeans,Clothing,3,49.99,26.76,149.97,80.28,69.69
SALE02205,2023-02-22,S003,Northgate,P003,Smartwatch,Electronics,7,199.99,91.0,1399.93,637.0,762.93
SALE02206,2023-09-15,S004,Eastpark,P005,T-Shirt,Clothing,10,19.99,10.94,199.9,109.4,90.5
SALE02207,2023-06-06,S003,Northgate,P011,Vacuum,Home,3,129.99,57.68,389.97,173.04,216.93
SALE02208,2023-02-03,S002,Westside,P014,Coffee Beans,Food,1,14.99,6.59,14.99,6.59,8.4
SALE02209,2023-06-02,S002,Westside,P004,Tablet,Electronics,5,449.99,200.08,2249.95,1000.4,1249.55
SALE02210,2023-08-22,S004,Eastpark,P009,Coffee Maker,Home,9,59.99,29.06,539.91,261.54,278.37
SALE02211,2023-11-02,S005,Southmall,P012,Lamp,Home,9,34.99,17.53,314.91,157.77,157.14
SALE02212,2023-06-22,S002,Westside,P002,Headphones,Electronics,7,79.99,32.4,559.93,226.8,333.13
SALE02213,2023-12-18,S001,Downtown,P007,Jacket,Clothing,3,89.99,52.05,269.97,156.15,113.82
SALE02214,2023-06-25,S004,Eastpark,P003,Smartwatch,Electronics,8,199.99,91.0,1599.92,728.0,871.92
SALE02215,2023-07-03,S005,Southmall,P007,Jacket,Clothing,4,89.99,52.05,359.96,208.2,151.76
SALE02216,2023-03-26,S004,Eastpark,P011,Vacuum,Home,7,129.99,57.68,909.93,403.76,506.17
SALE02217,2023-01-10,S002,Westside,P007,Jacket,Clothing,4,89.99,52.05,359.96,208.2,151.76
SALE02218,2023-04-25,S003,Northgate,P003,Smartwatch,Electronics,3,199.99,91.0,599.97,273.0,326.97
SALE02219,2023-04-19,S003,Northgate,P001,Laptop,Electronics,1,899.99,475.09,899.99,475.09,424.9
SALE02220,2023-10-29,S005,Southmall,P002,Headphones,Electronics,9,79.99,32.4,719.91,291.6,428.31
SALE02221,2023-03-28,S002,Westside,P006,Jeans,Clothing,2,49.99,26.76,99.98,53.52,46.46
SALE02222,2023-07-07,S001,Downtown,P009,Coffee Maker,Home,1,59.99,29.06,59.99,29.06,30.93
SALE02223,2023-07-12,S002,Westside,P010,Blender,Home,5,39.99,16.23,199.95,81.15,118.8
SALE02224,2023-10-01,S002,Westside,P013,Protein Bar,Food,10,2.99,1.21,29.9,12.1,17.8
SALE02225,2023-01-25,S004,Eastpark,P009,Coffee Maker,Home,10,59.99,29.06,599.9,290.6,309.3
SALE02226,2023-01-25,S002,Westside,P011,Vacuum,Home,2,129.99,57.68,259.98,115.36,144.62
SALE02227,2023-12-01,S003,Northgate,P007,Jacket,Clothing,1,89.99,52.05,89.99,52.05,37.94
SALE02228,2023-01-25,S001,Downtown,P007,Jacket,Clothing,2,89.99,52.05,179.98,104.1,75.88
SALE02229,2023-08-02,S005,Southmall,P016,Granola,Food,8,6.99,3.56,55.92,28.48,27.44
SALE02230,2023-07-14,S005,Southmall,P014,Coffee Beans,Food,2,14.99,6.59,29.98,13.18,16.8
SALE02231,2023-10-08,S005,Southmall,P014,Coffee Beans,Food,5,14.99,6.59,74.95,32.95,42.0
SALE02232,2023-08-31,S004,Eastpark,P016,Granola,Food,3,6.99,3.56,20.97,10.68,10.29
SALE02233,2023-04-16,S005,Southmall,P013,Protein Bar,Food,1,2.99,1.21,2.99,1.21,1.78
SALE02234,2023-06-04,S005,Southmall,P003,Smartwatch,Electronics,7,199.99,91.0,1399.93,637.0,762.93
SALE02235,2023-12-05,S001,Downtown,P013,Protein Bar,Food,2,2.99,1.21,5.98,2.42,3.56
SALE02236,2023-12-06,S002,Westside,P016,Granola,Food,9,6.99,3.56,62.91,32.04,30.87
SALE02237,2023-05-19,S001,Downtown,P014,Coffee Beans,Food,10,14.99,6.59,149.9,65.9,84.0
SALE02238,2023-11-07,S004,Eastpark,P013,Protein Bar,Food,3,2.99,1.21,8.97,3.63,5.34
SALE02239,2023-08-03,S003,Northgate,P005,T-Shirt,Clothing,2,19.99,10.94,39.98,21.88,18.1
SALE02240,2023-09-19,S001,Downtown,P011,Vacuum,Home,10,129.99,57.68,1299.9,576.8,723.1
SALE02241,2023-03-02,S004,Eastpark,P008,Sneakers,Clothing,5,69.99,29.21,349.95,146.05,203.9
SALE02242,2023-02-28,S002,Westside,P016,Granola,Food,2,6.99,3.56,13.98,7.12,6.86
SALE02243,2023-09-12,S003,Northgate,P010,Blender,Home,4,39.99,16.23,159.96,64.92,95.04
SALE02244,2023-11-08,S005,Southmall,P003,Smartwatch,Electronics,4,199.99,91.0,799.96,364.0,435.96
SALE02245,2023-05-15,S001,Downtown,P003,Smartwatch,Electronics,9,199.99,91.0,1799.91,819.0,980.91
SALE02246,2023-04-14,S005,Southmall,P011,Vacuum,Home,6,129.99,57.68,779.94,346.08,433.86
SALE02247,2023-12-27,S003,Northgate,P013,Protein Bar,Food,7,2.99,1.21,20.93,8.47,12.46
SALE02248,2023-06-01,S002,Westside,P004,Tablet,Electronics,3,449.99,200.08,1349.97,600.24,749.73
SALE02249,2023-01-21,S004,Eastpark,P005,T-Shirt,Clothing,9,19.99,10.94,179.91,98.46,81.45
SALE02250,2023-09-12,S001,Downtown,P014,Coffee Beans,Food,4,14.99,6.59,59.96,26.36,33.6
SALE02251,2023-12-19,S002,Westside,P004,Tablet,Electronics,8,449.99,200.08,3599.92,1600.64,1999.28
SALE02252,2023-06-19,S004,Eastpark,P005,T-Shirt,Clothing,4,19.99,10.94,79.96,43.76,36.2
SALE02253,2023-01-02,S003,Northgate,P015,Olive Oil,Food,1,9.99,5.29,9.99,5.29,4.7
SALE02254,2023-12-10,S005,Southmall,P014,Coffee Beans,Food,2,14.99,6.59,29.98,13.18,16.8
SALE02255,2023-02-26,S002,Westside,P010,Blender,Home,10,39.99,16.23,399.9,162.3,237.6
SALE02256,2023-12-09,S002,Westside,P006,Jeans,Clothing,8,49.99,26.76,399.92,214.08,185.84
SALE02257,2023-03-18,S003,Northgate,P006,Jeans,Clothing,2,49.99,26.76,99.98,53.52,46.46
SALE02258,2023-09-19,S005,Southmall,P008,Sneakers,Clothing,2,69.99,29.21,139.98,58.42,81.56
SALE02259,2023-02-21,S001,Downtown,P016,Granola,Food,5,6.99,3.56,34.95,17.8,17.15
SALE02260,2023-11-26,S003,Northgate,P008,Sneakers,Clothing,4,69.99,29.21,279.96,116.84,163.12
SALE02261,2023-08-22,S005,Southmall,P014,Coffee Beans,Food,5,14.99,6.59,74.95,32.95,42.0
SALE02262,2023-05-16,S005,Southmall,P013,Protein Bar,Food,8,2.99,1.21,23.92,9.68,14.24
SALE02263,2023-01-26,S003,Northgate,P007,Jacket,Clothing,2,89.99,52.05,179.98,104.1,75.88
SALE02264,2023-03-31,S005,Southmall,P009,Coffee Maker,Home,1,59.99,29.06,59.99,29.06,30.93
SALE02265,2023-05-29,S001,Downtown,P002,Headphones,Electronics,6,79.99,32.4,479.94,194.4,285.54
SALE02266,2023-12-13,S003,Northgate,P013,Protein Bar,Food,6,2.99,1.21,17.94,7.26,10.68
SALE02267,2023-08-07,S004,Eastpark,P008,Sneakers,Clothing,2,69.99,29.21,139.98,58.42,81.56
SALE02268,2023-02-18,S001,Downtown,P016,Granola,Food,1,6.99,3.56,6.99,3.56,3.43
SALE02269,2023-01-05,S004,Eastpark,P007,Jacket,Clothing,3,89.99,52.05,269.97,156.15,113.82
SALE02270,2023-12-06,S004,Eastpark,P014,Coffee Beans,Food,3,14.99,6.59,44.97,19.77,25.2
SALE02271,2023-06-18,S001,Downtown,P006,Jeans,Clothing,6,49.99,26.76,299.94,160.56,139.38
SALE02272,2023-08-13,S001,Downtown,P002,Headphones,Electronics,10,79.99,32.4,799.9,324.0,475.9
SALE02273,2023-05-18,S004,Eastpark,P013,Protein Bar,Food,2,2.99,1.21,5.98,2.42,3.56
SALE02274,2023-07-10,S003,Northgate,P011,Vacuum,Home,6,129.99,57.68,779.94,346.08,433.86
SALE02275,2023-04-04,S002,Westside,P008,Sneakers,Clothing,2,69.99,29.21,139.98,58.42,81.56
SALE02276,2023-07-25,S002,Westside,P011,Vacuum,Home,7,129.99,57.68,909.93,403.76,506.17
SALE02277,2023-08-22,S005,Southmall,P006,Jeans,Clothing,5,49.99,26.76,249.95,133.8,116.15
SALE02278,2023-07-17,S002,Westside,P001,Laptop,Electronics,8,899.99,475.09,7199.92,3800.72,3399.2
SALE02279,2023-08-04,S004,Eastpark,P004,Tablet,Electronics,3,449.99,200.08,1349.97,600.24,749.73
SALE02280,2023-02-27,S002,Westside,P001,Laptop,Electronics,3,899.99,475.09,2699.97,1425.27,1274.7
SALE02281,2023-12-23,S005,Southmall,P011,Vacuum,Home,1,129.99,57.68,129.99,57.68,72.31
SALE02282,2023-03-23,S005,Southmall,P011,Vacuum,Home,2,129.99,57.68,259.98,115.36,144.62
SALE02283,2023-08-02,S003,Northgate,P005,T-Shirt,Clothing,10,19.99,10.94,199.9,109.4,90.5
SALE02284,2023-09-05,S004,Eastpark,P008,Sneakers,Clothing,10,69.99,29.21,699.9,292.1,407.8
SALE02285,2023-12-14,S004,Eastpark,P004,Tablet,Electronics,8,449.99,200.08,3599.92,1600.64,1999.28
SALE02286,2023-04-03,S005,Southmall,P015,Olive Oil,Food,10,9.99,5.29,99.9,52.9,47.0
SALE02287,2023-07-14,S001,Downtown,P007,Jacket,Clothing,6,89.99,52.05,539.94,312.3,227.64
SALE02288,2023-11-10,S005,Southmall,P002,Headphones,Electronics,1,79.99,32.4,79.99,32.4,47.59
SALE02289,2023-12-17,S002,Westside,P016,Granola,Food,3,6.99,3.56,20.97,10.68,10.29
SALE02290,2023-09-05,S004,Eastpark,P016,Granola,Food,8,6.99,3.56,55.92,28.48,27.44
SALE02291,2023-02-27,S003,Northgate,P012,Lamp,Home,7,34.99,17.53,244.93,122.71,122.22
SALE02292,2023-08-14,S003,Northgate,P009,Coffee Maker,Home,1,59.99,29.06,59.99,29.06,30.93
SALE02293,2023-02-02,S002,Westside,P012,Lamp,Home,5,34.99,17.53,174.95,87.65,87.3
SALE02294,2023-12-02,S001,Downtown,P015,Olive Oil,Food,6,9.99,5.29,59.94,31.74,28.2
SALE02295,2023-01-07,S005,Southmall,P005,T-Shirt,Clothing,9,19.99,10.94,179.91,98.46,81.45
SALE02296,2023-10-23,S004,Eastpark,P004,Tablet,Electronics,10,449.99,200.08,4499.9,2000.8,2499.1
SALE02297,2023-04-25,S003,Northgate,P008,Sneakers,Clothing,6,69.99,29.21,419.94,175.26,244.68
SALE02298,2023-09-23,S005,Southmall,P006,Jeans,Clothing,9,49.99,26.76,449.91,240.84,209.07
SALE02299,2023-12-19,S002,Westside,P009,Coffee Maker,Home,10,59.99,29.06,599.9,290.6,309.3
SALE02300,2023-02-18,S003,Northgate,P007,Jacket,Clothing,7,89.99,52.05,629.93,364.35,265.58
SALE02301,2023-12-05,S002,Westside,P011,Vacuum,Home,4,129.99,57.68,519.96,230.72,289.24
SALE02302,2023-09-04,S001,Downtown,P015,Olive Oil,Food,6,9.99,5.29,59.94,31.74,28.2
SALE02303,2023-12-06,S002,Westside,P016,Granola,Food,7,6.99,3.56,48.93,24.92,24.01
SALE02304,2023-03-18,S004,Eastpark,P014,Coffee Beans,Food,9,14.99,6.59,134.91,59.31,75.6
SALE02305,2023-11-10,S002,Westside,P001,Laptop,Electronics,1,899.99,475.09,899.99,475.09,424.9
SALE02306,2023-01-06,S004,Eastpark,P008,Sneakers,Clothing,3,69.99,29.21,209.97,87.63,122.34
SALE02307,2023-09-16,S003,Northgate,P013,Protein Bar,Food,8,2.99,1.21,23.92,9.68,14.24
SALE02308,2023-09-11,S005,Southmall,P016,Granola,Food,3,6.99,3.56,20.97,10.68,10.29
SALE02309,2023-02-08,S002,Westside,P003,Smartwatch,Electronics,8,199.99,91.0,1599.92,728.0,871.92
SALE02310,2023-06-14,S004,Eastpark,P007,Jacket,Clothing,4,89.99,52.05,359.96,208.2,151.76
SALE02311,2023-06-19,S002,Westside,P001,Laptop,Electronics,5,899.99,475.09,4499.95,2375.45,2124.5
SALE02312,2023-01-26,S004,Eastpark,P009,Coffee Maker,Home,9,59.99,29.06,539.91,261.54,278.37
SALE02313,2023-04-25,S002,Westside,P011,Vacuum,Home,9,129.99,57.68,1169.91,519.12,650.79
SALE02314,2023-11-26,S003,Northgate,P001,Laptop,Electronics,7,899.99,475.09,6299.93,3325.63,2974.3
SALE02315,2023-07-26,S005,Southmall,P012,Lamp,Home,4,34.99,17.53,139.96,70.12,69.84
SALE02316,2023-02-10,S003,Northgate,P005,T-Shirt,Clothing,8,19.99,10.94,159.92,87.52,72.4
SALE02317,2023-08-16,S005,Southmall,P005,T-Shirt,Clothing,10,19.99,10.94,199.9,109.4,90.5
SALE02318,2023-08-18,S005,Southmall,P013,Protein Bar,Food,2,2.99,1.21,5.98,2.42,3.56
SALE02319,2023-09-13,S005,Southmall,P003,Smartwatch,Electronics,8,199.99,91.0,1599.92,728.0,871.92
SALE02320,2023-06-11,S001,Downtown,P009,Coffee Maker,Home,2,59.99,29.06,119.98,58.12,61.86
SALE02321,2023-09-12,S001,Downtown,P012,Lamp,Home,1,34.99,17.53,34.99,17.53,17.46
SALE02322,2023-02-22,S004,Eastpark,P016,Granola,Food,7,6.99,3.56,48.93,24.92,24.01
SALE02323,2023-07-31,S002,Westside,P010,Blender,Home,1,39.99,16.23,39.99,16.23,23.76
SALE02324,2023-10-13,S003,Northgate,P002,Headphones,Electronics,9,79.99,32.4,719.91,291.6,428.31
SALE02325,2023-01-01,S002,Westside,P003,Smartwatch,Electronics,2,199.99,91.0,399.98,182.0,217.98
SALE02326,2023-11-06,S001,Downtown,P015,Olive Oil,Food,10,9.99,5.29,99.9,52.9,47.0
SALE02327,2023-11-23,S001,Downtown,P001,Laptop,Electronics,5,899.99,475.09,4499.95,2375.45,2124.5
SALE02328,2023-09-18,S002,Westside,P004,Tablet,Electronics,9,449.99,200.08,4049.91,1800.72,2249.19
SALE02329,2023-04-16,S002,Westside,P007,Jacket,Clothing,8,89.99,52.05,719.92,416.4,303.52
SALE02330,2023-06-24,S001,Downtown,P009,Coffee Maker,Home,6,59.99,29.06,359.94,174.36,185.58
SALE02331,2023-01-28,S001,Downtown,P012,Lamp,Home,4,34.99,17.53,139.96,70.12,69.84
SALE02332,2023-08-21,S001,Downtown,P013,Protein Bar,Food,6,2.99,1.21,17.94,7.26,10.68
SALE02333,2023-10-14,S002,Westside,P014,Coffee Beans,Food,10,14.99,6.59,149.9,65.9,84.0
SALE02334,2023-11-04,S005,Southmall,P007,Jacket,Clothing,8,89.99,52.05,719.92,416.4,303.52
SALE02335,2023-12-03,S001,Downtown,P016,Granola,Food,6,6.99,3.56,41.94,21.36,20.58
SALE02336,2023-08-20,S003,Northgate,P001,Laptop,Electronics,2,899.99,475.09,1799.98,950.18,849.8
SALE02337,2023-02-19,S002,Westside,P016,Granola,Food,4,6.99,3.56,27.96,14.24,13.72
SALE02338,2023-01-02,S001,Downtown,P001,Laptop,Electronics,6,899.99,475.09,5399.94,2850.54,2549.4
SALE02339,2023-07-01,S001,Downtown,P010,Blender,Home,5,39.99,16.23,199.95,81.15,118.8
SALE02340,2023-10-08,S001,Downtown,P012,Lamp,Home,9,34.99,17.53,314.91,157.77,157.14
SALE02341,2023-07-11,S005,Southmall,P004,Tablet,Electronics,2,449.99,200.08,899.98,400.16,499.82
SALE02342,2023-01-24,S001,Downtown,P001,Laptop,Electronics,3,899.99,475.09,2699.97,1425.27,1274.7
SALE02343,2023-09-10,S003,Northgate,P008,Sneakers,Clothing,3,69.99,29.21,209.97,87.63,122.34
SALE02344,2023-07-29,S005,Southmall,P001,Laptop,Electronics,2,899.99,475.09,1799.98,950.18,849.8
SALE02345,2023-05-11,S002,Westside,P013,Protein Bar,Food,10,2.99,1.21,29.9,12.1,17.8
SALE02346,2023-04-11,S004,Eastpark,P010,Blender,Home,4,39.99,16.23,159.96,64.92,95.04
SALE02347,2023-03-03,S003,Northgate,P015,Olive Oil,Food,7,9.99,5.29,69.93,37.03,32.9
SALE02348,2023-04-21,S005,Southmall,P014,Coffee Beans,Food,8,14.99,6.59,119.92,52.72,67.2
SALE02349,2023-04-08,S005,Southmall,P005,T-Shirt,Clothing,6,19.99,10.94,119.94,65.64,54.3
SALE02350,2023-02-25,S002,Westside,P010,Blender,Home,7,39.99,16.23,279.93,113.61,166.32
SALE02351,2023-01-24,S003,Northgate,P015,Olive Oil,Food,10,9.99,5.29,99.9,52.9,47.0
SALE02352,2023-03-05,S004,Eastpark,P014,Coffee Beans,Food,8,14.99,6.59,119.92,52.72,67.2
SALE02353,2023-08-23,S001,Downtown,P004,Tablet,Electronics,10,449.99,200.08,4499.9,2000.8,2499.1
SALE02354,2023-09-16,S004,Eastpark,P004,Tablet,Electronics,3,449.99,200.08,1349.97,600.24,749.73
SALE02355,2023-09-13,S004,Eastpark,P011,Vacuum,Home,1,129.99,57.68,129.99,57.68,72.31
SALE02356,2023-09-29,S001,Downtown,P002,Headphones,Electronics,1,79.99,32.4,79.99,32.4,47.59
SALE02357,2023-10-11,S004,Eastpark,P007,Jacket,Clothing,7,89.99,52.05,629.93,364.35,265.58
SALE02358,2023-10-27,S002,Westside,P009,Coffee Maker,Home,8,59.99,29.06,479.92,232.48,247.44
SALE02359,2023-09-18,S003,Northgate,P009,Coffee Maker,Home,3,59.99,29.06,179.97,87.18,92.79
SALE02360,2023-12-21,S004,Eastpark,P011,Vacuum,Home,10,129.99,57.68,1299.9,576.8,723.1
SALE02361,2023-03-30,S004,Eastpark,P016,Granola,Food,3,6.99,3.56,20.97,10.68,10.29
SALE02362,2023-02-23,S002,Westside,P014,Coffee Beans,Food,7,14.99,6.59,104.93,46.13,58.8
SALE02363,2023-12-03,S003,Northgate,P007,Jacket,Clothing,10,89.99,52.05,899.9,520.5,379.4
SALE02364,2023-11-07,S002,Westside,P014,Coffee Beans,Food,6,14.99,6.59,89.94,39.54,50.4
SALE02365,2023-09-16,S005,Southmall,P005,T-Shirt,Clothing,7,19.99,10.94,139.93,76.58,63.35
SALE02366,2023-08-03,S003,Northgate,P003,Smartwatch,Electronics,10,199.99,91.0,1999.9,910.0,1089.9
SALE02367,2023-12-21,S003,Northgate,P012,Lamp,Home,4,34.99,17.53,139.96,70.12,69.84
SALE02368,2023-05-21,S001,Downtown,P008,Sneakers,Clothing,7,69.99,29.21,489.93,204.47,285.46
SALE02369,2023-06-25,S002,Westside,P008,Sneakers,Clothing,5,69.99,29.21,349.95,146.05,203.9
SALE02370,2023-08-20,S002,Westside,P003,Smartwatch,Electronics,3,199.99,91.0,599.97,273.0,326.97
SALE02371,2023-03-12,S001,Downtown,P009,Coffee Maker,Home,7,59.99,29.06,419.93,203.42,216.51
SALE02372,2023-11-05,S004,Eastpark,P014,Coffee Beans,Food,9,14.99,6.59,134.91,59.31,75.6
SALE02373,2023-06-03,S003,Northgate,P012,Lamp,Home,9,34.99,17.53,314.91,157.77,157.14
SALE02374,2023-06-10,S002,Westside,P005,T-Shirt,Clothing,9,19.99,10.94,179.91,98.46,81.45
SALE02375,2023-11-20,S003,Northgate,P016,Granola,Food,4,6.99,3.56,27.96,14.24,13.72
SALE02376,2023-04-13,S002,Westside,P014,Coffee Beans,Food,4,14.99,6.59,59.96,26.36,33.6
SALE02377,2023-11-16,S002,Westside,P006,Jeans,Clothing,5,49.99,26.76,249.95,133.8,116.15
SALE02378,2023-12-18,S002,Westside,P001,Laptop,Electronics,6,899.99,475.09,5399.94,2850.54,2549.4
SALE02379,2023-12-11,S001,Downtown,P005,T-Shirt,Clothing,3,19.99,10.94,59.97,32.82,27.15
SALE02380,2023-12-30,S005,Southmall,P015,Olive Oil,Food,3,9.99,5.29,29.97,15.87,14.1
SALE02381,2023-09-15,S004,Eastpark,P003,Smartwatch,Electronics,9,199.99,91.0,1799.91,819.0,980.91
SALE02382,2023-12-22,S005,Southmall,P013,Protein Bar,Food,6,2.99,1.21,17.94,7.26,10.68
SALE02383,2023-12-30,S003,Northgate,P014,Coffee Beans,Food,2,14.99,6.59,29.98,13.18,16.8
SALE02384,2023-06-30,S004,Eastpark,P002,Headphones,Electronics,9,79.99,32.4,719.91,291.6,428.31
SALE02385,2023-09-03,S004,Eastpark,P005,T-Shirt,Clothing,10,19.99,10.94,199.9,109.4,90.5
SALE02386,2023-10-20,S005,Southmall,P007,Jacket,Clothing,7,89.99,52.05,629.93,364.35,265.58
SALE02387,2023-12-12,S004,Eastpark,P001,Laptop,Electronics,9,899.99,475.09,8099.91,4275.81,3824.1
SALE02388,2023-05-27,S004,Eastpark,P015,Olive Oil,Food,7,9.99,5.29,69.93,37.03,32.9
SALE02389,2023-01-07,S001,Downtown,P011,Vacuum,Home,9,129.99,57.68,1169.91,519.12,650.79
SALE02390,2023-02-24,S001,Downtown,P003,Smartwatch,Electronics,1,199.99,91.0,199.99,91.0,108.99
SALE02391,2023-07-15,S002,Westside,P009,Coffee Maker,Home,3,59.99,29.06,179.97,87.18,92.79
SALE02392,2023-01-28,S001,Downtown,P011,Vacuum,Home,1,129.99,57.68,129.99,57.68,72.31
SALE02393,2023-04-13,S003,Northgate,P001,Laptop,Electronics,5,899.99,475.09,4499.95,2375.45,2124.5
SALE02394,2023-03-24,S001,Downtown,P010,Blender,Home,5,39.99,16.23,199.95,81.15,118.8
SALE02395,2023-12-16,S003,Northgate,P016,Granola,Food,5,6.99,3.56,34.95,17.8,17.15
SALE02396,2023-03-16,S003,Northgate,P001,Laptop,Electronics,1,899.99,475.09,899.99,475.09,424.9
SALE02397,2023-12-20,S002,Westside,P002,Headphones,Electronics,5,79.99,32.4,399.95,162.0,237.95
SALE02398,2023-04-15,S002,Westside,P005,T-Shirt,Clothing,9,19.99,10.94,179.91,98.46,81.45
SALE02399,2023-01-17,S004,Eastpark,P002,Headphones,Electronics,6,79.99,32.4,479.94,194.4,285.54
SALE02400,2023-08-20,S002,Westside,P003,Smartwatch,Electronics,2,199.99,91.0,399.98,182.0,217.98
SALE02401,2023-11-12,S002,Westside,P003,Smartwatch,Electronics,9,199.99,91.0,1799.91,819.0,980.91
SALE02402,2023-04-25,S004,Eastpark,P011,Vacuum,Home,9,129.99,57.68,1169.91,519.12,650.79
SALE02403,2023-07-19,S005,Southmall,P002,Headphones,Electronics,4,79.99,32.4,319.96,129.6,190.36
SALE02404,2023-09-19,S004,Eastpark,P008,Sneakers,Clothing,5,69.99,29.21,349.95,146.05,203.9
SALE02405,2023-12-21,S001,Downtown,P014,Coffee Beans,Food,1,14.99,6.59,14.99,6.59,8.4
SALE02406,2023-07-15,S005,Southmall,P010,Blender,Home,7,39.99,16.23,279.93,113.61,166.32
SALE02407,2023-08-02,S003,Northgate,P012,Lamp,Home,6,34.99,17.53,209.94,105.18,104.76
SALE02408,2023-10-10,S005,Southmall,P005,T-Shirt,Clothing,1,19.99,10.94,19.99,10.94,9.05
SALE02409,2023-01-07,S005,Southmall,P013,Protein Bar,Food,5,2.99,1.21,14.95,6.05,8.9
SALE02410,2023-04-14,S003,Northgate,P016,Granola,Food,10,6.99,3.56,69.9,35.6,34.3
SALE02411,2023-08-15,S003,Northgate,P002,Headphones,Electronics,4,79.99,32.4,319.96,129.6,190.36
SALE02412,2023-11-21,S003,Northgate,P009,Coffee Maker,Home,6,59.99,29.06,359.94,174.36,185.58
SALE02413,2023-10-29,S002,Westside,P006,Jeans,Clothing,9,49.99,26.76,449.91,240.84,209.07
SALE02414,2023-11-05,S005,Southmall,P010,Blender,Home,4,39.99,16.23,159.96,64.92,95.04
SALE02415,2023-04-10,S003,Northgate,P001,Laptop,Electronics,5,899.99,475.09,4499.95,2375.45,2124.5
SALE02416,2023-08-18,S004,Eastpark,P008,Sneakers,Clothing,3,69.99,29.21,209.97,87.63,122.34
SALE02417,2023-12-16,S003,Northgate,P008,Sneakers,Clothing,2,69.99,29.21,139.98,58.42,81.56
SALE02418,2023-04-06,S002,Westside,P006,Jeans,Clothing,3,49.99,26.76,149.97,80.28,69.69
SALE02419,2023-09-21,S002,Westside,P008,Sneakers,Clothing,2,69.99,29.21,139.98,58.42,81.56
SALE02420,2023-07-13,S001,Downtown,P003,Smartwatch,Electronics,1,199.99,91.0,199.99,91.0,108.99
SALE02421,2023-08-08,S005,Southmall,P007,Jacket,Clothing,5,89.99,52.05,449.95,260.25,189.7
SALE02422,2023-10-12,S001,Downtown,P003,Smartwatch,Electronics,5,199.99,91.0,999.95,455.0,544.95
SALE02423,2023-03-08,S001,Downtown,P006,Jeans,Clothing,3,49.99,26.76,149.97,80.28,69.69
SALE02424,2023-10-27,S005,Southmall,P011,Vacuum,Home,5,129.99,57.68,649.95,288.4,361.55
SALE02425,2023-01-03,S004,Eastpark,P013,Protein Bar,Food,6,2.99,1.21,17.94,7.26,10.68
SALE02426,2023-08-27,S001,Downtown,P016,Granola,Food,3,6.99,3.56,20.97,10.68,10.29
SALE02427,2023-01-21,S001,Downtown,P015,Olive Oil,Food,3,9.99,5.29,29.97,15.87,14.1
SALE02428,2023-06-15,S002,Westside,P009,Coffee Maker,Home,10,59.99,29.06,599.9,290.6,309.3
SALE02429,2023-01-27,S003,Northgate,P007,Jacket,Clothing,10,89.99,52.05,899.9,520.5,379.4
SALE02430,2023-12-05,S005,Southmall,P013,Protein Bar,Food,5,2.99,1.21,14.95,6.05,8.9
SALE02431,2023-09-09,S003,Northgate,P003,Smartwatch,Electronics,10,199.99,91.0,1999.9,910.0,1089.9
SALE02432,2023-10-09,S001,Downtown,P002,Headphones,Electronics,6,79.99,32.4,479.94,194.4,285.54
SALE02433,2023-02-07,S005,Southmall,P005,T-Shirt,Clothing,6,19.99,10.94,119.94,65.64,54.3
SALE02434,2023-09-27,S001,Downtown,P015,Olive Oil,Food,4,9.99,5.29,39.96,21.16,18.8
SALE02435,2023-04-05,S002,Westside,P005,T-Shirt,Clothing,9,19.99,10.94,179.91,98.46,81.45
SALE02436,2023-02-04,S004,Eastpark,P010,Blender,Home,9,39.99,16.23,359.91,146.07,213.84
SALE02437,2023-03-23,S003,Northgate,P013,Protein Bar,Food,7,2.99,1.21,20.93,8.47,12.46
SALE02438,2023-10-06,S004,Eastpark,P016,Granola,Food,9,6.99,3.56,62.91,32.04,30.87
SALE02439,2023-07-26,S001,Downtown,P007,Jacket,Clothing,2,89.99,52.05,179.98,104.1,75.88
SALE02440,2023-06-28,S002,Westside,P005,T-Shirt,Clothing,4,19.99,10.94,79.96,43.76,36.2
SALE02441,2023-04-20,S005,Southmall,P016,Granola,Food,6,6.99,3.56,41.94,21.36,20.58
SALE02442,2023-06-19,S001,Downtown,P015,Olive Oil,Food,6,9.99,5.29,59.94,31.74,28.2
SALE02443,2023-05-31,S003,Northgate,P015,Olive Oil,Food,4,9.99,5.29,39.96,21.16,18.8
SALE02444,2023-11-13,S004,Eastpark,P005,T-Shirt,Clothing,9,19.99,10.94,179.91,98.46,81.45
SALE02445,2023-09-01,S005,Southmall,P006,Jeans,Clothing,9,49.99,26.76,449.91,240.84,209.07
SALE02446,2023-11-29,S005,Southmall,P008,Sneakers,Clothing,1,69.99,29.21,69.99,29.21,40.78
SALE02447,2023-02-28,S003,Northgate,P008,Sneakers,Clothing,6,69.99,29.21,419.94,175.26,244.68
SALE02448,2023-08-17,S002,Westside,P003,Smartwatch,Electronics,4,199.99,91.0,799.96,364.0,435.96
SALE02449,2023-11-25,S002,Westside,P005,T-Shirt,Clothing,10,19.99,10.94,199.9,109.4,90.5
SALE02450,2023-11-15,S005,Southmall,P003,Smartwatch,Electronics,4,199.99,91.0,799.96,364.0,435.96
SALE02451,2023-01-21,S002,Westside,P002,Headphones,Electronics,6,79.99,32.4,479.94,194.4,285.54
SALE02452,2023-07-15,S004,Eastpark,P010,Blender,Home,2,39.99,16.23,79.98,32.46,47.52
SALE02453,2023-07-17,S003,Northgate,P009,Coffee Maker,Home,5,59.99,29.06,299.95,145.3,154.65
SALE02454,2023-10-04,S004,Eastpark,P001,Laptop,Electronics,5,899.99,475.09,4499.95,2375.45,2124.5
SALE02455,2023-01-13,S002,Westside,P001,Laptop,Electronics,9,899.99,475.09,8099.91,4275.81,3824.1
SALE02456,2023-07-11,S003,Northgate,P001,Laptop,Electronics,9,899.99,475.09,8099.91,4275.81,3824.1
SALE02457,2023-09-18,S001,Downtown,P012,Lamp,Home,8,34.99,17.53,279.92,140.24,139.68
SALE02458,2023-09-07,S005,Southmall,P004,Tablet,Electronics,1,449.99,200.08,449.99,200.08,249.91
SALE02459,2023-06-01,S004,Eastpark,P012,Lamp,Home,4,34.99,17.53,139.96,70.12,69.84
SALE02460,2023-06-14,S005,Southmall,P001,Laptop,Electronics,9,899.99,475.09,8099.91,4275.81,3824.1
SALE02461,2023-02-12,S004,Eastpark,P012,Lamp,Home,2,34.99,17.53,69.98,35.06,34.92
SALE02462,2023-03-27,S004,Eastpark,P008,Sneakers,Clothing,9,69.99,29.21,629.91,262.89,367.02
SALE02463,2023-10-01,S004,Eastpark,P013,Protein Bar,Food,1,2.99,1.21,2.99,1.21,1.78
SALE02464,2023-11-17,S005,Southmall,P011,Vacuum,Home,2,129.99,57.68,259.98,115.36,144.62
SALE02465,2023-04-18,S003,Northgate,P013,Protein Bar,Food,4,2.99,1.21,11.96,4.84,7.12
SALE02466,2023-12-17,S001,Downtown,P005,T-Shirt,Clothing,7,19.99,10.94,139.93,76.58,63.35
SALE02467,2023-02-23,S003,Northgate,P009,Coffee Maker,Home,4,59.99,29.06,239.96,116.24,123.72
SALE02468,2023-10-03,S001,Downtown,P010,Blender,Home,7,39.99,16.23,279.93,113.61,166.32
SALE02469,2023-11-28,S004,Eastpark,P011,Vacuum,Home,2,129.99,57.68,259.98,115.36,144.62
SALE02470,2023-12-18,S005,Southmall,P002,Headphones,Electronics,3,79.99,32.4,239.97,97.2,142.77
SALE02471,2023-01-13,S002,Westside,P008,Sneakers,Clothing,8,69.99,29.21,559.92,233.68,326.24
SALE02472,2023-06-19,S001,Downtown,P015,Olive Oil,Food,1,9.99,5.29,9.99,5.29,4.7
SALE02473,2023-02-14,S004,Eastpark,P010,Blender,Home,2,39.99,16.23,79.98,32.46,47.52
SALE02474,2023-01-28,S001,Downtown,P010,Blender,Home,3,39.99,16.23,119.97,48.69,71.28
SALE02475,2023-05-09,S002,Westside,P008,Sneakers,Clothing,9,69.99,29.21,629.91,262.89,367.02
SALE02476,2023-02-06,S002,Westside,P005,T-Shirt,Clothing,10,19.99,10.94,199.9,109.4,90.5
SALE02477,2023-04-27,S001,Downtown,P005,T-Shirt,Clothing,5,19.99,10.94,99.95,54.7,45.25
SALE02478,2023-07-28,S002,Westside,P005,T-Shirt,Clothing,7,19.99,10.94,139.93,76.58,63.35
SALE02479,2023-08-19,S002,Westside,P011,Vacuum,Home,7,129.99,57.68,909.93,403.76,506.17
SALE02480,2023-08-10,S002,Westside,P005,T-Shirt,Clothing,6,19.99,10.94,119.94,65.64,54.3
SALE02481,2023-01-09,S001,Downtown,P005,T-Shirt,Clothing,7,19.99,10.94,139.93,76.58,63.35
SALE02482,2023-12-11,S005,Southmall,P005,T-Shirt,Clothing,2,19.99,10.94,39.98,21.88,18.1
SALE02483,2023-10-01,S004,Eastpark,P010,Blender,Home,1,39.99,16.23,39.99,16.23,23.76
SALE02484,2023-11-25,S005,Southmall,P005,T-Shirt,Clothing,10,19.99,10.94,199.9,109.4,90.5
SALE02485,2023-02-02,S003,Northgate,P004,Tablet,Electronics,10,449.99,200.08,4499.9,2000.8,2499.1
SALE02486,2023-01-24,S002,Westside,P014,Coffee Beans,Food,2,14.99,6.59,29.98,13.18,16.8
SALE02487,2023-07-03,S001,Downtown,P008,Sneakers,Clothing,9,69.99,29.21,629.91,262.89,367.02
SALE02488,2023-02-24,S005,Southmall,P007,Jacket,Clothing,5,89.99,52.05,449.95,260.25,189.7
SALE02489,2023-12-18,S002,Westside,P001,Laptop,Electronics,5,899.99,475.09,4499.95,2375.45,2124.5
SALE02490,2023-11-07,S001,Downtown,P004,Tablet,Electronics,2,449.99,200.08,899.98,400.16,499.82
SALE02491,2023-05-25,S005,Southmall,P011,Vacuum,Home,8,129.99,57.68,1039.92,461.44,578.48
SALE02492,2023-07-15,S001,Downtown,P011,Vacuum,Home,7,129.99,57.68,909.93,403.76,506.17
SALE02493,2023-12-05,S005,Southmall,P005,T-Shirt,Clothing,1,19.99,10.94,19.99,10.94,9.05
SALE02494,2023-08-31,S001,Downtown,P004,Tablet,Electronics,3,449.99,200.08,1349.97,600.24,749.73
SALE02495,2023-10-01,S002,Westside,P004,Tablet,Electronics,4,449.99,200.08,1799.96,800.32,999.64
SALE02496,2023-03-11,S002,Westside,P002,Headphones,Electronics,7,79.99,32.4,559.93,226.8,333.13
SALE02497,2023-10-07,S003,Northgate,P005,T-Shirt,Clothing,5,19.99,10.94,99.95,54.7,45.25
SALE02498,2023-11-21,S004,Eastpark,P005,T-Shirt,Clothing,3,19.99,10.94,59.97,32.82,27.15
SALE02499,2023-06-02,S002,Westside,P008,Sneakers,Clothing,6,69.99,29.21,419.94,175.26,244.68
SALE02500,2023-01-06,S001,Downtown,P014,Coffee Beans,Food,9,14.99,6.59,134.91,59.31,75.6
SALE02501,2023-10-12,S004,Eastpark,P012,Lamp,Home,3,34.99,17.53,104.97,52.59,52.38
SALE02502,2023-03-05,S002,Westside,P001,Laptop,Electronics,1,899.99,475.09,899.99,475.09,424.9
SALE02503,2023-01-03,S005,Southmall,P009,Coffee Maker,Home,10,59.99,29.06,599.9,290.6,309.3
SALE02504,2023-11-02,S004,Eastpark,P014,Coffee Beans,Food,7,14.99,6.59,104.93,46.13,58.8
SALE02505,2023-10-03,S001,Downtown,P009,Coffee Maker,Home,9,59.99,29.06,539.91,261.54,278.37
SALE02506,2023-02-13,S001,Downtown,P002,Headphones,Electronics,5,79.99,32.4,399.95,162.0,237.95
SALE02507,2023-04-18,S003,Northgate,P015,Olive Oil,Food,6,9.99,5.29,59.94,31.74,28.2
SALE02508,2023-04-19,S001,Downtown,P008,Sneakers,Clothing,7,69.99,29.21,489.93,204.47,285.46
SALE02509,2023-11-27,S002,Westside,P002,Headphones,Electronics,9,79.99,32.4,719.91,291.6,428.31
SALE02510,2023-03-14,S002,Westside,P002,Headphones,Electronics,3,79.99,32.4,239.97,97.2,142.77
SALE02511,2023-04-05,S005,Southmall,P015,Olive Oil,Food,4,9.99,5.29,39.96,21.16,18.8
SALE02512,2023-11-12,S001,Downtown,P008,Sneakers,Clothing,5,69.99,29.21,349.95,146.05,203.9
SALE02513,2023-04-10,S001,Downtown,P013,Protein Bar,Food,2,2.99,1.21,5.98,2.42,3.56
SALE02514,2023-04-03,S001,Downtown,P004,Tablet,Electronics,10,449.99,200.08,4499.9,2000.8,2499.1
SALE02515,2023-01-28,S004,Eastpark,P009,Coffee Maker,Home,9,59.99,29.06,539.91,261.54,278.37
SALE02516,2023-08-25,S003,Northgate,P013,Protein Bar,Food,9,2.99,1.21,26.91,10.89,16.02
SALE02517,2023-02-07,S005,Southmall,P011,Vacuum,Home,5,129.99,57.68,649.95,288.4,361.55
SALE02518,2023-12-10,S003,Northgate,P014,Coffee Beans,Food,2,14.99,6.59,29.98,13.18,16.8
SALE02519,2023-05-09,S002,Westside,P016,Granola,Food,2,6.99,3.56,13.98,7.12,6.86
SALE02520,2023-04-12,S003,Northgate,P002,Headphones,Electronics,10,79.99,32.4,799.9,324.0,475.9
SALE02521,2023-09-07,S003,Northgate,P004,Tablet,Electronics,6,449.99,200.08,2699.94,1200.48,1499.46
SALE02522,2023-07-02,S005,Southmall,P005,T-Shirt,Clothing,3,19.99,10.94,59.97,32.82,27.15
SALE02523,2023-12-10,S004,Eastpark,P016,Granola,Food,4,6.99,3.56,27.96,14.24,13.72
SALE02524,2023-02-21,S005,Southmall,P001,Laptop,Electronics,5,899.99,475.09,4499.95,2375.45,2124.5
SALE02525,2023-11-14,S001,Downtown,P002,Headphones,Electronics,2,79.99,32.4,159.98,64.8,95.18
SALE02526,2023-04-10,S001,Downtown,P015,Olive Oil,Food,6,9.99,5.29,59.94,31.74,28.2
SALE02527,2023-09-06,S001,Downtown,P016,Granola,Food,8,6.99,3.56,55.92,28.48,27.44
SALE02528,2023-06-18,S002,Westside,P007,Jacket,Clothing,10,89.99,52.05,899.9,520.5,379.4
SALE02529,2023-12-04,S005,Southmall,P015,Olive Oil,Food,5,9.99,5.29,49.95,26.45,23.5
SALE02530,2023-12-22,S002,Westside,P013,Protein Bar,Food,10,2.99,1.21,29.9,12.1,17.8
SALE02531,2023-03-20,S005,Southmall,P007,Jacket,Clothing,10,89.99,52.05,899.9,520.5,379.4
SALE02532,2023-10-18,S001,Downtown,P003,Smartwatch,Electronics,6,199.99,91.0,1199.94,546.0,653.94
SALE02533,2023-06-11,S002,Westside,P001,Laptop,Electronics,7,899.99,475.09,6299.93,3325.63,2974.3
SALE02534,2023-03-28,S005,Southmall,P003,Smartwatch,Electronics,1,199.99,91.0,199.99,91.0,108.99
SALE02535,2023-06-10,S005,Southmall,P014,Coffee Beans,Food,4,14.99,6.59,59.96,26.36,33.6
SALE02536,2023-04-24,S004,Eastpark,P005,T-Shirt,Clothing,7,19.99,10.94,139.93,76.58,63.35
SALE02537,2023-05-22,S001,Downtown,P015,Olive Oil,Food,6,9.99,5.29,59.94,31.74,28.2
SALE02538,2023-03-10,S002,Westside,P010,Blender,Home,6,39.99,16.23,239.94,97.38,142.56
SALE02539,2023-09-03,S003,Northgate,P007,Jacket,Clothing,8,89.99,52.05,719.92,416.4,303.52
SALE02540,2023-08-17,S003,Northgate,P008,Sneakers,Clothing,6,69.99,29.21,419.94,175.26,244.68
SALE02541,2023-06-06,S003,Northgate,P016,Granola,Food,8,6.99,3.56,55.92,28.48,27.44
SALE02542,2023-10-10,S005,Southmall,P009,Coffee Maker,Home,2,59.99,29.06,119.98,58.12,61.86
SALE02543,2023-03-31,S003,Northgate,P013,Protein Bar,Food,10,2.99,1.21,29.9,12.1,17.8
SALE02544,2023-02-11,S003,Northgate,P008,Sneakers,Clothing,5,69.99,29.21,349.95,146.05,203.9
SALE02545,2023-03-13,S004,Eastpark,P010,Blender,Home,9,39.99,16.23,359.91,146.07,213.84
SALE02546,2023-04-11,S003,Northgate,P004,Tablet,Electronics,5,449.99,200.08,2249.95,1000.4,1249.55
SALE02547,2023-11-17,S005,Southmall,P008,Sneakers,Clothing,2,69.99,29.21,139.98,58.42,81.56
SALE02548,2023-02-08,S004,Eastpark,P004,Tablet,Electronics,1,449.99,200.08,449.99,200.08,249.91
SALE02549,2023-09-17,S004,Eastpark,P010,Blender,Home,1,39.99,16.23,39.99,16.23,23.76
SALE02550,2023-10-25,S001,Downtown,P002,Headphones,Electronics,10,79.99,32.4,799.9,324.0,475.9
SALE02551,2023-07-27,S005,Southmall,P005,T-Shirt,Clothing,10,19.99,10.94,199.9,109.4,90.5
SALE02552,2023-04-19,S001,Downtown,P002,Headphones,Electronics,1,79.99,32.4,79.99,32.4,47.59
SALE02553,2023-10-10,S003,Northgate,P002,Headphones,Electronics,5,79.99,32.4,399.95,162.0,237.95
SALE02554,2023-10-06,S002,Westside,P010,Blender,Home,9,39.99,16.23,359.91,146.07,213.84
SALE02555,2023-08-30,S003,Northgate,P011,Vacuum,Home,3,129.99,57.68,389.97,173.04,216.93
SALE02556,2023-07-07,S004,Eastpark,P015,Olive Oil,Food,7,9.99,5.29,69.93,37.03,32.9
SALE02557,2023-04-25,S001,Downtown,P012,Lamp,Home,10,34.99,17.53,349.9,175.3,174.6
SALE02558,2023-05-29,S005,Southmall,P005,T-Shirt,Clothing,3,19.99,10.94,59.97,32.82,27.15
SALE02559,2023-08-26,S001,Downtown,P012,Lamp,Home,9,34.99,17.53,314.91,157.77,157.14
SALE02560,2023-09-19,S005,Southmall,P011,Vacuum,Home,2,129.99,57.68,259.98,115.36,144.62
SALE02561,2023-07-23,S004,Eastpark,P014,Coffee Beans,Food,6,14.99,6.59,89.94,39.54,50.4
SALE02562,2023-09-15,S005,Southmall,P004,Tablet,Electronics,1,449.99,200.08,449.99,200.08,249.91
SALE02563,2023-12-06,S005,Southmall,P005,T-Shirt,Clothing,4,19.99,10.94,79.96,43.76,36.2
SALE02564,2023-11-11,S004,Eastpark,P012,Lamp,Home,3,34.99,17.53,104.97,52.59,52.38
SALE02565,2023-09-21,S002,Westside,P014,Coffee Beans,Food,3,14.99,6.59,44.97,19.77,25.2
SALE02566,2023-08-17,S003,Northgate,P005,T-Shirt,Clothing,3,19.99,10.94,59.97,32.82,27.15
SALE02567,2023-04-02,S002,Westside,P008,Sneakers,Clothing,10,69.99,29.21,699.9,292.1,407.8
SALE02568,2023-10-17,S004,Eastpark,P005,T-Shirt,Clothing,3,19.99,10.94,59.97,32.82,27.15
SALE02569,2023-09-05,S005,Southmall,P013,Protein Bar,Food,6,2.99,1.21,17.94,7.26,10.68
SALE02570,2023-01-21,S003,Northgate,P005,T-Shirt,Clothing,4,19.99,10.94,79.96,43.76,36.2
SALE02571,2023-09-07,S002,Westside,P015,Olive Oil,Food,4,9.99,5.29,39.96,21.16,18.8
SALE02572,2023-02-02,S005,Southmall,P010,Blender,Home,5,39.99,16.23,199.95,81.15,118.8
SALE02573,2023-07-09,S004,Eastpark,P002,Headphones,Electronics,4,79.99,32.4,319.96,129.6,190.36
SALE02574,2023-01-22,S004,Eastpark,P011,Vacuum,Home,4,129.99,57.68,519.96,230.72,289.24
SALE02575,2023-09-23,S002,Westside,P013,Protein Bar,Food,6,2.99,1.21,17.94,7.26,10.68
SALE02576,2023-07-18,S002,Westside,P012,Lamp,Home,8,34.99,17.53,279.92,140.24,139.68
SALE02577,2023-08-21,S003,Northgate,P009,Coffee Maker,Home,1,59.99,29.06,59.99,29.06,30.93
SALE02578,2023-01-21,S004,Eastpark,P011,Vacuum,Home,6,129.99,57.68,779.94,346.08,433.86
SALE02579,2023-02-22,S002,Westside,P012,Lamp,Home,9,34.99,17.53,314.91,157.77,157.14
SALE02580,2023-11-21,S002,Westside,P012,Lamp,Home,5,34.99,17.53,174.95,87.65,87.3
SALE02581,2023-05-15,S001,Downtown,P016,Granola,Food,10,6.99,3.56,69.9,35.6,34.3
SALE02582,2023-10-06,S003,Northgate,P002,Headphones,Electronics,10,79.99,32.4,799.9,324.0,475.9
SALE02583,2023-03-31,S005,Southmall,P002,Headphones,Electronics,7,79.99,32.4,559.93,226.8,333.13
SALE02584,2023-12-01,S002,Westside,P014,Coffee Beans,Food,7,14.99,6.59,104.93,46.13,58.8
SALE02585,2023-07-07,S001,Downtown,P015,Olive Oil,Food,10,9.99,5.29,99.9,52.9,47.0
SALE02586,2023-12-01,S004,Eastpark,P015,Olive Oil,Food,2,9.99,5.29,19.98,10.58,9.4
SALE02587,2023-09-22,S004,Eastpark,P013,Protein Bar,Food,5,2.99,1.21,14.95,6.05,8.9
SALE02588,2023-07-12,S003,Northgate,P012,Lamp,Home,4,34.99,17.53,139.96,70.12,69.84
SALE02589,2023-09-22,S003,Northgate,P009,Coffee Maker,Home,7,59.99,29.06,419.93,203.42,216.51
SALE02590,2023-06-30,S005,Southmall,P010,Blender,Home,6,39.99,16.23,239.94,97.38,142.56
SALE02591,2023-09-07,S001,Downtown,P012,Lamp,Home,8,34.99,17.53,279.92,140.24,139.68
SALE02592,2023-11-06,S005,Southmall,P005,T-Shirt,Clothing,1,19.99,10.94,19.99,10.94,9.05
SALE02593,2023-09-14,S001,Downtown,P003,Smartwatch,Electronics,3,199.99,91.0,599.97,273.0,326.97
SALE02594,2023-08-14,S005,Southmall,P008,Sneakers,Clothing,3,69.99,29.21,209.97,87.63,122.34
SALE02595,2023-04-28,S001,Downtown,P006,Jeans,Clothing,2,49.99,26.76,99.98,53.52,46.46
SALE02596,2023-09-21,S004,Eastpark,P007,Jacket,Clothing,5,89.99,52.05,449.95,260.25,189.7
SALE02597,2023-04-19,S004,Eastpark,P016,Granola,Food,3,6.99,3.56,20.97,10.68,10.29
SALE02598,2023-04-06,S004,Eastpark,P008,Sneakers,Clothing,3,69.99,29.21,209.97,87.63,122.34
SALE02599,2023-07-05,S002,Westside,P001,Laptop,Electronics,10,899.99,475.09,8999.9,4750.9,4249.0
SALE02600,2023-03-02,S004,Eastpark,P011,Vacuum,Home,4,129.99,57.68,519.96,230.72,289.24
SALE02601,2023-08-01,S004,Eastpark,P002,Headphones,Electronics,6,79.99,32.4,479.94,194.4,285.54
SALE02602,2023-02-28,S001,Downtown,P004,Tablet,Electronics,8,449.99,200.08,3599.92,1600.64,1999.28
SALE02603,2023-12-12,S004,Eastpark,P008,Sneakers,Clothing,8,69.99,29.21,559.92,233.68,326.24
SALE02604,2023-09-03,S002,Westside,P001,Laptop,Electronics,4,899.99,475.09,3599.96,1900.36,1699.6
SALE02605,2023-10-30,S001,Downtown,P007,Jacket,Clothing,3,89.99,52.05,269.97,156.15,113.82
SALE02606,2023-11-28,S002,Westside,P005,T-Shirt,Clothing,7,19.99,10.94,139.93,76.58,63.35
SALE02607,2023-01-12,S004,Eastpark,P008,Sneakers,Clothing,4,69.99,29.21,279.96,116.84,163.12
SALE02608,2023-01-23,S005,Southmall,P006,Jeans,Clothing,3,49.99,26.76,149.97,80.28,69.69
SALE02609,2023-10-21,S004,Eastpark,P008,Sneakers,Clothing,10,69.99,29.21,699.9,292.1,407.8
SALE02610,2023-03-24,S004,Eastpark,P015,Olive Oil,Food,3,9.99,5.29,29.97,15.87,14.1
SALE02611,2023-11-19,S002,Westside,P004,Tablet,Electronics,9,449.99,200.08,4049.91,1800.72,2249.19
SALE02612,2023-01-21,S002,Westside,P007,Jacket,Clothing,10,89.99,52.05,899.9,520.5,379.4
SALE02613,2023-03-17,S004,Eastpark,P003,Smartwatch,Electronics,1,199.99,91.0,199.99,91.0,108.99
SALE02614,2023-03-27,S002,Westside,P006,Jeans,Clothing,5,49.99,26.76,249.95,133.8,116.15
SALE02615,2023-04-03,S002,Westside,P001,Laptop,Electronics,9,899.99,475.09,8099.91,4275.81,3824.1
SALE02616,2023-07-27,S005,Southmall,P001,Laptop,Electronics,10,899.99,475.09,8999.9,4750.9,4249.0
SALE02617,2023-10-16,S001,Downtown,P012,Lamp,Home,1,34.99,17.53,34.99,17.53,17.46
SALE02618,2023-12-05,S003,Northgate,P016,Granola,Food,5,6.99,3.56,34.95,17.8,17.15
SALE02619,2023-02-13,S004,Eastpark,P005,T-Shirt,Clothing,4,19.99,10.94,79.96,43.76,36.2
SALE02620,2023-08-18,S003,Northgate,P014,Coffee Beans,Food,10,14.99,6.59,149.9,65.9,84.0
SALE02621,2023-08-30,S001,Downtown,P005,T-Shirt,Clothing,8,19.99,10.94,159.92,87.52,72.4
SALE02622,2023-03-29,S002,Westside,P002,Headphones,Electronics,4,79.99,32.4,319.96,129.6,190.36
SALE02623,2023-07-30,S001,Downtown,P005,T-Shirt,Clothing,10,19.99,10.94,199.9,109.4,90.5
SALE02624,2023-03-15,S003,Northgate,P003,Smartwatch,Electronics,10,199.99,91.0,1999.9,910.0,1089.9
SALE02625,2023-04-04,S005,Southmall,P007,Jacket,Clothing,10,89.99,52.05,899.9,520.5,379.4
SALE02626,2023-12-04,S004,Eastpark,P005,T-Shirt,Clothing,9,19.99,10.94,179.91,98.46,81.45
SALE02627,2023-05-16,S001,Downtown,P005,T-Shirt,Clothing,3,19.99,10.94,59.97,32.82,27.15
SALE02628,2023-12-18,S001,Downtown,P006,Jeans,Clothing,6,49.99,26.76,299.94,160.56,139.38
SALE02629,2023-08-21,S001,Downtown,P005,T-Shirt,Clothing,10,19.99,10.94,199.9,109.4,90.5
SALE02630,2023-10-30,S005,Southmall,P008,Sneakers,Clothing,2,69.99,29.21,139.98,58.42,81.56
SALE02631,2023-04-28,S002,Westside,P013,Protein Bar,Food,7,2.99,1.21,20.93,8.47,12.46
SALE02632,2023-07-17,S003,Northgate,P007,Jacket,Clothing,3,89.99,52.05,269.97,156.15,113.82
SALE02633,2023-02-25,S001,Downtown,P004,Tablet,Electronics,1,449.99,200.08,449.99,200.08,249.91
SALE02634,2023-04-14,S002,Westside,P010,Blender,Home,9,39.99,16.23,359.91,146.07,213.84
SALE02635,2023-09-16,S005,Southmall,P009,Coffee Maker,Home,7,59.99,29.06,419.93,203.42,216.51
SALE02636,2023-03-18,S002,Westside,P015,Olive Oil,Food,10,9.99,5.29,99.9,52.9,47.0
SALE02637,2023-02-19,S002,Westside,P008,Sneakers,Clothing,3,69.99,29.21,209.97,87.63,122.34
SALE02638,2023-09-01,S001,Downtown,P011,Vacuum,Home,10,129.99,57.68,1299.9,576.8,723.1
SALE02639,2023-11-04,S001,Downtown,P016,Granola,Food,1,6.99,3.56,6.99,3.56,3.43
SALE02640,2023-09-30,S004,Eastpark,P005,T-Shirt,Clothing,9,19.99,10.94,179.91,98.46,81.45
SALE02641,2023-03-02,S004,Eastpark,P014,Coffee Beans,Food,2,14.99,6.59,29.98,13.18,16.8
SALE02642,2023-09-04,S004,Eastpark,P015,Olive Oil,Food,3,9.99,5.29,29.97,15.87,14.1
SALE02643,2023-11-05,S005,Southmall,P008,Sneakers,Clothing,9,69.99,29.21,629.91,262.89,367.02
SALE02644,2023-01-01,S002,Westside,P013,Protein Bar,Food,7,2.99,1.21,20.93,8.47,12.46
SALE02645,2023-09-25,S004,Eastpark,P003,Smartwatch,Electronics,7,199.99,91.0,1399.93,637.0,762.93
SALE02646,2023-07-09,S003,Northgate,P014,Coffee Beans,Food,1,14.99,6.59,14.99,6.59,8.4
SALE02647,2023-12-24,S001,Downtown,P015,Olive Oil,Food,9,9.99,5.29,89.91,47.61,42.3
SALE02648,2023-08-08,S004,Eastpark,P015,Olive Oil,Food,4,9.99,5.29,39.96,21.16,18.8
SALE02649,2023-09-04,S002,Westside,P014,Coffee Beans,Food,7,14.99,6.59,104.93,46.13,58.8
SALE02650,2023-06-29,S005,Southmall,P003,Smartwatch,Electronics,10,199.99,91.0,1999.9,910.0,1089.9
SALE02651,2023-12-23,S002,Westside,P016,Granola,Food,10,6.99,3.56,69.9,35.6,34.3
SALE02652,2023-02-20,S002,Westside,P015,Olive Oil,Food,7,9.99,5.29,69.93,37.03,32.9
SALE02653,2023-03-10,S005,Southmall,P005,T-Shirt,Clothing,5,19.99,10.94,99.95,54.7,45.25
SALE02654,2023-09-02,S003,Northgate,P010,Blender,Home,4,39.99,16.23,159.96,64.92,95.04
SALE02655,2023-02-12,S001,Downtown,P014,Coffee Beans,Food,5,14.99,6.59,74.95,32.95,42.0
SALE02656,2023-11-03,S002,Westside,P016,Granola,Food,9,6.99,3.56,62.91,32.04,30.87
SALE02657,2023-07-29,S003,Northgate,P001,Laptop,Electronics,5,899.99,475.09,4499.95,2375.45,2124.5
SALE02658,2023-04-07,S005,Southmall,P004,Tablet,Electronics,1,449.99,200.08,449.99,200.08,249.91
SALE02659,2023-12-30,S004,Eastpark,P007,Jacket,Clothing,1,89.99,52.05,89.99,52.05,37.94
SALE02660,2023-10-23,S003,Northgate,P016,Granola,Food,9,6.99,3.56,62.91,32.04,30.87
SALE02661,2023-03-02,S003,Northgate,P014,Coffee Beans,Food,9,14.99,6.59,134.91,59.31,75.6
SALE02662,2023-01-04,S004,Eastpark,P006,Jeans,Clothing,7,49.99,26.76,349.93,187.32,162.61
SALE02663,2023-12-02,S003,Northgate,P013,Protein Bar,Food,4,2.99,1.21,11.96,4.84,7.12
SALE02664,2023-12-19,S003,Northgate,P011,Vacuum,Home,6,129.99,57.68,779.94,346.08,433.86
SALE02665,2023-07-29,S004,Eastpark,P015,Olive Oil,Food,6,9.99,5.29,59.94,31.74,28.2
SALE02666,2023-02-24,S001,Downtown,P001,Laptop,Electronics,3,899.99,475.09,2699.97,1425.27,1274.7
SALE02667,2023-08-07,S005,Southmall,P002,Headphones,Electronics,10,79.99,32.4,799.9,324.0,475.9
SALE02668,2023-05-10,S001,Downtown,P013,Protein Bar,Food,5,2.99,1.21,14.95,6.05,8.9
SALE02669,2023-10-02,S003,Northgate,P007,Jacket,Clothing,7,89.99,52.05,629.93,364.35,265.58
SALE02670,2023-10-17,S005,Southmall,P006,Jeans,Clothing,6,49.99,26.76,299.94,160.56,139.38
SALE02671,2023-11-10,S002,Westside,P010,Blender,Home,5,39.99,16.23,199.95,81.15,118.8
SALE02672,2023-12-15,S002,Westside,P015,Olive Oil,Food,7,9.99,5.29,69.93,37.03,32.9
SALE02673,2023-04-15,S003,Northgate,P014,Coffee Beans,Food,7,14.99,6.59,104.93,46.13,58.8
SALE02674,2023-10-10,S005,Southmall,P001,Laptop,Electronics,9,899.99,475.09,8099.91,4275.81,3824.1
SALE02675,2023-09-05,S003,Northgate,P013,Protein Bar,Food,3,2.99,1.21,8.97,3.63,5.34
SALE02676,2023-07-09,S001,Downtown,P013,Protein Bar,Food,9,2.99,1.21,26.91,10.89,16.02
SALE02677,2023-10-12,S002,Westside,P001,Laptop,Electronics,8,899.99,475.09,7199.92,3800.72,3399.2
SALE02678,2023-05-10,S005,Southmall,P015,Olive Oil,Food,5,9.99,5.29,49.95,26.45,23.5
SALE02679,2023-10-23,S004,Eastpark,P013,Protein Bar,Food,6,2.99,1.21,17.94,7.26,10.68
SALE02680,2023-12-28,S001,Downtown,P005,T-Shirt,Clothing,7,19.99,10.94,139.93,76.58,63.35
SALE02681,2023-03-12,S002,Westside,P016,Granola,Food,2,6.99,3.56,13.98,7.12,6.86
SALE02682,2023-04-28,S005,Southmall,P005,T-Shirt,Clothing,8,19.99,10.94,159.92,87.52,72.4
SALE02683,2023-12-25,S005,Southmall,P013,Protein Bar,Food,3,2.99,1.21,8.97,3.63,5.34
SALE02684,2023-02-21,S005,Southmall,P016,Granola,Food,4,6.99,3.56,27.96,14.24,13.72
SALE02685,2023-09-18,S001,Downtown,P003,Smartwatch,Electronics,7,199.99,91.0,1399.93,637.0,762.93
SALE02686,2023-06-23,S002,Westside,P002,Headphones,Electronics,9,79.99,32.4,719.91,291.6,428.31
SALE02687,2023-11-11,S002,Westside,P005,T-Shirt,Clothing,1,19.99,10.94,19.99,10.94,9.05
SALE02688,2023-03-24,S004,Eastpark,P006,Jeans,Clothing,7,49.99,26.76,349.93,187.32,162.61
SALE02689,2023-11-22,S002,Westside,P010,Blender,Home,1,39.99,16.23,39.99,16.23,23.76
SALE02690,2023-02-16,S003,Northgate,P003,Smartwatch,Electronics,3,199.99,91.0,599.97,273.0,326.97
SALE02691,2023-08-30,S003,Northgate,P010,Blender,Home,10,39.99,16.23,399.9,162.3,237.6
SALE02692,2023-08-11,S004,Eastpark,P002,Headphones,Electronics,2,79.99,32.4,159.98,64.8,95.18
SALE02693,2023-02-02,S005,Southmall,P001,Laptop,Electronics,5,899.99,475.09,4499.95,2375.45,2124.5
SALE02694,2023-04-24,S002,Westside,P008,Sneakers,Clothing,6,69.99,29.21,419.94,175.26,244.68
SALE02695,2023-02-10,S002,Westside,P008,Sneakers,Clothing,10,69.99,29.21,699.9,292.1,407.8
SALE02696,2023-01-20,S004,Eastpark,P014,Coffee Beans,Food,7,14.99,6.59,104.93,46.13,58.8
SALE02697,2023-07-25,S002,Westside,P002,Headphones,Electronics,10,79.99,32.4,799.9,324.0,475.9
SALE02698,2023-12-02,S001,Downtown,P012,Lamp,Home,9,34.99,17.53,314.91,157.77,157.14
SALE02699,2023-05-27,S003,Northgate,P016,Granola,Food,10,6.99,3.56,69.9,35.6,34.3
SALE02700,2023-01-30,S002,Westside,P009,Coffee Maker,Home,3,59.99,29.06,179.97,87.18,92.79
SALE02701,2023-11-24,S004,Eastpark,P005,T-Shirt,Clothing,8,19.99,10.94,159.92,87.52,72.4
SALE02702,2023-08-13,S001,Downtown,P003,Smartwatch,Electronics,1,199.99,91.0,199.99,91.0,108.99
SALE02703,2023-04-14,S001,Downtown,P012,Lamp,Home,9,34.99,17.53,314.91,157.77,157.14
SALE02704,2023-05-27,S005,Southmall,P005,T-Shirt,Clothing,4,19.99,10.94,79.96,43.76,36.2
SALE02705,2023-01-18,S004,Eastpark,P011,Vacuum,Home,10,129.99,57.68,1299.9,576.8,723.1
SALE02706,2023-09-19,S002,Westside,P011,Vacuum,Home,9,129.99,57.68,1169.91,519.12,650.79
SALE02707,2023-12-24,S004,Eastpark,P006,Jeans,Clothing,4,49.99,26.76,199.96,107.04,92.92
SALE02708,2023-11-11,S001,Downtown,P010,Blender,Home,3,39.99,16.23,119.97,48.69,71.28
SALE02709,2023-12-12,S002,Westside,P004,Tablet,Electronics,1,449.99,200.08,449.99,200.08,249.91
SALE02710,2023-07-04,S004,Eastpark,P010,Blender,Home,4,39.99,16.23,159.96,64.92,95.04
SALE02711,2023-12-02,S003,Northgate,P014,Coffee Beans,Food,1,14.99,6.59,14.99,6.59,8.4
SALE02712,2023-03-22,S001,Downtown,P016,Granola,Food,2,6.99,3.56,13.98,7.12,6.86
SALE02713,2023-05-22,S003,Northgate,P005,T-Shirt,Clothing,7,19.99,10.94,139.93,76.58,63.35
SALE02714,2023-06-30,S005,Southmall,P015,Olive Oil,Food,7,9.99,5.29,69.93,37.03,32.9
SALE02715,2023-07-27,S004,Eastpark,P016,Granola,Food,10,6.99,3.56,69.9,35.6,34.3
SALE02716,2023-04-13,S005,Southmall,P015,Olive Oil,Food,9,9.99,5.29,89.91,47.61,42.3
SALE02717,2023-01-08,S005,Southmall,P016,Granola,Food,2,6.99,3.56,13.98,7.12,6.86
SALE02718,2023-02-16,S001,Downtown,P005,T-Shirt,Clothing,9,19.99,10.94,179.91,98.46,81.45
SALE02719,2023-05-26,S001,Downtown,P003,Smartwatch,Electronics,9,199.99,91.0,1799.91,819.0,980.91
SALE02720,2023-10-26,S004,Eastpark,P010,Blender,Home,6,39.99,16.23,239.94,97.38,142.56
SALE02721,2023-06-27,S001,Downtown,P016,Granola,Food,5,6.99,3.56,34.95,17.8,17.15
SALE02722,2023-04-26,S004,Eastpark,P013,Protein Bar,Food,10,2.99,1.21,29.9,12.1,17.8
SALE02723,2023-04-10,S003,Northgate,P012,Lamp,Home,8,34.99,17.53,279.92,140.24,139.68
SALE02724,2023-07-26,S004,Eastpark,P003,Smartwatch,Electronics,10,199.99,91.0,1999.9,910.0,1089.9
SALE02725,2023-01-03,S004,Eastpark,P001,Laptop,Electronics,5,899.99,475.09,4499.95,2375.45,2124.5
SALE02726,2023-03-31,S003,Northgate,P012,Lamp,Home,7,34.99,17.53,244.93,122.71,122.22
SALE02727,2023-09-17,S003,Northgate,P005,T-Shirt,Clothing,2,19.99,10.94,39.98,21.88,18.1
SALE02728,2023-10-14,S003,Northgate,P008,Sneakers,Clothing,2,69.99,29.21,139.98,58.42,81.56
SALE02729,2023-09-15,S004,Eastpark,P013,Protein Bar,Food,5,2.99,1.21,14.95,6.05,8.9
SALE02730,2023-06-24,S001,Downtown,P008,Sneakers,Clothing,2,69.99,29.21,139.98,58.42,81.56
SALE02731,2023-09-20,S002,Westside,P002,Headphones,Electronics,5,79.99,32.4,399.95,162.0,237.95
SALE02732,2023-10-03,S002,Westside,P001,Laptop,Electronics,10,899.99,475.09,8999.9,4750.9,4249.0
SALE02733,2023-05-09,S004,Eastpark,P014,Coffee Beans,Food,8,14.99,6.59,119.92,52.72,67.2
SALE02734,2023-07-13,S004,Eastpark,P015,Olive Oil,Food,10,9.99,5.29,99.9,52.9,47.0
SALE02735,2023-09-05,S005,Southmall,P015,Olive Oil,Food,4,9.99,5.29,39.96,21.16,18.8
SALE02736,2023-06-23,S003,Northgate,P006,Jeans,Clothing,8,49.99,26.76,399.92,214.08,185.84
SALE02737,2023-12-15,S003,Northgate,P010,Blender,Home,8,39.99,16.23,319.92,129.84,190.08
SALE02738,2023-10-28,S002,Westside,P016,Granola,Food,1,6.99,3.56,6.99,3.56,3.43
SALE02739,2023-09-04,S004,Eastpark,P006,Jeans,Clothing,2,49.99,26.76,99.98,53.52,46.46
SALE02740,2023-05-13,S004,Eastpark,P016,Granola,Food,2,6.99,3.56,13.98,7.12,6.86
SALE02741,2023-07-15,S003,Northgate,P001,Laptop,Electronics,4,899.99,475.09,3599.96,1900.36,1699.6
SALE02742,2023-12-13,S003,Northgate,P008,Sneakers,Clothing,4,69.99,29.21,279.96,116.84,163.12
SALE02743,2023-06-11,S004,Eastpark,P004,Tablet,Electronics,7,449.99,200.08,3149.93,1400.56,1749.37
SALE02744,2023-06-30,S005,Southmall,P009,Coffee Maker,Home,9,59.99,29.06,539.91,261.54,278.37
SALE02745,2023-10-02,S005,Southmall,P012,Lamp,Home,1,34.99,17.53,34.99,17.53,17.46
SALE02746,2023-12-25,S001,Downtown,P014,Coffee Beans,Food,5,14.99,6.59,74.95,32.95,42.0
SALE02747,2023-05-08,S003,Northgate,P013,Protein Bar,Food,5,2.99,1.21,14.95,6.05,8.9
SALE02748,2023-02-17,S004,Eastpark,P011,Vacuum,Home,7,129.99,57.68,909.93,403.76,506.17
SALE02749,2023-12-11,S003,Northgate,P010,Blender,Home,6,39.99,16.23,239.94,97.38,142.56
SALE02750,2023-02-08,S001,Downtown,P006,Jeans,Clothing,9,49.99,26.76,449.91,240.84,209.07
SALE02751,2023-04-02,S004,Eastpark,P004,Tablet,Electronics,8,449.99,200.08,3599.92,1600.64,1999.28
SALE02752,2023-06-10,S001,Downtown,P004,Tablet,Electronics,6,449.99,200.08,2699.94,1200.48,1499.46
SALE02753,2023-04-22,S003,Northgate,P007,Jacket,Clothing,10,89.99,52.05,899.9,520.5,379.4
SALE02754,2023-05-18,S003,Northgate,P001,Laptop,Electronics,3,899.99,475.09,2699.97,1425.27,1274.7
SALE02755,2023-12-16,S002,Westside,P012,Lamp,Home,4,34.99,17.53,139.96,70.12,69.84
SALE02756,2023-09-13,S002,Westside,P010,Blender,Home,4,39.99,16.23,159.96,64.92,95.04
SALE02757,2023-05-01,S002,Westside,P007,Jacket,Clothing,4,89.99,52.05,359.96,208.2,151.76
SALE02758,2023-05-16,S005,Southmall,P014,Coffee Beans,Food,4,14.99,6.59,59.96,26.36,33.6
SALE02759,2023-04-28,S004,Eastpark,P010,Blender,Home,4,39.99,16.23,159.96,64.92,95.04
SALE02760,2023-05-08,S001,Downtown,P016,Granola,Food,10,6.99,3.56,69.9,35.6,34.3
SALE02761,2023-07-02,S002,Westside,P016,Granola,Food,3,6.99,3.56,20.97,10.68,10.29
SALE02762,2023-02-24,S004,Eastpark,P011,Vacuum,Home,2,129.99,57.68,259.98,115.36,144.62
SALE02763,2023-02-10,S001,Downtown,P013,Protein Bar,Food,8,2.99,1.21,23.92,9.68,14.24
SALE02764,2023-11-11,S002,Westside,P008,Sneakers,Clothing,1,69.99,29.21,69.99,29.21,40.78
SALE02765,2023-10-05,S004,Eastpark,P007,Jacket,Clothing,1,89.99,52.05,89.99,52.05,37.94
SALE02766,2023-09-04,S002,Westside,P007,Jacket,Clothing,6,89.99,52.05,539.94,312.3,227.64
SALE02767,2023-11-14,S004,Eastpark,P003,Smartwatch,Electronics,6,199.99,91.0,1199.94,546.0,653.94
SALE02768,2023-09-10,S004,Eastpark,P016,Granola,Food,10,6.99,3.56,69.9,35.6,34.3
SALE02769,2023-05-21,S002,Westside,P001,Laptop,Electronics,8,899.99,475.09,7199.92,3800.72,3399.2
SALE02770,2023-04-04,S005,Southmall,P010,Blender,Home,9,39.99,16.23,359.91,146.07,213.84
SALE02771,2023-05-24,S003,Northgate,P006,Jeans,Clothing,7,49.99,26.76,349.93,187.32,162.61
SALE02772,2023-04-24,S001,Downtown,P012,Lamp,Home,10,34.99,17.53,349.9,175.3,174.6
SALE02773,2023-03-07,S005,Southmall,P012,Lamp,Home,1,34.99,17.53,34.99,17.53,17.46
SALE02774,2023-09-27,S005,Southmall,P001,Laptop,Electronics,7,899.99,475.09,6299.93,3325.63,2974.3
SALE02775,2023-09-02,S005,Southmall,P015,Olive Oil,Food,9,9.99,5.29,89.91,47.61,42.3
SALE02776,2023-01-17,S005,Southmall,P010,Blender,Home,9,39.99,16.23,359.91,146.07,213.84
SALE02777,2023-06-27,S005,Southmall,P011,Vacuum,Home,7,129.99,57.68,909.93,403.76,506.17
SALE02778,2023-12-18,S005,Southmall,P013,Protein Bar,Food,3,2.99,1.21,8.97,3.63,5.34
SALE02779,2023-08-23,S004,Eastpark,P004,Tablet,Electronics,2,449.99,200.08,899.98,400.16,499.82
SALE02780,2023-12-24,S002,Westside,P007,Jacket,Clothing,9,89.99,52.05,809.91,468.45,341.46
SALE02781,2023-08-24,S003,Northgate,P002,Headphones,Electronics,6,79.99,32.4,479.94,194.4,285.54
SALE02782,2023-12-19,S001,Downtown,P008,Sneakers,Clothing,1,69.99,29.21,69.99,29.21,40.78
SALE02783,2023-01-07,S001,Downtown,P009,Coffee Maker,Home,4,59.99,29.06,239.96,116.24,123.72
SALE02784,2023-07-14,S005,Southmall,P012,Lamp,Home,10,34.99,17.53,349.9,175.3,174.6
SALE02785,2023-02-21,S003,Northgate,P007,Jacket,Clothing,6,89.99,52.05,539.94,312.3,227.64
SALE02786,2023-07-05,S005,Southmall,P001,Laptop,Electronics,10,899.99,475.09,8999.9,4750.9,4249.0
SALE02787,2023-05-13,S001,Downtown,P005,T-Shirt,Clothing,3,19.99,10.94,59.97,32.82,27.15
SALE02788,2023-10-08,S001,Downtown,P006,Jeans,Clothing,5,49.99,26.76,249.95,133.8,116.15
SALE02789,2023-05-02,S005,Southmall,P001,Laptop,Electronics,5,899.99,475.09,4499.95,2375.45,2124.5
SALE02790,2023-08-30,S005,Southmall,P013,Protein Bar,Food,10,2.99,1.21,29.9,12.1,17.8
SALE02791,2023-06-25,S003,Northgate,P009,Coffee Maker,Home,6,59.99,29.06,359.94,174.36,185.58
SALE02792,2023-04-05,S004,Eastpark,P008,Sneakers,Clothing,8,69.99,29.21,559.92,233.68,326.24
SALE02793,2023-08-06,S003,Northgate,P016,Granola,Food,4,6.99,3.56,27.96,14.24,13.72
SALE02794,2023-08-03,S001,Downtown,P011,Vacuum,Home,6,129.99,57.68,779.94,346.08,433.86
SALE02795,2023-07-06,S005,Southmall,P005,T-Shirt,Clothing,7,19.99,10.94,139.93,76.58,63.35
SALE02796,2023-05-24,S005,Southmall,P008,Sneakers,Clothing,8,69.99,29.21,559.92,233.68,326.24
SALE02797,2023-04-03,S004,Eastpark,P009,Coffee Maker,Home,10,59.99,29.06,599.9,290.6,309.3
SALE02798,2023-03-09,S001,Downtown,P013,Protein Bar,Food,10,2.99,1.21,29.9,12.1,17.8
SALE02799,2023-12-18,S005,Southmall,P006,Jeans,Clothing,4,49.99,26.76,199.96,107.04,92.92
SALE02800,2023-02-21,S003,Northgate,P013,Protein Bar,Food,5,2.99,1.21,14.95,6.05,8.9
SALE02801,2023-05-01,S001,Downtown,P003,Smartwatch,Electronics,9,199.99,91.0,1799.91,819.0,980.91
SALE02802,2023-08-10,S004,Eastpark,P014,Coffee Beans,Food,7,14.99,6.59,104.93,46.13,58.8
SALE02803,2023-04-11,S003,Northgate,P010,Blender,Home,3,39.99,16.23,119.97,48.69,71.28
SALE02804,2023-03-18,S001,Downtown,P013,Protein Bar,Food,8,2.99,1.21,23.92,9.68,14.24
SALE02805,2023-01-05,S004,Eastpark,P015,Olive Oil,Food,3,9.99,5.29,29.97,15.87,14.1
SALE02806,2023-08-04,S005,Southmall,P002,Headphones,Electronics,8,79.99,32.4,639.92,259.2,380.72
SALE02807,2023-03-10,S004,Eastpark,P011,Vacuum,Home,9,129.99,57.68,1169.91,519.12,650.79
SALE02808,2023-10-01,S004,Eastpark,P005,T-Shirt,Clothing,6,19.99,10.94,119.94,65.64,54.3
SALE02809,2023-09-07,S002,Westside,P006,Jeans,Clothing,5,49.99,26.76,249.95,133.8,116.15
SALE02810,2023-05-09,S005,Southmall,P012,Lamp,Home,9,34.99,17.53,314.91,157.77,157.14
SALE02811,2023-10-18,S004,Eastpark,P016,Granola,Food,1,6.99,3.56,6.99,3.56,3.43
SALE02812,2023-07-23,S001,Downtown,P004,Tablet,Electronics,2,449.99,200.08,899.98,400.16,499.82
SALE02813,2023-12-20,S004,Eastpark,P005,T-Shirt,Clothing,3,19.99,10.94,59.97,32.82,27.15
SALE02814,2023-01-31,S001,Downtown,P001,Laptop,Electronics,4,899.99,475.09,3599.96,1900.36,1699.6
SALE02815,2023-05-11,S005,Southmall,P009,Coffee Maker,Home,8,59.99,29.06,479.92,232.48,247.44
SALE02816,2023-11-19,S002,Westside,P009,Coffee Maker,Home,2,59.99,29.06,119.98,58.12,61.86
SALE02817,2023-08-19,S002,Westside,P008,Sneakers,Clothing,6,69.99,29.21,419.94,175.26,244.68
SALE02818,2023-05-14,S003,Northgate,P006,Jeans,Clothing,6,49.99,26.76,299.94,160.56,139.38
SALE02819,2023-07-04,S002,Westside,P011,Vacuum,Home,9,129.99,57.68,1169.91,519.12,650.79
SALE02820,2023-10-13,S005,Southmall,P001,Laptop,Electronics,5,899.99,475.09,4499.95,2375.45,2124.5
SALE02821,2023-06-26,S003,Northgate,P016,Granola,Food,1,6.99,3.56,6.99,3.56,3.43
SALE02822,2023-07-30,S003,Northgate,P008,Sneakers,Clothing,2,69.99,29.21,139.98,58.42,81.56
SALE02823,2023-06-29,S002,Westside,P002,Headphones,Electronics,10,79.99,32.4,799.9,324.0,475.9
SALE02824,2023-04-12,S002,Westside,P007,Jacket,Clothing,10,89.99,52.05,899.9,520.5,379.4
SALE02825,2023-10-22,S005,Southmall,P014,Coffee Beans,Food,9,14.99,6.59,134.91,59.31,75.6
SALE02826,2023-03-31,S002,Westside,P001,Laptop,Electronics,5,899.99,475.09,4499.95,2375.45,2124.5
SALE02827,2023-07-01,S005,Southmall,P004,Tablet,Electronics,6,449.99,200.08,2699.94,1200.48,1499.46
SALE02828,2023-12-11,S002,Westside,P005,T-Shirt,Clothing,9,19.99,10.94,179.91,98.46,81.45
SALE02829,2023-09-07,S004,Eastpark,P001,Laptop,Electronics,8,899.99,475.09,7199.92,3800.72,3399.2
SALE02830,2023-02-10,S005,Southmall,P001,Laptop,Electronics,7,899.99,475.09,6299.93,3325.63,2974.3
SALE02831,2023-11-11,S001,Downtown,P010,Blender,Home,5,39.99,16.23,199.95,81.15,118.8
SALE02832,2023-08-26,S002,Westside,P015,Olive Oil,Food,3,9.99,5.29,29.97,15.87,14.1
SALE02833,2023-03-27,S001,Downtown,P008,Sneakers,Clothing,6,69.99,29.21,419.94,175.26,244.68
SALE02834,2023-08-04,S005,Southmall,P001,Laptop,Electronics,10,899.99,475.09,8999.9,4750.9,4249.0
SALE02835,2023-10-20,S003,Northgate,P014,Coffee Beans,Food,7,14.99,6.59,104.93,46.13,58.8
SALE02836,2023-02-06,S005,Southmall,P001,Laptop,Electronics,2,899.99,475.09,1799.98,950.18,849.8
SALE02837,2023-03-24,S004,Eastpark,P010,Blender,Home,6,39.99,16.23,239.94,97.38,142.56
SALE02838,2023-04-27,S003,Northgate,P002,Headphones,Electronics,6,79.99,32.4,479.94,194.4,285.54
SALE02839,2023-06-12,S001,Downtown,P013,Protein Bar,Food,5,2.99,1.21,14.95,6.05,8.9
SALE02840,2023-12-30,S002,Westside,P014,Coffee Beans,Food,5,14.99,6.59,74.95,32.95,42.0
SALE02841,2023-11-06,S002,Westside,P012,Lamp,Home,7,34.99,17.53,244.93,122.71,122.22
SALE02842,2023-05-19,S003,Northgate,P014,Coffee Beans,Food,8,14.99,6.59,119.92,52.72,67.2
SALE02843,2023-07-05,S005,Southmall,P010,Blender,Home,10,39.99,16.23,399.9,162.3,237.6
SALE02844,2023-09-24,S004,Eastpark,P010,Blender,Home,8,39.99,16.23,319.92,129.84,190.08
SALE02845,2023-07-31,S003,Northgate,P004,Tablet,Electronics,3,449.99,200.08,1349.97,600.24,749.73
SALE02846,2023-04-05,S004,Eastpark,P002,Headphones,Electronics,1,79.99,32.4,79.99,32.4,47.59
SALE02847,2023-03-06,S002,Westside,P004,Tablet,Electronics,4,449.99,200.08,1799.96,800.32,999.64
SALE02848,2023-12-05,S001,Downtown,P009,Coffee Maker,Home,5,59.99,29.06,299.95,145.3,154.65
SALE02849,2023-12-25,S004,Eastpark,P016,Granola,Food,2,6.99,3.56,13.98,7.12,6.86
SALE02850,2023-04-18,S003,Northgate,P013,Protein Bar,Food,3,2.99,1.21,8.97,3.63,5.34
SALE02851,2023-07-23,S005,Southmall,P005,T-Shirt,Clothing,2,19.99,10.94,39.98,21.88,18.1
SALE02852,2023-02-18,S003,Northgate,P006,Jeans,Clothing,2,49.99,26.76,99.98,53.52,46.46
SALE02853,2023-08-31,S001,Downtown,P003,Smartwatch,Electronics,9,199.99,91.0,1799.91,819.0,980.91
SALE02854,2023-01-28,S004,Eastpark,P014,Coffee Beans,Food,1,14.99,6.59,14.99,6.59,8.4
SALE02855,2023-07-23,S004,Eastpark,P006,Jeans,Clothing,9,49.99,26.76,449.91,240.84,209.07
SALE02856,2023-02-12,S001,Downtown,P004,Tablet,Electronics,2,449.99,200.08,899.98,400.16,499.82
SALE02857,2023-05-15,S005,Southmall,P007,Jacket,Clothing,10,89.99,52.05,899.9,520.5,379.4
SALE02858,2023-03-21,S004,Eastpark,P015,Olive Oil,Food,2,9.99,5.29,19.98,10.58,9.4
SALE02859,2023-12-02,S004,Eastpark,P002,Headphones,Electronics,7,79.99,32.4,559.93,226.8,333.13
SALE02860,2023-06-08,S005,Southmall,P007,Jacket,Clothing,4,89.99,52.05,359.96,208.2,151.76
SALE02861,2023-05-07,S001,Downtown,P006,Jeans,Clothing,5,49.99,26.76,249.95,133.8,116.15
SALE02862,2023-08-15,S005,Southmall,P008,Sneakers,Clothing,3,69.99,29.21,209.97,87.63,122.34
SALE02863,2023-03-09,S003,Northgate,P007,Jacket,Clothing,9,89.99,52.05,809.91,468.45,341.46
SALE02864,2023-03-29,S001,Downtown,P006,Jeans,Clothing,1,49.99,26.76,49.99,26.76,23.23
SALE02865,2023-01-18,S002,Westside,P009,Coffee Maker,Home,6,59.99,29.06,359.94,174.36,185.58
SALE02866,2023-06-16,S004,Eastpark,P005,T-Shirt,Clothing,8,19.99,10.94,159.92,87.52,72.4
SALE02867,2023-08-28,S005,Southmall,P004,Tablet,Electronics,9,449.99,200.08,4049.91,1800.72,2249.19
SALE02868,2023-05-20,S001,Downtown,P003,Smartwatch,Electronics,9,199.99,91.0,1799.91,819.0,980.91
SALE02869,2023-08-16,S005,Southmall,P013,Protein Bar,Food,3,2.99,1.21,8.97,3.63,5.34
SALE02870,2023-12-24,S003,Northgate,P001,Laptop,Electronics,9,899.99,475.09,8099.91,4275.81,3824.1
SALE02871,2023-04-01,S001,Downtown,P006,Jeans,Clothing,10,49.99,26.76,499.9,267.6,232.3
SALE02872,2023-11-02,S001,Downtown,P005,T-Shirt,Clothing,8,19.99,10.94,159.92,87.52,72.4
SALE02873,2023-11-20,S003,Northgate,P002,Headphones,Electronics,10,79.99,32.4,799.9,324.0,475.9
SALE02874,2023-08-11,S004,Eastpark,P004,Tablet,Electronics,9,449.99,200.08,4049.91,1800.72,2249.19
SALE02875,2023-11-24,S002,Westside,P012,Lamp,Home,9,34.99,17.53,314.91,157.77,157.14
SALE02876,2023-06-08,S001,Downtown,P005,T-Shirt,Clothing,6,19.99,10.94,119.94,65.64,54.3
SALE02877,2023-09-04,S004,Eastpark,P009,Coffee Maker,Home,9,59.99,29.06,539.91,261.54,278.37
SALE02878,2023-04-27,S005,Southmall,P012,Lamp,Home,2,34.99,17.53,69.98,35.06,34.92
SALE02879,2023-08-15,S004,Eastpark,P005,T-Shirt,Clothing,5,19.99,10.94,99.95,54.7,45.25
SALE02880,2023-07-07,S004,Eastpark,P013,Protein Bar,Food,7,2.99,1.21,20.93,8.47,12.46
SALE02881,2023-05-14,S002,Westside,P014,Coffee Beans,Food,3,14.99,6.59,44.97,19.77,25.2
SALE02882,2023-06-05,S003,Northgate,P012,Lamp,Home,1,34.99,17.53,34.99,17.53,17.46
SALE02883,2023-01-01,S005,Southmall,P001,Laptop,Electronics,9,899.99,475.09,8099.91,4275.81,3824.1
SALE02884,2023-03-11,S001,Downtown,P009,Coffee Maker,Home,6,59.99,29.06,359.94,174.36,185.58
SALE02885,2023-05-27,S001,Downtown,P016,Granola,Food,8,6.99,3.56,55.92,28.48,27.44
SALE02886,2023-10-01,S003,Northgate,P014,Coffee Beans,Food,1,14.99,6.59,14.99,6.59,8.4
SALE02887,2023-12-19,S001,Downtown,P012,Lamp,Home,8,34.99,17.53,279.92,140.24,139.68
SALE02888,2023-09-02,S002,Westside,P008,Sneakers,Clothing,5,69.99,29.21,349.95,146.05,203.9
SALE02889,2023-01-05,S001,Downtown,P015,Olive Oil,Food,7,9.99,5.29,69.93,37.03,32.9
SALE02890,2023-05-30,S004,Eastpark,P016,Granola,Food,10,6.99,3.56,69.9,35.6,34.3
SALE02891,2023-04-29,S004,Eastpark,P004,Tablet,Electronics,1,449.99,200.08,449.99,200.08,249.91
SALE02892,2023-10-08,S002,Westside,P014,Coffee Beans,Food,6,14.99,6.59,89.94,39.54,50.4
SALE02893,2023-04-07,S001,Downtown,P003,Smartwatch,Electronics,7,199.99,91.0,1399.93,637.0,762.93
SALE02894,2023-10-15,S004,Eastpark,P011,Vacuum,Home,7,129.99,57.68,909.93,403.76,506.17
SALE02895,2023-07-22,S003,Northgate,P013,Protein Bar,Food,4,2.99,1.21,11.96,4.84,7.12
SALE02896,2023-03-25,S002,Westside,P011,Vacuum,Home,7,129.99,57.68,909.93,403.76,506.17
SALE02897,2023-07-13,S004,Eastpark,P004,Tablet,Electronics,4,449.99,200.08,1799.96,800.32,999.64
SALE02898,2023-05-15,S005,Southmall,P002,Headphones,Electronics,2,79.99,32.4,159.98,64.8,95.18
SALE02899,2023-08-05,S003,Northgate,P002,Headphones,Electronics,4,79.99,32.4,319.96,129.6,190.36
SALE02900,2023-09-22,S003,Northgate,P006,Jeans,Clothing,10,49.99,26.76,499.9,267.6,232.3
SALE02901,2023-12-22,S003,Northgate,P005,T-Shirt,Clothing,5,19.99,10.94,99.95,54.7,45.25
SALE02902,2023-05-26,S003,Northgate,P007,Jacket,Clothing,9,89.99,52.05,809.91,468.45,341.46
SALE02903,2023-05-18,S003,Northgate,P015,Olive Oil,Food,7,9.99,5.29,69.93,37.03,32.9
SALE02904,2023-04-07,S003,Northgate,P002,Headphones,Electronics,2,79.99,32.4,159.98,64.8,95.18
SALE02905,2023-04-04,S001,Downtown,P006,Jeans,Clothing,3,49.99,26.76,149.97,80.28,69.69
SALE02906,2023-05-29,S002,Westside,P009,Coffee Maker,Home,2,59.99,29.06,119.98,58.12,61.86
SALE02907,2023-11-23,S001,Downtown,P011,Vacuum,Home,8,129.99,57.68,1039.92,461.44,578.48
SALE02908,2023-11-13,S002,Westside,P015,Olive Oil,Food,8,9.99,5.29,79.92,42.32,37.6
SALE02909,2023-05-20,S004,Eastpark,P002,Headphones,Electronics,10,79.99,32.4,799.9,324.0,475.9
SALE02910,2023-09-09,S001,Downtown,P016,Granola,Food,4,6.99,3.56,27.96,14.24,13.72
SALE02911,2023-06-14,S005,Southmall,P009,Coffee Maker,Home,1,59.99,29.06,59.99,29.06,30.93
SALE02912,2023-03-19,S003,Northgate,P016,Granola,Food,1,6.99,3.56,6.99,3.56,3.43
SALE02913,2023-10-01,S001,Downtown,P010,Blender,Home,1,39.99,16.23,39.99,16.23,23.76
SALE02914,2023-04-06,S005,Southmall,P002,Headphones,Electronics,2,79.99,32.4,159.98,64.8,95.18
SALE02915,2023-05-25,S005,Southmall,P002,Headphones,Electronics,5,79.99,32.4,399.95,162.0,237.95
SALE02916,2023-03-06,S003,Northgate,P012,Lamp,Home,8,34.99,17.53,279.92,140.24,139.68
SALE02917,2023-01-05,S002,Westside,P008,Sneakers,Clothing,4,69.99,29.21,279.96,116.84,163.12
SALE02918,2023-02-16,S004,Eastpark,P014,Coffee Beans,Food,3,14.99,6.59,44.97,19.77,25.2
SALE02919,2023-01-08,S002,Westside,P015,Olive Oil,Food,8,9.99,5.29,79.92,42.32,37.6
SALE02920,2023-04-22,S004,Eastpark,P005,T-Shirt,Clothing,6,19.99,10.94,119.94,65.64,54.3
SALE02921,2023-08-04,S001,Downtown,P013,Protein Bar,Food,5,2.99,1.21,14.95,6.05,8.9
SALE02922,2023-09-13,S005,Southmall,P011,Vacuum,Home,6,129.99,57.68,779.94,346.08,433.86
SALE02923,2023-08-26,S001,Downtown,P001,Laptop,Electronics,1,899.99,475.09,899.99,475.09,424.9
SALE02924,2023-06-19,S005,Southmall,P008,Sneakers,Clothing,2,69.99,29.21,139.98,58.42,81.56
SALE02925,2023-03-16,S005,Southmall,P006,Jeans,Clothing,1,49.99,26.76,49.99,26.76,23.23
SALE02926,2023-05-17,S004,Eastpark,P008,Sneakers,Clothing,7,69.99,29.21,489.93,204.47,285.46
SALE02927,2023-02-06,S002,Westside,P013,Protein Bar,Food,9,2.99,1.21,26.91,10.89,16.02
SALE02928,2023-08-29,S005,Southmall,P005,T-Shirt,Clothing,3,19.99,10.94,59.97,32.82,27.15
SALE02929,2023-04-09,S003,Northgate,P014,Coffee Beans,Food,5,14.99,6.59,74.95,32.95,42.0
SALE02930,2023-07-15,S004,Eastpark,P012,Lamp,Home,1,34.99,17.53,34.99,17.53,17.46
SALE02931,2023-03-04,S003,Northgate,P001,Laptop,Electronics,4,899.99,475.09,3599.96,1900.36,1699.6
SALE02932,2023-07-17,S002,Westside,P005,T-Shirt,Clothing,8,19.99,10.94,159.92,87.52,72.4
SALE02933,2023-05-07,S004,Eastpark,P004,Tablet,Electronics,1,449.99,200.08,449.99,200.08,249.91
SALE02934,2023-04-12,S002,Westside,P003,Smartwatch,Electronics,8,199.99,91.0,1599.92,728.0,871.92
SALE02935,2023-02-18,S004,Eastpark,P015,Olive Oil,Food,9,9.99,5.29,89.91,47.61,42.3
SALE02936,2023-12-07,S005,Southmall,P016,Granola,Food,4,6.99,3.56,27.96,14.24,13.72
SALE02937,2023-08-31,S002,Westside,P004,Tablet,Electronics,7,449.99,200.08,3149.93,1400.56,1749.37
SALE02938,2023-12-15,S001,Downtown,P001,Laptop,Electronics,5,899.99,475.09,4499.95,2375.45,2124.5
SALE02939,2023-06-15,S001,Downtown,P004,Tablet,Electronics,3,449.99,200.08,1349.97,600.24,749.73
SALE02940,2023-11-19,S002,Westside,P009,Coffee Maker,Home,1,59.99,29.06,59.99,29.06,30.93
SALE02941,2023-10-09,S001,Downtown,P012,Lamp,Home,9,34.99,17.53,314.91,157.77,157.14
SALE02942,2023-03-04,S002,Westside,P010,Blender,Home,5,39.99,16.23,199.95,81.15,118.8
SALE02943,2023-09-04,S003,Northgate,P005,T-Shirt,Clothing,5,19.99,10.94,99.95,54.7,45.25
SALE02944,2023-04-12,S002,Westside,P016,Granola,Food,6,6.99,3.56,41.94,21.36,20.58
SALE02945,2023-01-27,S004,Eastpark,P006,Jeans,Clothing,4,49.99,26.76,199.96,107.04,92.92
SALE02946,2023-02-27,S005,Southmall,P006,Jeans,Clothing,4,49.99,26.76,199.96,107.04,92.92
SALE02947,2023-11-21,S005,Southmall,P003,Smartwatch,Electronics,7,199.99,91.0,1399.93,637.0,762.93
SALE02948,2023-06-16,S002,Westside,P004,Tablet,Electronics,1,449.99,200.08,449.99,200.08,249.91
SALE02949,2023-03-27,S005,Southmall,P009,Coffee Maker,Home,5,59.99,29.06,299.95,145.3,154.65
SALE02950,2023-10-27,S005,Southmall,P003,Smartwatch,Electronics,2,199.99,91.0,399.98,182.0,217.98
SALE02951,2023-07-22,S002,Westside,P016,Granola,Food,4,6.99,3.56,27.96,14.24,13.72
SALE02952,2023-01-05,S003,Northgate,P010,Blender,Home,1,39.99,16.23,39.99,16.23,23.76
SALE02953,2023-10-25,S001,Downtown,P014,Coffee Beans,Food,8,14.99,6.59,119.92,52.72,67.2
SALE02954,2023-12-19,S005,Southmall,P003,Smartwatch,Electronics,10,199.99,91.0,1999.9,910.0,1089.9
SALE02955,2023-03-21,S001,Downtown,P009,Coffee Maker,Home,6,59.99,29.06,359.94,174.36,185.58
SALE02956,2023-02-15,S001,Downtown,P006,Jeans,Clothing,4,49.99,26.76,199.96,107.04,92.92
SALE02957,2023-03-22,S001,Downtown,P016,Granola,Food,8,6.99,3.56,55.92,28.48,27.44
SALE02958,2023-02-16,S001,Downtown,P009,Coffee Maker,Home,10,59.99,29.06,599.9,290.6,309.3
SALE02959,2023-06-23,S001,Downtown,P002,Headphones,Electronics,1,79.99,32.4,79.99,32.4,47.59
SALE02960,2023-01-31,S003,Northgate,P005,T-Shirt,Clothing,6,19.99,10.94,119.94,65.64,54.3
SALE02961,2023-11-27,S002,Westside,P016,Granola,Food,3,6.99,3.56,20.97,10.68,10.29
SALE02962,2023-12-26,S005,Southmall,P007,Jacket,Clothing,9,89.99,52.05,809.91,468.45,341.46
SALE02963,2023-02-24,S003,Northgate,P013,Protein Bar,Food,3,2.99,1.21,8.97,3.63,5.34
SALE02964,2023-09-07,S004,Eastpark,P005,T-Shirt,Clothing,4,19.99,10.94,79.96,43.76,36.2
SALE02965,2023-06-12,S005,Southmall,P015,Olive Oil,Food,9,9.99,5.29,89.91,47.61,42.3
SALE02966,2023-11-27,S004,Eastpark,P001,Laptop,Electronics,6,899.99,475.09,5399.94,2850.54,2549.4
SALE02967,2023-08-13,S001,Downtown,P014,Coffee Beans,Food,4,14.99,6.59,59.96,26.36,33.6
SALE02968,2023-01-11,S003,Northgate,P016,Granola,Food,7,6.99,3.56,48.93,24.92,24.01
SALE02969,2023-07-03,S001,Downtown,P010,Blender,Home,3,39.99,16.23,119.97,48.69,71.28
SALE02970,2023-05-09,S005,Southmall,P008,Sneakers,Clothing,1,69.99,29.21,69.99,29.21,40.78
SALE02971,2023-09-06,S004,Eastpark,P012,Lamp,Home,8,34.99,17.53,279.92,140.24,139.68
SALE02972,2023-10-14,S004,Eastpark,P016,Granola,Food,5,6.99,3.56,34.95,17.8,17.15
SALE02973,2023-10-05,S001,Downtown,P007,Jacket,Clothing,8,89.99,52.05,719.92,416.4,303.52
SALE02974,2023-04-08,S002,Westside,P007,Jacket,Clothing,10,89.99,52.05,899.9,520.5,379.4
SALE02975,2023-04-06,S002,Westside,P002,Headphones,Electronics,9,79.99,32.4,719.91,291.6,428.31
SALE02976,2023-06-28,S003,Northgate,P001,Laptop,Electronics,6,899.99,475.09,5399.94,2850.54,2549.4
SALE02977,2023-08-28,S003,Northgate,P001,Laptop,Electronics,5,899.99,475.09,4499.95,2375.45,2124.5
SALE02978,2023-11-03,S001,Downtown,P014,Coffee Beans,Food,9,14.99,6.59,134.91,59.31,75.6
SALE02979,2023-03-24,S005,Southmall,P015,Olive Oil,Food,2,9.99,5.29,19.98,10.58,9.4
SALE02980,2023-09-29,S002,Westside,P015,Olive Oil,Food,3,9.99,5.29,29.97,15.87,14.1
SALE02981,2023-08-19,S001,Downtown,P011,Vacuum,Home,5,129.99,57.68,649.95,288.4,361.55
SALE02982,2023-05-15,S005,Southmall,P015,Olive Oil,Food,9,9.99,5.29,89.91,47.61,42.3
SALE02983,2023-07-07,S001,Downtown,P009,Coffee Maker,Home,8,59.99,29.06,479.92,232.48,247.44
SALE02984,2023-01-01,S004,Eastpark,P004,Tablet,Electronics,9,449.99,200.08,4049.91,1800.72,2249.19
SALE02985,2023-07-14,S005,Southmall,P002,Headphones,Electronics,3,79.99,32.4,239.97,97.2,142.77
SALE02986,2023-01-10,S003,Northgate,P013,Protein Bar,Food,10,2.99,1.21,29.9,12.1,17.8
SALE02987,2023-07-06,S002,Westside,P010,Blender,Home,10,39.99,16.23,399.9,162.3,237.6
SALE02988,2023-05-03,S002,Westside,P007,Jacket,Clothing,6,89.99,52.05,539.94,312.3,227.64
SALE02989,2023-02-02,S005,Southmall,P004,Tablet,Electronics,9,449.99,200.08,4049.91,1800.72,2249.19
SALE02990,2023-07-18,S005,Southmall,P004,Tablet,Electronics,4,449.99,200.08,1799.96,800.32,999.64
SALE02991,2023-09-26,S003,Northgate,P016,Granola,Food,8,6.99,3.56,55.92,28.48,27.44
SALE02992,2023-10-10,S001,Downtown,P009,Coffee Maker,Home,3,59.99,29.06,179.97,87.18,92.79
SALE02993,2023-11-10,S004,Eastpark,P006,Jeans,Clothing,5,49.99,26.76,249.95,133.8,116.15
SALE02994,2023-06-15,S002,Westside,P003,Smartwatch,Electronics,7,199.99,91.0,1399.93,637.0,762.93
SALE02995,2023-11-25,S001,Downtown,P002,Headphones,Electronics,6,79.99,32.4,479.94,194.4,285.54
SALE02996,2023-02-26,S003,Northgate,P010,Blender,Home,2,39.99,16.23,79.98,32.46,47.52
SALE02997,2023-09-25,S004,Eastpark,P013,Protein Bar,Food,2,2.99,1.21,5.98,2.42,3.56
SALE02998,2023-01-23,S005,Southmall,P004,Tablet,Electronics,3,449.99,200.08,1349.97,600.24,749.73
SALE02999,2023-04-02,S003,Northgate,P016,Granola,Food,1,6.99,3.56,6.99,3.56,3.43
SALE03000,2023-04-14,S003,Northgate,P002,Headphones,Electronics,2,79.99,32.4,159.98,64.8,95.18
SALE03001,2023-09-06,S005,Southmall,P007,Jacket,Clothing,4,89.99,52.05,359.96,208.2,151.76
SALE03002,2023-02-20,S002,Westside,P014,Coffee Beans,Food,1,14.99,6.59,14.99,6.59,8.4
SALE03003,2023-10-20,S002,Westside,P007,Jacket,Clothing,7,89.99,52.05,629.93,364.35,265.58
SALE03004,2023-12-03,S003,Northgate,P001,Laptop,Electronics,8,899.99,475.09,7199.92,3800.72,3399.2
SALE03005,2023-09-27,S002,Westside,P008,Sneakers,Clothing,10,69.99,29.21,699.9,292.1,407.8
SALE03006,2023-12-26,S002,Westside,P008,Sneakers,Clothing,10,69.99,29.21,699.9,292.1,407.8
SALE03007,2023-05-12,S002,Westside,P005,T-Shirt,Clothing,1,19.99,10.94,19.99,10.94,9.05
SALE03008,2023-07-07,S003,Northgate,P011,Vacuum,Home,4,129.99,57.68,519.96,230.72,289.24
SALE03009,2023-11-07,S002,Westside,P003,Smartwatch,Electronics,2,199.99,91.0,399.98,182.0,217.98
SALE03010,2023-01-07,S002,Westside,P012,Lamp,Home,4,34.99,17.53,139.96,70.12,69.84
SALE03011,2023-12-02,S002,Westside,P015,Olive Oil,Food,8,9.99,5.29,79.92,42.32,37.6
SALE03012,2023-02-10,S001,Downtown,P001,Laptop,Electronics,8,899.99,475.09,7199.92,3800.72,3399.2
SALE03013,2023-11-24,S001,Downtown,P015,Olive Oil,Food,1,9.99,5.29,9.99,5.29,4.7
SALE03014,2023-07-04,S003,Northgate,P001,Laptop,Electronics,9,899.99,475.09,8099.91,4275.81,3824.1
SALE03015,2023-08-01,S001,Downtown,P001,Laptop,Electronics,6,899.99,475.09,5399.94,2850.54,2549.4
SALE03016,2023-12-29,S002,Westside,P001,Laptop,Electronics,1,899.99,475.09,899.99,475.09,424.9
SALE03017,2023-11-12,S001,Downtown,P012,Lamp,Home,5,34.99,17.53,174.95,87.65,87.3
SALE03018,2023-09-28,S002,Westside,P001,Laptop,Electronics,1,899.99,475.09,899.99,475.09,424.9
SALE03019,2023-02-06,S004,Eastpark,P008,Sneakers,Clothing,5,69.99,29.21,349.95,146.05,203.9
SALE03020,2023-02-09,S004,Eastpark,P003,Smartwatch,Electronics,4,199.99,91.0,799.96,364.0,435.96
SALE03021,2023-09-23,S005,Southmall,P010,Blender,Home,2,39.99,16.23,79.98,32.46,47.52
SALE03022,2023-02-21,S005,Southmall,P003,Smartwatch,Electronics,4,199.99,91.0,799.96,364.0,435.96
SALE03023,2023-09-30,S001,Downtown,P013,Protein Bar,Food,7,2.99,1.21,20.93,8.47,12.46
SALE03024,2023-04-08,S002,Westside,P009,Coffee Maker,Home,4,59.99,29.06,239.96,116.24,123.72
SALE03025,2023-09-27,S001,Downtown,P008,Sneakers,Clothing,4,69.99,29.21,279.96,116.84,163.12
SALE03026,2023-10-19,S002,Westside,P012,Lamp,Home,3,34.99,17.53,104.97,52.59,52.38
SALE03027,2023-10-13,S001,Downtown,P013,Protein Bar,Food,9,2.99,1.21,26.91,10.89,16.02
SALE03028,2023-08-01,S001,Downtown,P014,Coffee Beans,Food,2,14.99,6.59,29.98,13.18,16.8
SALE03029,2023-11-23,S001,Downtown,P001,Laptop,Electronics,10,899.99,475.09,8999.9,4750.9,4249.0
SALE03030,2023-07-03,S003,Northgate,P006,Jeans,Clothing,8,49.99,26.76,399.92,214.08,185.84
SALE03031,2023-12-26,S004,Eastpark,P007,Jacket,Clothing,7,89.99,52.05,629.93,364.35,265.58
SALE03032,2023-02-23,S004,Eastpark,P005,T-Shirt,Clothing,3,19.99,10.94,59.97,32.82,27.15
SALE03033,2023-04-03,S005,Southmall,P002,Headphones,Electronics,9,79.99,32.4,719.91,291.6,428.31
SALE03034,2023-07-25,S004,Eastpark,P015,Olive Oil,Food,9,9.99,5.29,89.91,47.61,42.3
SALE03035,2023-06-22,S003,Northgate,P015,Olive Oil,Food,3,9.99,5.29,29.97,15.87,14.1
SALE03036,2023-10-01,S003,Northgate,P003,Smartwatch,Electronics,10,199.99,91.0,1999.9,910.0,1089.9
SALE03037,2023-08-15,S004,Eastpark,P006,Jeans,Clothing,6,49.99,26.76,299.94,160.56,139.38
SALE03038,2023-06-11,S003,Northgate,P002,Headphones,Electronics,9,79.99,32.4,719.91,291.6,428.31
SALE03039,2023-06-16,S002,Westside,P009,Coffee Maker,Home,6,59.99,29.06,359.94,174.36,185.58
SALE03040,2023-07-31,S001,Downtown,P009,Coffee Maker,Home,7,59.99,29.06,419.93,203.42,216.51
SALE03041,2023-06-15,S001,Downtown,P010,Blender,Home,10,39.99,16.23,399.9,162.3,237.6
SALE03042,2023-05-04,S005,Southmall,P006,Jeans,Clothing,10,49.99,26.76,499.9,267.6,232.3
SALE03043,2023-10-07,S004,Eastpark,P001,Laptop,Electronics,4,899.99,475.09,3599.96,1900.36,1699.6
SALE03044,2023-07-12,S001,Downtown,P006,Jeans,Clothing,9,49.99,26.76,449.91,240.84,209.07
SALE03045,2023-05-11,S002,Westside,P014,Coffee Beans,Food,6,14.99,6.59,89.94,39.54,50.4
SALE03046,2023-08-20,S002,Westside,P011,Vacuum,Home,8,129.99,57.68,1039.92,461.44,578.48
SALE03047,2023-07-23,S001,Downtown,P006,Jeans,Clothing,1,49.99,26.76,49.99,26.76,23.23
SALE03048,2023-01-18,S001,Downtown,P009,Coffee Maker,Home,5,59.99,29.06,299.95,145.3,154.65
SALE03049,2023-11-02,S001,Downtown,P010,Blender,Home,1,39.99,16.23,39.99,16.23,23.76
SALE03050,2023-09-23,S001,Downtown,P010,Blender,Home,3,39.99,16.23,119.97,48.69,71.28
SALE03051,2023-06-04,S002,Westside,P014,Coffee Beans,Food,1,14.99,6.59,14.99,6.59,8.4
SALE03052,2023-06-03,S004,Eastpark,P008,Sneakers,Clothing,4,69.99,29.21,279.96,116.84,163.12
SALE03053,2023-04-20,S001,Downtown,P002,Headphones,Electronics,6,79.99,32.4,479.94,194.4,285.54
SALE03054,2023-01-12,S005,Southmall,P012,Lamp,Home,5,34.99,17.53,174.95,87.65,87.3
SALE03055,2023-10-11,S002,Westside,P016,Granola,Food,9,6.99,3.56,62.91,32.04,30.87
SALE03056,2023-10-12,S002,Westside,P010,Blender,Home,10,39.99,16.23,399.9,162.3,237.6
SALE03057,2023-10-20,S001,Downtown,P013,Protein Bar,Food,3,2.99,1.21,8.97,3.63,5.34
SALE03058,2023-02-18,S004,Eastpark,P007,Jacket,Clothing,1,89.99,52.05,89.99,52.05,37.94
SALE03059,2023-08-24,S003,Northgate,P006,Jeans,Clothing,6,49.99,26.76,299.94,160.56,139.38
SALE03060,2023-03-21,S003,Northgate,P016,Granola,Food,3,6.99,3.56,20.97,10.68,10.29
SALE03061,2023-05-16,S002,Westside,P008,Sneakers,Clothing,6,69.99,29.21,419.94,175.26,244.68
SALE03062,2023-10-26,S005,Southmall,P014,Coffee Beans,Food,4,14.99,6.59,59.96,26.36,33.6
SALE03063,2023-04-30,S004,Eastpark,P007,Jacket,Clothing,5,89.99,52.05,449.95,260.25,189.7
SALE03064,2023-06-03,S004,Eastpark,P010,Blender,Home,2,39.99,16.23,79.98,32.46,47.52
SALE03065,2023-10-20,S001,Downtown,P008,Sneakers,Clothing,7,69.99,29.21,489.93,204.47,285.46
SALE03066,2023-10-19,S004,Eastpark,P012,Lamp,Home,4,34.99,17.53,139.96,70.12,69.84
SALE03067,2023-02-09,S003,Northgate,P014,Coffee Beans,Food,6,14.99,6.59,89.94,39.54,50.4
SALE03068,2023-09-05,S004,Eastpark,P002,Headphones,Electronics,3,79.99,32.4,239.97,97.2,142.77
SALE03069,2023-09-07,S004,Eastpark,P008,Sneakers,Clothing,10,69.99,29.21,699.9,292.1,407.8
SALE03070,2023-02-18,S005,Southmall,P005,T-Shirt,Clothing,10,19.99,10.94,199.9,109.4,90.5
SALE03071,2023-11-25,S003,Northgate,P009,Coffee Maker,Home,5,59.99,29.06,299.95,145.3,154.65
SALE03072,2023-01-20,S001,Downtown,P016,Granola,Food,10,6.99,3.56,69.9,35.6,34.3
SALE03073,2023-07-15,S003,Northgate,P006,Jeans,Clothing,2,49.99,26.76,99.98,53.52,46.46
SALE03074,2023-01-29,S001,Downtown,P010,Blender,Home,6,39.99,16.23,239.94,97.38,142.56
SALE03075,2023-06-28,S005,Southmall,P011,Vacuum,Home,7,129.99,57.68,909.93,403.76,506.17
SALE03076,2023-08-02,S001,Downtown,P005,T-Shirt,Clothing,2,19.99,10.94,39.98,21.88,18.1
SALE03077,2023-04-27,S003,Northgate,P012,Lamp,Home,10,34.99,17.53,349.9,175.3,174.6
SALE03078,2023-01-06,S002,Westside,P003,Smartwatch,Electronics,7,199.99,91.0,1399.93,637.0,762.93
SALE03079,2023-01-28,S003,Northgate,P009,Coffee Maker,Home,5,59.99,29.06,299.95,145.3,154.65
SALE03080,2023-09-26,S005,Southmall,P003,Smartwatch,Electronics,1,199.99,91.0,199.99,91.0,108.99
SALE03081,2023-06-13,S002,Westside,P003,Smartwatch,Electronics,9,199.99,91.0,1799.91,819.0,980.91
SALE03082,2023-10-17,S005,Southmall,P015,Olive Oil,Food,3,9.99,5.29,29.97,15.87,14.1
SALE03083,2023-06-17,S004,Eastpark,P013,Protein Bar,Food,9,2.99,1.21,26.91,10.89,16.02
SALE03084,2023-12-24,S003,Northgate,P001,Laptop,Electronics,4,899.99,475.09,3599.96,1900.36,1699.6
SALE03085,2023-03-20,S002,Westside,P008,Sneakers,Clothing,1,69.99,29.21,69.99,29.21,40.78
SALE03086,2023-12-11,S004,Eastpark,P013,Protein Bar,Food,7,2.99,1.21,20.93,8.47,12.46
SALE03087,2023-08-17,S005,Southmall,P002,Headphones,Electronics,10,79.99,32.4,799.9,324.0,475.9
SALE03088,2023-10-22,S005,Southmall,P009,Coffee Maker,Home,9,59.99,29.06,539.91,261.54,278.37
SALE03089,2023-02-16,S003,Northgate,P002,Headphones,Electronics,4,79.99,32.4,319.96,129.6,190.36
SALE03090,2023-08-10,S004,Eastpark,P006,Jeans,Clothing,5,49.99,26.76,249.95,133.8,116.15
SALE03091,2023-07-21,S005,Southmall,P007,Jacket,Clothing,3,89.99,52.05,269.97,156.15,113.82
SALE03092,2023-03-09,S003,Northgate,P007,Jacket,Clothing,6,89.99,52.05,539.94,312.3,227.64
SALE03093,2023-02-12,S002,Westside,P016,Granola,Food,8,6.99,3.56,55.92,28.48,27.44
SALE03094,2023-10-20,S005,Southmall,P005,T-Shirt,Clothing,1,19.99,10.94,19.99,10.94,9.05
SALE03095,2023-10-08,S005,Southmall,P013,Protein Bar,Food,7,2.99,1.21,20.93,8.47,12.46
SALE03096,2023-05-15,S002,Westside,P005,T-Shirt,Clothing,2,19.99,10.94,39.98,21.88,18.1
SALE03097,2023-07-24,S003,Northgate,P011,Vacuum,Home,9,129.99,57.68,1169.91,519.12,650.79
SALE03098,2023-08-11,S001,Downtown,P009,Coffee Maker,Home,3,59.99,29.06,179.97,87.18,92.79
SALE03099,2023-03-11,S004,Eastpark,P006,Jeans,Clothing,8,49.99,26.76,399.92,214.08,185.84
SALE03100,2023-10-14,S002,Westside,P010,Blender,Home,4,39.99,16.23,159.96,64.92,95.04
SALE03101,2023-09-07,S001,Downtown,P011,Vacuum,Home,7,129.99,57.68,909.93,403.76,506.17
SALE03102,2023-11-30,S001,Downtown,P010,Blender,Home,10,39.99,16.23,399.9,162.3,237.6
SALE03103,2023-04-11,S004,Eastpark,P008,Sneakers,Clothing,9,69.99,29.21,629.91,262.89,367.02
SALE03104,2023-11-12,S005,Southmall,P004,Tablet,Electronics,9,449.99,200.08,4049.91,1800.72,2249.19
SALE03105,2023-05-07,S003,Northgate,P001,Laptop,Electronics,4,899.99,475.09,3599.96,1900.36,1699.6
SALE03106,2023-02-06,S005,Southmall,P006,Jeans,Clothing,5,49.99,26.76,249.95,133.8,116.15
SALE03107,2023-08-09,S004,Eastpark,P015,Olive Oil,Food,6,9.99,5.29,59.94,31.74,28.2
SALE03108,2023-12-17,S004,Eastpark,P013,Protein Bar,Food,10,2.99,1.21,29.9,12.1,17.8
SALE03109,2023-02-15,S003,Northgate,P012,Lamp,Home,2,34.99,17.53,69.98,35.06,34.92
SALE03110,2023-12-10,S001,Downtown,P015,Olive Oil,Food,7,9.99,5.29,69.93,37.03,32.9
SALE03111,2023-08-05,S003,Northgate,P016,Granola,Food,6,6.99,3.56,41.94,21.36,20.58
SALE03112,2023-06-28,S004,Eastpark,P003,Smartwatch,Electronics,4,199.99,91.0,799.96,364.0,435.96
SALE03113,2023-06-14,S002,Westside,P011,Vacuum,Home,6,129.99,57.68,779.94,346.08,433.86
SALE03114,2023-11-01,S003,Northgate,P013,Protein Bar,Food,1,2.99,1.21,2.99,1.21,1.78
SALE03115,2023-06-06,S002,Westside,P013,Protein Bar,Food,3,2.99,1.21,8.97,3.63,5.34
SALE03116,2023-06-29,S003,Northgate,P006,Jeans,Clothing,10,49.99,26.76,499.9,267.6,232.3
SALE03117,2023-08-15,S004,Eastpark,P010,Blender,Home,10,39.99,16.23,399.9,162.3,237.6
SALE03118,2023-03-16,S003,Northgate,P005,T-Shirt,Clothing,8,19.99,10.94,159.92,87.52,72.4
SALE03119,2023-01-23,S004,Eastpark,P013,Protein Bar,Food,4,2.99,1.21,11.96,4.84,7.12
SALE03120,2023-04-13,S005,Southmall,P007,Jacket,Clothing,6,89.99,52.05,539.94,312.3,227.64
SALE03121,2023-03-21,S005,Southmall,P004,Tablet,Electronics,2,449.99,200.08,899.98,400.16,499.82
SALE03122,2023-02-27,S005,Southmall,P015,Olive Oil,Food,1,9.99,5.29,9.99,5.29,4.7
SALE03123,2023-05-05,S001,Downtown,P010,Blender,Home,10,39.99,16.23,399.9,162.3,237.6
SALE03124,2023-03-17,S001,Downtown,P015,Olive Oil,Food,5,9.99,5.29,49.95,26.45,23.5
SALE03125,2023-01-08,S002,Westside,P002,Headphones,Electronics,6,79.99,32.4,479.94,194.4,285.54
SALE03126,2023-12-22,S004,Eastpark,P010,Blender,Home,2,39.99,16.23,79.98,32.46,47.52
SALE03127,2023-06-06,S004,Eastpark,P005,T-Shirt,Clothing,8,19.99,10.94,159.92,87.52,72.4
SALE03128,2023-08-30,S002,Westside,P005,T-Shirt,Clothing,1,19.99,10.94,19.99,10.94,9.05
SALE03129,2023-06-19,S001,Downtown,P010,Blender,Home,4,39.99,16.23,159.96,64.92,95.04
SALE03130,2023-10-03,S002,Westside,P010,Blender,Home,4,39.99,16.23,159.96,64.92,95.04
SALE03131,2023-04-15,S004,Eastpark,P001,Laptop,Electronics,9,899.99,475.09,8099.91,4275.81,3824.1
SALE03132,2023-09-25,S003,Northgate,P014,Coffee Beans,Food,5,14.99,6.59,74.95,32.95,42.0
SALE03133,2023-10-08,S005,Southmall,P016,Granola,Food,8,6.99,3.56,55.92,28.48,27.44
SALE03134,2023-11-15,S001,Downtown,P015,Olive Oil,Food,3,9.99,5.29,29.97,15.87,14.1
SALE03135,2023-12-22,S001,Downtown,P010,Blender,Home,1,39.99,16.23,39.99,16.23,23.76
SALE03136,2023-07-12,S002,Westside,P004,Tablet,Electronics,10,449.99,200.08,4499.9,2000.8,2499.1
SALE03137,2023-12-06,S003,Northgate,P003,Smartwatch,Electronics,9,199.99,91.0,1799.91,819.0,980.91
SALE03138,2023-01-23,S003,Northgate,P009,Coffee Maker,Home,5,59.99,29.06,299.95,145.3,154.65
SALE03139,2023-03-29,S002,Westside,P009,Coffee Maker,Home,1,59.99,29.06,59.99,29.06,30.93
SALE03140,2023-05-26,S001,Downtown,P011,Vacuum,Home,4,129.99,57.68,519.96,230.72,289.24
SALE03141,2023-12-23,S003,Northgate,P003,Smartwatch,Electronics,10,199.99,91.0,1999.9,910.0,1089.9
SALE03142,2023-05-19,S005,Southmall,P010,Blender,Home,1,39.99,16.23,39.99,16.23,23.76
SALE03143,2023-08-27,S001,Downtown,P013,Protein Bar,Food,1,2.99,1.21,2.99,1.21,1.78
SALE03144,2023-02-04,S004,Eastpark,P015,Olive Oil,Food,7,9.99,5.29,69.93,37.03,32.9
SALE03145,2023-12-05,S002,Westside,P009,Coffee Maker,Home,5,59.99,29.06,299.95,145.3,154.65
SALE03146,2023-12-06,S003,Northgate,P015,Olive Oil,Food,6,9.99,5.29,59.94,31.74,28.2
SALE03147,2023-02-25,S001,Downtown,P015,Olive Oil,Food,1,9.99,5.29,9.99,5.29,4.7
SALE03148,2023-05-30,S001,Downtown,P007,Jacket,Clothing,7,89.99,52.05,629.93,364.35,265.58
SALE03149,2023-04-29,S001,Downtown,P009,Coffee Maker,Home,7,59.99,29.06,419.93,203.42,216.51
SALE03150,2023-09-18,S001,Downtown,P005,T-Shirt,Clothing,2,19.99,10.94,39.98,21.88,18.1
SALE03151,2023-06-11,S001,Downtown,P016,Granola,Food,8,6.99,3.56,55.92,28.48,27.44
SALE03152,2023-11-02,S003,Northgate,P006,Jeans,Clothing,9,49.99,26.76,449.91,240.84,209.07
SALE03153,2023-02-15,S003,Northgate,P008,Sneakers,Clothing,3,69.99,29.21,209.97,87.63,122.34
SALE03154,2023-04-12,S003,Northgate,P014,Coffee Beans,Food,9,14.99,6.59,134.91,59.31,75.6
SALE03155,2023-08-23,S005,Southmall,P009,Coffee Maker,Home,9,59.99,29.06,539.91,261.54,278.37
SALE03156,2023-12-31,S005,Southmall,P014,Coffee Beans,Food,1,14.99,6.59,14.99,6.59,8.4
SALE03157,2023-01-21,S002,Westside,P015,Olive Oil,Food,4,9.99,5.29,39.96,21.16,18.8
SALE03158,2023-09-29,S005,Southmall,P013,Protein Bar,Food,5,2.99,1.21,14.95,6.05,8.9
SALE03159,2023-06-20,S004,Eastpark,P007,Jacket,Clothing,8,89.99,52.05,719.92,416.4,303.52
SALE03160,2023-07-21,S001,Downtown,P004,Tablet,Electronics,3,449.99,200.08,1349.97,600.24,749.73
SALE03161,2023-01-10,S005,Southmall,P010,Blender,Home,6,39.99,16.23,239.94,97.38,142.56
SALE03162,2023-12-17,S004,Eastpark,P004,Tablet,Electronics,6,449.99,200.08,2699.94,1200.48,1499.46
SALE03163,2023-07-01,S001,Downtown,P016,Granola,Food,5,6.99,3.56,34.95,17.8,17.15
SALE03164,2023-05-01,S001,Downtown,P013,Protein Bar,Food,9,2.99,1.21,26.91,10.89,16.02
SALE03165,2023-05-22,S003,Northgate,P006,Jeans,Clothing,1,49.99,26.76,49.99,26.76,23.23
SALE03166,2023-11-17,S005,Southmall,P008,Sneakers,Clothing,5,69.99,29.21,349.95,146.05,203.9
SALE03167,2023-07-18,S002,Westside,P003,Smartwatch,Electronics,1,199.99,91.0,199.99,91.0,108.99
SALE03168,2023-10-12,S003,Northgate,P011,Vacuum,Home,5,129.99,57.68,649.95,288.4,361.55
SALE03169,2023-04-26,S004,Eastpark,P013,Protein Bar,Food,3,2.99,1.21,8.97,3.63,5.34
SALE03170,2023-06-24,S001,Downtown,P015,Olive Oil,Food,7,9.99,5.29,69.93,37.03,32.9
SALE03171,2023-12-03,S002,Westside,P002,Headphones,Electronics,3,79.99,32.4,239.97,97.2,142.77
SALE03172,2023-02-14,S001,Downtown,P010,Blender,Home,7,39.99,16.23,279.93,113.61,166.32
SALE03173,2023-09-24,S003,Northgate,P006,Jeans,Clothing,10,49.99,26.76,499.9,267.6,232.3
SALE03174,2023-11-17,S004,Eastpark,P004,Tablet,Electronics,4,449.99,200.08,1799.96,800.32,999.64
SALE03175,2023-08-02,S003,Northgate,P006,Jeans,Clothing,4,49.99,26.76,199.96,107.04,92.92
SALE03176,2023-10-21,S001,Downtown,P013,Protein Bar,Food,3,2.99,1.21,8.97,3.63,5.34
SALE03177,2023-08-07,S005,Southmall,P001,Laptop,Electronics,5,899.99,475.09,4499.95,2375.45,2124.5
SALE03178,2023-11-06,S004,Eastpark,P016,Granola,Food,6,6.99,3.56,41.94,21.36,20.58
SALE03179,2023-08-18,S003,Northgate,P009,Coffee Maker,Home,9,59.99,29.06,539.91,261.54,278.37
SALE03180,2023-03-09,S004,Eastpark,P001,Laptop,Electronics,4,899.99,475.09,3599.96,1900.36,1699.6
SALE03181,2023-12-01,S001,Downtown,P007,Jacket,Clothing,3,89.99,52.05,269.97,156.15,113.82
SALE03182,2023-10-25,S003,Northgate,P012,Lamp,Home,9,34.99,17.53,314.91,157.77,157.14
SALE03183,2023-12-17,S005,Southmall,P010,Blender,Home,4,39.99,16.23,159.96,64.92,95.04
SALE03184,2023-03-12,S005,Southmall,P009,Coffee Maker,Home,5,59.99,29.06,299.95,145.3,154.65
SALE03185,2023-12-19,S005,Southmall,P001,Laptop,Electronics,9,899.99,475.09,8099.91,4275.81,3824.1
SALE03186,2023-03-11,S002,Westside,P002,Headphones,Electronics,7,79.99,32.4,559.93,226.8,333.13
SALE03187,2023-03-16,S001,Downtown,P006,Jeans,Clothing,10,49.99,26.76,499.9,267.6,232.3
SALE03188,2023-03-22,S004,Eastpark,P013,Protein Bar,Food,6,2.99,1.21,17.94,7.26,10.68
SALE03189,2023-02-04,S004,Eastpark,P016,Granola,Food,9,6.99,3.56,62.91,32.04,30.87
SALE03190,2023-09-30,S005,Southmall,P015,Olive Oil,Food,2,9.99,5.29,19.98,10.58,9.4
SALE03191,2023-04-05,S004,Eastpark,P012,Lamp,Home,6,34.99,17.53,209.94,105.18,104.76
SALE03192,2023-03-16,S002,Westside,P013,Protein Bar,Food,1,2.99,1.21,2.99,1.21,1.78
SALE03193,2023-06-13,S004,Eastpark,P005,T-Shirt,Clothing,7,19.99,10.94,139.93,76.58,63.35
SALE03194,2023-07-30,S002,Westside,P014,Coffee Beans,Food,5,14.99,6.59,74.95,32.95,42.0
SALE03195,2023-08-15,S003,Northgate,P005,T-Shirt,Clothing,5,19.99,10.94,99.95,54.7,45.25
SALE03196,2023-03-19,S005,Southmall,P007,Jacket,Clothing,4,89.99,52.05,359.96,208.2,151.76
SALE03197,2023-02-24,S002,Westside,P003,Smartwatch,Electronics,3,199.99,91.0,599.97,273.0,326.97
SALE03198,2023-04-05,S001,Downtown,P010,Blender,Home,1,39.99,16.23,39.99,16.23,23.76
SALE03199,2023-11-10,S004,Eastpark,P016,Granola,Food,10,6.99,3.56,69.9,35.6,34.3
SALE03200,2023-05-17,S001,Downtown,P002,Headphones,Electronics,10,79.99,32.4,799.9,324.0,475.9
SALE03201,2023-10-18,S005,Southmall,P004,Tablet,Electronics,10,449.99,200.08,4499.9,2000.8,2499.1
SALE03202,2023-04-29,S004,Eastpark,P004,Tablet,Electronics,10,449.99,200.08,4499.9,2000.8,2499.1
SALE03203,2023-04-29,S002,Westside,P006,Jeans,Clothing,4,49.99,26.76,199.96,107.04,92.92
SALE03204,2023-12-18,S004,Eastpark,P002,Headphones,Electronics,1,79.99,32.4,79.99,32.4,47.59
SALE03205,2023-07-03,S005,Southmall,P004,Tablet,Electronics,2,449.99,200.08,899.98,400.16,499.82
SALE03206,2023-12-19,S002,Westside,P015,Olive Oil,Food,8,9.99,5.29,79.92,42.32,37.6
SALE03207,2023-03-10,S005,Southmall,P003,Smartwatch,Electronics,9,199.99,91.0,1799.91,819.0,980.91
SALE03208,2023-11-06,S001,Downtown,P006,Jeans,Clothing,8,49.99,26.76,399.92,214.08,185.84
SALE03209,2023-12-31,S005,Southmall,P008,Sneakers,Clothing,6,69.99,29.21,419.94,175.26,244.68
SALE03210,2023-04-05,S001,Downtown,P007,Jacket,Clothing,7,89.99,52.05,629.93,364.35,265.58
SALE03211,2023-09-09,S005,Southmall,P013,Protein Bar,Food,8,2.99,1.21,23.92,9.68,14.24
SALE03212,2023-03-12,S003,Northgate,P012,Lamp,Home,3,34.99,17.53,104.97,52.59,52.38
SALE03213,2023-04-09,S001,Downtown,P014,Coffee Beans,Food,4,14.99,6.59,59.96,26.36,33.6
SALE03214,2023-01-17,S001,Downtown,P015,Olive Oil,Food,7,9.99,5.29,69.93,37.03,32.9
SALE03215,2023-01-08,S002,Westside,P011,Vacuum,Home,5,129.99,57.68,649.95,288.4,361.55
SALE03216,2023-07-31,S002,Westside,P007,Jacket,Clothing,4,89.99,52.05,359.96,208.2,151.76
SALE03217,2023-12-10,S005,Southmall,P009,Coffee Maker,Home,4,59.99,29.06,239.96,116.24,123.72
SALE03218,2023-04-15,S004,Eastpark,P013,Protein Bar,Food,2,2.99,1.21,5.98,2.42,3.56
SALE03219,2023-04-01,S002,Westside,P010,Blender,Home,8,39.99,16.23,319.92,129.84,190.08
SALE03220,2023-11-12,S005,Southmall,P008,Sneakers,Clothing,8,69.99,29.21,559.92,233.68,326.24
SALE03221,2023-12-19,S004,Eastpark,P002,Headphones,Electronics,6,79.99,32.4,479.94,194.4,285.54
SALE03222,2023-08-23,S004,Eastpark,P003,Smartwatch,Electronics,4,199.99,91.0,799.96,364.0,435.96
SALE03223,2023-08-07,S001,Downtown,P013,Protein Bar,Food,7,2.99,1.21,20.93,8.47,12.46
SALE03224,2023-01-22,S002,Westside,P016,Granola,Food,10,6.99,3.56,69.9,35.6,34.3
SALE03225,2023-07-14,S003,Northgate,P014,Coffee Beans,Food,6,14.99,6.59,89.94,39.54,50.4
SALE03226,2023-07-21,S004,Eastpark,P010,Blender,Home,10,39.99,16.23,399.9,162.3,237.6
SALE03227,2023-10-20,S004,Eastpark,P014,Coffee Beans,Food,10,14.99,6.59,149.9,65.9,84.0
SALE03228,2023-10-02,S005,Southmall,P010,Blender,Home,9,39.99,16.23,359.91,146.07,213.84
SALE03229,2023-11-25,S002,Westside,P006,Jeans,Clothing,1,49.99,26.76,49.99,26.76,23.23
SALE03230,2023-09-24,S005,Southmall,P016,Granola,Food,2,6.99,3.56,13.98,7.12,6.86
SALE03231,2023-08-20,S005,Southmall,P013,Protein Bar,Food,8,2.99,1.21,23.92,9.68,14.24
SALE03232,2023-01-22,S002,Westside,P008,Sneakers,Clothing,4,69.99,29.21,279.96,116.84,163.12
SALE03233,2023-09-23,S004,Eastpark,P015,Olive Oil,Food,9,9.99,5.29,89.91,47.61,42.3
SALE03234,2023-07-22,S004,Eastpark,P007,Jacket,Clothing,1,89.99,52.05,89.99,52.05,37.94
SALE03235,2023-10-13,S002,Westside,P012,Lamp,Home,7,34.99,17.53,244.93,122.71,122.22
SALE03236,2023-09-22,S002,Westside,P011,Vacuum,Home,1,129.99,57.68,129.99,57.68,72.31
SALE03237,2023-04-08,S005,Southmall,P008,Sneakers,Clothing,5,69.99,29.21,349.95,146.05,203.9
SALE03238,2023-08-14,S001,Downtown,P011,Vacuum,Home,7,129.99,57.68,909.93,403.76,506.17
SALE03239,2023-06-05,S001,Downtown,P012,Lamp,Home,5,34.99,17.53,174.95,87.65,87.3
SALE03240,2023-08-25,S001,Downtown,P002,Headphones,Electronics,3,79.99,32.4,239.97,97.2,142.77
SALE03241,2023-08-05,S001,Downtown,P007,Jacket,Clothing,5,89.99,52.05,449.95,260.25,189.7
SALE03242,2023-11-10,S005,Southmall,P010,Blender,Home,1,39.99,16.23,39.99,16.23,23.76
SALE03243,2023-12-20,S004,Eastpark,P012,Lamp,Home,9,34.99,17.53,314.91,157.77,157.14
SALE03244,2023-03-14,S005,Southmall,P006,Jeans,Clothing,8,49.99,26.76,399.92,214.08,185.84
SALE03245,2023-11-27,S005,Southmall,P004,Tablet,Electronics,8,449.99,200.08,3599.92,1600.64,1999.28
SALE03246,2023-02-16,S003,Northgate,P008,Sneakers,Clothing,9,69.99,29.21,629.91,262.89,367.02
SALE03247,2023-02-27,S005,Southmall,P007,Jacket,Clothing,3,89.99,52.05,269.97,156.15,113.82
SALE03248,2023-10-27,S005,Southmall,P005,T-Shirt,Clothing,9,19.99,10.94,179.91,98.46,81.45
SALE03249,2023-03-11,S004,Eastpark,P010,Blender,Home,7,39.99,16.23,279.93,113.61,166.32
SALE03250,2023-07-31,S003,Northgate,P011,Vacuum,Home,6,129.99,57.68,779.94,346.08,433.86
SALE03251,2023-08-19,S001,Downtown,P007,Jacket,Clothing,1,89.99,52.05,89.99,52.05,37.94
SALE03252,2023-04-02,S002,Westside,P006,Jeans,Clothing,8,49.99,26.76,399.92,214.08,185.84
SALE03253,2023-10-30,S004,Eastpark,P003,Smartwatch,Electronics,4,199.99,91.0,799.96,364.0,435.96
SALE03254,2023-08-21,S001,Downtown,P009,Coffee Maker,Home,2,59.99,29.06,119.98,58.12,61.86
SALE03255,2023-05-09,S002,Westside,P009,Coffee Maker,Home,6,59.99,29.06,359.94,174.36,185.58
SALE03256,2023-12-21,S004,Eastpark,P004,Tablet,Electronics,3,449.99,200.08,1349.97,600.24,749.73
SALE03257,2023-03-05,S003,Northgate,P013,Protein Bar,Food,2,2.99,1.21,5.98,2.42,3.56
SALE03258,2023-02-28,S003,Northgate,P010,Blender,Home,8,39.99,16.23,319.92,129.84,190.08
SALE03259,2023-11-21,S001,Downtown,P001,Laptop,Electronics,6,899.99,475.09,5399.94,2850.54,2549.4
SALE03260,2023-02-13,S005,Southmall,P012,Lamp,Home,9,34.99,17.53,314.91,157.77,157.14
SALE03261,2023-12-29,S005,Southmall,P001,Laptop,Electronics,7,899.99,475.09,6299.93,3325.63,2974.3
SALE03262,2023-09-19,S005,Southmall,P001,Laptop,Electronics,10,899.99,475.09,8999.9,4750.9,4249.0
SALE03263,2023-03-23,S003,Northgate,P004,Tablet,Electronics,7,449.99,200.08,3149.93,1400.56,1749.37
SALE03264,2023-10-09,S002,Westside,P006,Jeans,Clothing,7,49.99,26.76,349.93,187.32,162.61
SALE03265,2023-01-23,S003,Northgate,P006,Jeans,Clothing,3,49.99,26.76,149.97,80.28,69.69
SALE03266,2023-06-21,S002,Westside,P012,Lamp,Home,10,34.99,17.53,349.9,175.3,174.6
SALE03267,2023-12-04,S001,Downtown,P011,Vacuum,Home,3,129.99,57.68,389.97,173.04,216.93
SALE03268,2023-03-25,S005,Southmall,P001,Laptop,Electronics,3,899.99,475.09,2699.97,1425.27,1274.7
SALE03269,2023-04-02,S003,Northgate,P008,Sneakers,Clothing,1,69.99,29.21,69.99,29.21,40.78
SALE03270,2023-08-03,S001,Downtown,P006,Jeans,Clothing,5,49.99,26.76,249.95,133.8,116.15
SALE03271,2023-06-08,S001,Downtown,P001,Laptop,Electronics,8,899.99,475.09,7199.92,3800.72,3399.2
SALE03272,2023-05-28,S004,Eastpark,P012,Lamp,Home,3,34.99,17.53,104.97,52.59,52.38
SALE03273,2023-03-02,S003,Northgate,P001,Laptop,Electronics,3,899.99,475.09,2699.97,1425.27,1274.7
SALE03274,2023-04-14,S004,Eastpark,P005,T-Shirt,Clothing,1,19.99,10.94,19.99,10.94,9.05
SALE03275,2023-11-15,S004,Eastpark,P005,T-Shirt,Clothing,5,19.99,10.94,99.95,54.7,45.25
SALE03276,2023-01-07,S005,Southmall,P013,Protein Bar,Food,8,2.99,1.21,23.92,9.68,14.24
SALE03277,2023-09-12,S002,Westside,P009,Coffee Maker,Home,8,59.99,29.06,479.92,232.48,247.44
SALE03278,2023-10-06,S002,Westside,P010,Blender,Home,1,39.99,16.23,39.99,16.23,23.76
SALE03279,2023-11-08,S002,Westside,P003,Smartwatch,Electronics,8,199.99,91.0,1599.92,728.0,871.92
SALE03280,2023-05-02,S004,Eastpark,P009,Coffee Maker,Home,4,59.99,29.06,239.96,116.24,123.72
SALE03281,2023-10-29,S002,Westside,P013,Protein Bar,Food,8,2.99,1.21,23.92,9.68,14.24
SALE03282,2023-08-21,S004,Eastpark,P012,Lamp,Home,7,34.99,17.53,244.93,122.71,122.22
SALE03283,2023-08-15,S001,Downtown,P004,Tablet,Electronics,2,449.99,200.08,899.98,400.16,499.82
SALE03284,2023-11-04,S005,Southmall,P014,Coffee Beans,Food,10,14.99,6.59,149.9,65.9,84.0
SALE03285,2023-01-04,S003,Northgate,P001,Laptop,Electronics,4,899.99,475.09,3599.96,1900.36,1699.6
SALE03286,2023-10-08,S005,Southmall,P015,Olive Oil,Food,5,9.99,5.29,49.95,26.45,23.5
SALE03287,2023-11-14,S002,Westside,P013,Protein Bar,Food,9,2.99,1.21,26.91,10.89,16.02
SALE03288,2023-04-17,S005,Southmall,P010,Blender,Home,1,39.99,16.23,39.99,16.23,23.76
SALE03289,2023-04-05,S004,Eastpark,P003,Smartwatch,Electronics,3,199.99,91.0,599.97,273.0,326.97
SALE03290,2023-01-29,S002,Westside,P008,Sneakers,Clothing,6,69.99,29.21,419.94,175.26,244.68
SALE03291,2023-01-19,S002,Westside,P016,Granola,Food,3,6.99,3.56,20.97,10.68,10.29
SALE03292,2023-01-17,S004,Eastpark,P013,Protein Bar,Food,10,2.99,1.21,29.9,12.1,17.8
SALE03293,2023-11-05,S003,Northgate,P014,Coffee Beans,Food,5,14.99,6.59,74.95,32.95,42.0
SALE03294,2023-06-19,S001,Downtown,P004,Tablet,Electronics,2,449.99,200.08,899.98,400.16,499.82
SALE03295,2023-01-26,S001,Downtown,P013,Protein Bar,Food,2,2.99,1.21,5.98,2.42,3.56
SALE03296,2023-08-02,S001,Downtown,P008,Sneakers,Clothing,3,69.99,29.21,209.97,87.63,122.34
SALE03297,2023-03-24,S005,Southmall,P002,Headphones,Electronics,5,79.99,32.4,399.95,162.0,237.95
SALE03298,2023-11-09,S001,Downtown,P001,Laptop,Electronics,10,899.99,475.09,8999.9,4750.9,4249.0
SALE03299,2023-10-21,S003,Northgate,P009,Coffee Maker,Home,9,59.99,29.06,539.91,261.54,278.37
SALE03300,2023-04-01,S005,Southmall,P007,Jacket,Clothing,8,89.99,52.05,719.92,416.4,303.52
SALE03301,2023-10-24,S002,Westside,P016,Granola,Food,6,6.99,3.56,41.94,21.36,20.58
SALE03302,2023-01-19,S005,Southmall,P009,Coffee Maker,Home,2,59.99,29.06,119.98,58.12,61.86
SALE03303,2023-06-03,S001,Downtown,P015,Olive Oil,Food,6,9.99,5.29,59.94,31.74,28.2
SALE03304,2023-07-08,S002,Westside,P001,Laptop,Electronics,7,899.99,475.09,6299.93,3325.63,2974.3
SALE03305,2023-02-04,S005,Southmall,P004,Tablet,Electronics,7,449.99,200.08,3149.93,1400.56,1749.37
SALE03306,2023-10-09,S001,Downtown,P003,Smartwatch,Electronics,2,199.99,91.0,399.98,182.0,217.98
SALE03307,2023-05-30,S004,Eastpark,P007,Jacket,Clothing,8,89.99,52.05,719.92,416.4,303.52
SALE03308,2023-03-10,S001,Downtown,P010,Blender,Home,2,39.99,16.23,79.98,32.46,47.52
SALE03309,2023-12-22,S004,Eastpark,P010,Blender,Home,5,39.99,16.23,199.95,81.15,118.8
SALE03310,2023-06-18,S001,Downtown,P013,Protein Bar,Food,9,2.99,1.21,26.91,10.89,16.02
SALE03311,2023-07-31,S003,Northgate,P001,Laptop,Electronics,9,899.99,475.09,8099.91,4275.81,3824.1
SALE03312,2023-04-18,S003,Northgate,P008,Sneakers,Clothing,4,69.99,29.21,279.96,116.84,163.12
SALE03313,2023-11-10,S003,Northgate,P005,T-Shirt,Clothing,1,19.99,10.94,19.99,10.94,9.05
SALE03314,2023-02-25,S004,Eastpark,P010,Blender,Home,10,39.99,16.23,399.9,162.3,237.6
SALE03315,2023-11-19,S001,Downtown,P005,T-Shirt,Clothing,9,19.99,10.94,179.91,98.46,81.45
SALE03316,2023-02-14,S002,Westside,P006,Jeans,Clothing,8,49.99,26.76,399.92,214.08,185.84
SALE03317,2023-12-19,S001,Downtown,P002,Headphones,Electronics,10,79.99,32.4,799.9,324.0,475.9
SALE03318,2023-12-28,S002,Westside,P002,Headphones,Electronics,5,79.99,32.4,399.95,162.0,237.95
SALE03319,2023-08-07,S002,Westside,P013,Protein Bar,Food,10,2.99,1.21,29.9,12.1,17.8
SALE03320,2023-06-12,S004,Eastpark,P011,Vacuum,Home,5,129.99,57.68,649.95,288.4,361.55
SALE03321,2023-09-27,S003,Northgate,P002,Headphones,Electronics,10,79.99,32.4,799.9,324.0,475.9
SALE03322,2023-11-16,S002,Westside,P010,Blender,Home,6,39.99,16.23,239.94,97.38,142.56
SALE03323,2023-03-08,S004,Eastpark,P009,Coffee Maker,Home,10,59.99,29.06,599.9,290.6,309.3
SALE03324,2023-10-16,S001,Downtown,P010,Blender,Home,8,39.99,16.23,319.92,129.84,190.08
SALE03325,2023-09-24,S003,Northgate,P004,Tablet,Electronics,8,449.99,200.08,3599.92,1600.64,1999.28
SALE03326,2023-09-10,S001,Downtown,P006,Jeans,Clothing,3,49.99,26.76,149.97,80.28,69.69
SALE03327,2023-11-09,S001,Downtown,P005,T-Shirt,Clothing,4,19.99,10.94,79.96,43.76,36.2
SALE03328,2023-12-29,S004,Eastpark,P006,Jeans,Clothing,5,49.99,26.76,249.95,133.8,116.15
SALE03329,2023-04-10,S005,Southmall,P005,T-Shirt,Clothing,1,19.99,10.94,19.99,10.94,9.05
SALE03330,2023-03-02,S001,Downtown,P008,Sneakers,Clothing,1,69.99,29.21,69.99,29.21,40.78
SALE03331,2023-08-27,S003,Northgate,P014,Coffee Beans,Food,2,14.99,6.59,29.98,13.18,16.8
SALE03332,2023-04-17,S003,Northgate,P016,Granola,Food,10,6.99,3.56,69.9,35.6,34.3
SALE03333,2023-08-01,S003,Northgate,P005,T-Shirt,Clothing,7,19.99,10.94,139.93,76.58,63.35
SALE03334,2023-01-24,S005,Southmall,P008,Sneakers,Clothing,6,69.99,29.21,419.94,175.26,244.68
SALE03335,2023-06-29,S005,Southmall,P013,Protein Bar,Food,9,2.99,1.21,26.91,10.89,16.02
SALE03336,2023-11-23,S002,Westside,P002,Headphones,Electronics,4,79.99,32.4,319.96,129.6,190.36
SALE03337,2023-01-06,S001,Downtown,P004,Tablet,Electronics,4,449.99,200.08,1799.96,800.32,999.64
SALE03338,2023-12-20,S004,Eastpark,P007,Jacket,Clothing,5,89.99,52.05,449.95,260.25,189.7
SALE03339,2023-05-11,S002,Westside,P008,Sneakers,Clothing,2,69.99,29.21,139.98,58.42,81.56
SALE03340,2023-06-07,S005,Southmall,P015,Olive Oil,Food,5,9.99,5.29,49.95,26.45,23.5
SALE03341,2023-09-17,S005,Southmall,P010,Blender,Home,9,39.99,16.23,359.91,146.07,213.84
SALE03342,2023-06-15,S002,Westside,P004,Tablet,Electronics,1,449.99,200.08,449.99,200.08,249.91
SALE03343,2023-02-28,S001,Downtown,P003,Smartwatch,Electronics,6,199.99,91.0,1199.94,546.0,653.94
SALE03344,2023-06-24,S001,Downtown,P011,Vacuum,Home,7,129.99,57.68,909.93,403.76,506.17
SALE03345,2023-10-19,S005,Southmall,P003,Smartwatch,Electronics,10,199.99,91.0,1999.9,910.0,1089.9
SALE03346,2023-01-15,S003,Northgate,P001,Laptop,Electronics,3,899.99,475.09,2699.97,1425.27,1274.7
SALE03347,2023-04-10,S002,Westside,P010,Blender,Home,6,39.99,16.23,239.94,97.38,142.56
SALE03348,2023-06-23,S001,Downtown,P015,Olive Oil,Food,8,9.99,5.29,79.92,42.32,37.6
SALE03349,2023-08-31,S004,Eastpark,P009,Coffee Maker,Home,1,59.99,29.06,59.99,29.06,30.93
SALE03350,2023-11-27,S004,Eastpark,P010,Blender,Home,3,39.99,16.23,119.97,48.69,71.28
SALE03351,2023-09-04,S001,Downtown,P009,Coffee Maker,Home,3,59.99,29.06,179.97,87.18,92.79
SALE03352,2023-11-18,S001,Downtown,P013,Protein Bar,Food,8,2.99,1.21,23.92,9.68,14.24
SALE03353,2023-10-02,S005,Southmall,P004,Tablet,Electronics,6,449.99,200.08,2699.94,1200.48,1499.46
SALE03354,2023-08-25,S005,Southmall,P005,T-Shirt,Clothing,7,19.99,10.94,139.93,76.58,63.35
SALE03355,2023-01-29,S002,Westside,P016,Granola,Food,9,6.99,3.56,62.91,32.04,30.87
SALE03356,2023-06-03,S001,Downtown,P007,Jacket,Clothing,10,89.99,52.05,899.9,520.5,379.4
SALE03357,2023-12-14,S004,Eastpark,P013,Protein Bar,Food,6,2.99,1.21,17.94,7.26,10.68
SALE03358,2023-10-12,S003,Northgate,P001,Laptop,Electronics,9,899.99,475.09,8099.91,4275.81,3824.1
SALE03359,2023-01-10,S003,Northgate,P016,Granola,Food,4,6.99,3.56,27.96,14.24,13.72
SALE03360,2023-10-23,S004,Eastpark,P009,Coffee Maker,Home,6,59.99,29.06,359.94,174.36,185.58
SALE03361,2023-07-01,S002,Westside,P009,Coffee Maker,Home,2,59.99,29.06,119.98,58.12,61.86
SALE03362,2023-03-18,S002,Westside,P011,Vacuum,Home,5,129.99,57.68,649.95,288.4,361.55
SALE03363,2023-01-16,S005,Southmall,P012,Lamp,Home,6,34.99,17.53,209.94,105.18,104.76
SALE03364,2023-07-12,S002,Westside,P011,Vacuum,Home,9,129.99,57.68,1169.91,519.12,650.79
SALE03365,2023-03-26,S002,Westside,P004,Tablet,Electronics,10,449.99,200.08,4499.9,2000.8,2499.1
SALE03366,2023-11-07,S001,Downtown,P012,Lamp,Home,7,34.99,17.53,244.93,122.71,122.22
SALE03367,2023-04-06,S003,Northgate,P006,Jeans,Clothing,10,49.99,26.76,499.9,267.6,232.3
SALE03368,2023-03-01,S001,Downtown,P002,Headphones,Electronics,5,79.99,32.4,399.95,162.0,237.95
SALE03369,2023-12-28,S002,Westside,P014,Coffee Beans,Food,6,14.99,6.59,89.94,39.54,50.4
SALE03370,2023-12-30,S004,Eastpark,P014,Coffee Beans,Food,1,14.99,6.59,14.99,6.59,8.4
SALE03371,2023-05-20,S005,Southmall,P011,Vacuum,Home,7,129.99,57.68,909.93,403.76,506.17
SALE03372,2023-02-14,S003,Northgate,P013,Protein Bar,Food,8,2.99,1.21,23.92,9.68,14.24
SALE03373,2023-05-02,S004,Eastpark,P007,Jacket,Clothing,6,89.99,52.05,539.94,312.3,227.64
SALE03374,2023-08-20,S004,Eastpark,P015,Olive Oil,Food,5,9.99,5.29,49.95,26.45,23.5
SALE03375,2023-04-21,S002,Westside,P016,Granola,Food,9,6.99,3.56,62.91,32.04,30.87
SALE03376,2023-06-04,S003,Northgate,P016,Granola,Food,3,6.99,3.56,20.97,10.68,10.29
SALE03377,2023-02-27,S005,Southmall,P011,Vacuum,Home,6,129.99,57.68,779.94,346.08,433.86
SALE03378,2023-01-20,S001,Downtown,P009,Coffee Maker,Home,4,59.99,29.06,239.96,116.24,123.72
SALE03379,2023-02-17,S005,Southmall,P008,Sneakers,Clothing,8,69.99,29.21,559.92,233.68,326.24
SALE03380,2023-09-17,S004,Eastpark,P006,Jeans,Clothing,1,49.99,26.76,49.99,26.76,23.23
SALE03381,2023-09-05,S005,Southmall,P005,T-Shirt,Clothing,9,19.99,10.94,179.91,98.46,81.45
SALE03382,2023-03-20,S002,Westside,P011,Vacuum,Home,4,129.99,57.68,519.96,230.72,289.24
SALE03383,2023-06-24,S004,Eastpark,P002,Headphones,Electronics,8,79.99,32.4,639.92,259.2,380.72
SALE03384,2023-09-26,S002,Westside,P010,Blender,Home,5,39.99,16.23,199.95,81.15,118.8
SALE03385,2023-06-17,S003,Northgate,P011,Vacuum,Home,3,129.99,57.68,389.97,173.04,216.93
SALE03386,2023-02-20,S004,Eastpark,P003,Smartwatch,Electronics,9,199.99,91.0,1799.91,819.0,980.91
SALE03387,2023-12-13,S001,Downtown,P002,Headphones,Electronics,3,79.99,32.4,239.97,97.2,142.77
SALE03388,2023-04-16,S002,Westside,P015,Olive Oil,Food,1,9.99,5.29,9.99,5.29,4.7
SALE03389,2023-08-24,S001,Downtown,P008,Sneakers,Clothing,7,69.99,29.21,489.93,204.47,285.46
SALE03390,2023-09-25,S004,Eastpark,P010,Blender,Home,2,39.99,16.23,79.98,32.46,47.52
SALE03391,2023-01-03,S003,Northgate,P005,T-Shirt,Clothing,5,19.99,10.94,99.95,54.7,45.25
SALE03392,2023-01-23,S001,Downtown,P002,Headphones,Electronics,10,79.99,32.4,799.9,324.0,475.9
SALE03393,2023-02-14,S002,Westside,P004,Tablet,Electronics,6,449.99,200.08,2699.94,1200.48,1499.46
SALE03394,2023-08-28,S005,Southmall,P014,Coffee Beans,Food,1,14.99,6.59,14.99,6.59,8.4
SALE03395,2023-02-22,S002,Westside,P015,Olive Oil,Food,9,9.99,5.29,89.91,47.61,42.3
SALE03396,2023-12-04,S004,Eastpark,P016,Granola,Food,5,6.99,3.56,34.95,17.8,17.15
SALE03397,2023-01-12,S005,Southmall,P001,Laptop,Electronics,10,899.99,475.09,8999.9,4750.9,4249.0
SALE03398,2023-06-09,S004,Eastpark,P003,Smartwatch,Electronics,4,199.99,91.0,799.96,364.0,435.96
SALE03399,2023-06-14,S004,Eastpark,P001,Laptop,Electronics,4,899.99,475.09,3599.96,1900.36,1699.6
SALE03400,2023-04-09,S001,Downtown,P010,Blender,Home,5,39.99,16.23,199.95,81.15,118.8
SALE03401,2023-05-22,S001,Downtown,P009,Coffee Maker,Home,9,59.99,29.06,539.91,261.54,278.37
SALE03402,2023-06-13,S002,Westside,P012,Lamp,Home,8,34.99,17.53,279.92,140.24,139.68
SALE03403,2023-12-10,S003,Northgate,P001,Laptop,Electronics,2,899.99,475.09,1799.98,950.18,849.8
SALE03404,2023-05-20,S005,Southmall,P005,T-Shirt,Clothing,3,19.99,10.94,59.97,32.82,27.15
SALE03405,2023-03-22,S002,Westside,P015,Olive Oil,Food,5,9.99,5.29,49.95,26.45,23.5
SALE03406,2023-02-28,S002,Westside,P016,Granola,Food,1,6.99,3.56,6.99,3.56,3.43
SALE03407,2023-11-15,S005,Southmall,P007,Jacket,Clothing,9,89.99,52.05,809.91,468.45,341.46
SALE03408,2023-09-21,S005,Southmall,P016,Granola,Food,2,6.99,3.56,13.98,7.12,6.86
SALE03409,2023-04-16,S004,Eastpark,P009,Coffee Maker,Home,9,59.99,29.06,539.91,261.54,278.37
SALE03410,2023-06-29,S005,Southmall,P011,Vacuum,Home,9,129.99,57.68,1169.91,519.12,650.79
SALE03411,2023-06-13,S005,Southmall,P008,Sneakers,Clothing,5,69.99,29.21,349.95,146.05,203.9
SALE03412,2023-03-14,S005,Southmall,P007,Jacket,Clothing,5,89.99,52.05,449.95,260.25,189.7
SALE03413,2023-10-21,S005,Southmall,P003,Smartwatch,Electronics,4,199.99,91.0,799.96,364.0,435.96
SALE03414,2023-03-29,S004,Eastpark,P005,T-Shirt,Clothing,2,19.99,10.94,39.98,21.88,18.1
SALE03415,2023-06-09,S001,Downtown,P016,Granola,Food,10,6.99,3.56,69.9,35.6,34.3
SALE03416,2023-06-23,S004,Eastpark,P008,Sneakers,Clothing,9,69.99,29.21,629.91,262.89,367.02
SALE03417,2023-08-16,S001,Downtown,P014,Coffee Beans,Food,1,14.99,6.59,14.99,6.59,8.4
SALE03418,2023-03-08,S005,Southmall,P005,T-Shirt,Clothing,1,19.99,10.94,19.99,10.94,9.05
SALE03419,2023-08-30,S005,Southmall,P001,Laptop,Electronics,1,899.99,475.09,899.99,475.09,424.9
SALE03420,2023-02-24,S003,Northgate,P001,Laptop,Electronics,7,899.99,475.09,6299.93,3325.63,2974.3
SALE03421,2023-01-28,S001,Downtown,P016,Granola,Food,2,6.99,3.56,13.98,7.12,6.86
SALE03422,2023-08-07,S001,Downtown,P014,Coffee Beans,Food,7,14.99,6.59,104.93,46.13,58.8
SALE03423,2023-04-02,S005,Southmall,P013,Protein Bar,Food,10,2.99,1.21,29.9,12.1,17.8
SALE03424,2023-10-31,S004,Eastpark,P001,Laptop,Electronics,8,899.99,475.09,7199.92,3800.72,3399.2
SALE03425,2023-11-12,S004,Eastpark,P016,Granola,Food,6,6.99,3.56,41.94,21.36,20.58
SALE03426,2023-06-09,S002,Westside,P016,Granola,Food,6,6.99,3.56,41.94,21.36,20.58
SALE03427,2023-04-12,S001,Downtown,P006,Jeans,Clothing,9,49.99,26.76,449.91,240.84,209.07
SALE03428,2023-02-10,S005,Southmall,P015,Olive Oil,Food,8,9.99,5.29,79.92,42.32,37.6
SALE03429,2023-10-18,S004,Eastpark,P008,Sneakers,Clothing,3,69.99,29.21,209.97,87.63,122.34
SALE03430,2023-02-17,S001,Downtown,P006,Jeans,Clothing,8,49.99,26.76,399.92,214.08,185.84
SALE03431,2023-02-19,S002,Westside,P004,Tablet,Electronics,8,449.99,200.08,3599.92,1600.64,1999.28
SALE03432,2023-06-08,S002,Westside,P016,Granola,Food,8,6.99,3.56,55.92,28.48,27.44
SALE03433,2023-08-29,S004,Eastpark,P011,Vacuum,Home,4,129.99,57.68,519.96,230.72,289.24
SALE03434,2023-04-25,S005,Southmall,P007,Jacket,Clothing,3,89.99,52.05,269.97,156.15,113.82
SALE03435,2023-11-12,S004,Eastpark,P004,Tablet,Electronics,5,449.99,200.08,2249.95,1000.4,1249.55
SALE03436,2023-07-06,S001,Downtown,P015,Olive Oil,Food,7,9.99,5.29,69.93,37.03,32.9
SALE03437,2023-04-04,S005,Southmall,P015,Olive Oil,Food,6,9.99,5.29,59.94,31.74,28.2
SALE03438,2023-06-16,S003,Northgate,P003,Smartwatch,Electronics,8,199.99,91.0,1599.92,728.0,871.92
SALE03439,2023-09-07,S002,Westside,P009,Coffee Maker,Home,1,59.99,29.06,59.99,29.06,30.93
SALE03440,2023-02-03,S005,Southmall,P015,Olive Oil,Food,8,9.99,5.29,79.92,42.32,37.6
SALE03441,2023-02-27,S004,Eastpark,P005,T-Shirt,Clothing,6,19.99,10.94,119.94,65.64,54.3
SALE03442,2023-09-03,S005,Southmall,P014,Coffee Beans,Food,8,14.99,6.59,119.92,52.72,67.2
SALE03443,2023-03-29,S004,Eastpark,P015,Olive Oil,Food,5,9.99,5.29,49.95,26.45,23.5
SALE03444,2023-06-28,S005,Southmall,P005,T-Shirt,Clothing,10,19.99,10.94,199.9,109.4,90.5
SALE03445,2023-10-22,S005,Southmall,P012,Lamp,Home,3,34.99,17.53,104.97,52.59,52.38
SALE03446,2023-09-18,S005,Southmall,P013,Protein Bar,Food,2,2.99,1.21,5.98,2.42,3.56
SALE03447,2023-07-27,S004,Eastpark,P012,Lamp,Home,2,34.99,17.53,69.98,35.06,34.92
SALE03448,2023-06-16,S003,Northgate,P014,Coffee Beans,Food,9,14.99,6.59,134.91,59.31,75.6
SALE03449,2023-11-29,S003,Northgate,P004,Tablet,Electronics,2,449.99,200.08,899.98,400.16,499.82
SALE03450,2023-06-04,S003,Northgate,P010,Blender,Home,9,39.99,16.23,359.91,146.07,213.84
SALE03451,2023-08-25,S001,Downtown,P014,Coffee Beans,Food,7,14.99,6.59,104.93,46.13,58.8
SALE03452,2023-10-30,S001,Downtown,P016,Granola,Food,7,6.99,3.56,48.93,24.92,24.01
SALE03453,2023-05-03,S003,Northgate,P004,Tablet,Electronics,10,449.99,200.08,4499.9,2000.8,2499.1
SALE03454,2023-05-05,S001,Downtown,P007,Jacket,Clothing,9,89.99,52.05,809.91,468.45,341.46
SALE03455,2023-03-23,S001,Downtown,P016,Granola,Food,8,6.99,3.56,55.92,28.48,27.44
SALE03456,2023-07-16,S004,Eastpark,P010,Blender,Home,2,39.99,16.23,79.98,32.46,47.52
SALE03457,2023-06-24,S002,Westside,P009,Coffee Maker,Home,4,59.99,29.06,239.96,116.24,123.72
SALE03458,2023-12-22,S002,Westside,P007,Jacket,Clothing,10,89.99,52.05,899.9,520.5,379.4
SALE03459,2023-08-09,S005,Southmall,P003,Smartwatch,Electronics,7,199.99,91.0,1399.93,637.0,762.93
SALE03460,2023-10-18,S005,Southmall,P001,Laptop,Electronics,6,899.99,475.09,5399.94,2850.54,2549.4
SALE03461,2023-10-06,S001,Downtown,P014,Coffee Beans,Food,4,14.99,6.59,59.96,26.36,33.6
SALE03462,2023-03-30,S002,Westside,P006,Jeans,Clothing,2,49.99,26.76,99.98,53.52,46.46
SALE03463,2023-12-31,S001,Downtown,P012,Lamp,Home,10,34.99,17.53,349.9,175.3,174.6
SALE03464,2023-09-07,S002,Westside,P010,Blender,Home,2,39.99,16.23,79.98,32.46,47.52
SALE03465,2023-10-31,S004,Eastpark,P004,Tablet,Electronics,10,449.99,200.08,4499.9,2000.8,2499.1
SALE03466,2023-08-26,S003,Northgate,P007,Jacket,Clothing,6,89.99,52.05,539.94,312.3,227.64
SALE03467,2023-10-12,S001,Downtown,P015,Olive Oil,Food,2,9.99,5.29,19.98,10.58,9.4
SALE03468,2023-08-16,S003,Northgate,P010,Blender,Home,3,39.99,16.23,119.97,48.69,71.28
SALE03469,2023-06-07,S003,Northgate,P011,Vacuum,Home,7,129.99,57.68,909.93,403.76,506.17
SALE03470,2023-02-05,S003,Northgate,P013,Protein Bar,Food,10,2.99,1.21,29.9,12.1,17.8
SALE03471,2023-02-25,S003,Northgate,P006,Jeans,Clothing,10,49.99,26.76,499.9,267.6,232.3
SALE03472,2023-07-14,S003,Northgate,P011,Vacuum,Home,6,129.99,57.68,779.94,346.08,433.86
SALE03473,2023-09-11,S002,Westside,P015,Olive Oil,Food,1,9.99,5.29,9.99,5.29,4.7
SALE03474,2023-02-16,S004,Eastpark,P006,Jeans,Clothing,4,49.99,26.76,199.96,107.04,92.92
SALE03475,2023-03-13,S003,Northgate,P016,Granola,Food,10,6.99,3.56,69.9,35.6,34.3
SALE03476,2023-11-22,S003,Northgate,P003,Smartwatch,Electronics,1,199.99,91.0,199.99,91.0,108.99
SALE03477,2023-03-17,S004,Eastpark,P007,Jacket,Clothing,3,89.99,52.05,269.97,156.15,113.82
SALE03478,2023-08-20,S001,Downtown,P012,Lamp,Home,9,34.99,17.53,314.91,157.77,157.14
SALE03479,2023-05-30,S003,Northgate,P013,Protein Bar,Food,7,2.99,1.21,20.93,8.47,12.46
SALE03480,2023-11-12,S004,Eastpark,P003,Smartwatch,Electronics,10,199.99,91.0,1999.9,910.0,1089.9
SALE03481,2023-08-17,S002,Westside,P011,Vacuum,Home,4,129.99,57.68,519.96,230.72,289.24
SALE03482,2023-04-16,S001,Downtown,P004,Tablet,Electronics,6,449.99,200.08,2699.94,1200.48,1499.46
SALE03483,2023-06-03,S003,Northgate,P012,Lamp,Home,10,34.99,17.53,349.9,175.3,174.6
SALE03484,2023-12-14,S003,Northgate,P012,Lamp,Home,5,34.99,17.53,174.95,87.65,87.3
SALE03485,2023-08-11,S002,Westside,P003,Smartwatch,Electronics,6,199.99,91.0,1199.94,546.0,653.94
SALE03486,2023-02-15,S002,Westside,P006,Jeans,Clothing,10,49.99,26.76,499.9,267.6,232.3
SALE03487,2023-01-05,S005,Southmall,P009,Coffee Maker,Home,10,59.99,29.06,599.9,290.6,309.3
SALE03488,2023-09-19,S005,Southmall,P014,Coffee Beans,Food,7,14.99,6.59,104.93,46.13,58.8
SALE03489,2023-03-07,S001,Downtown,P015,Olive Oil,Food,5,9.99,5.29,49.95,26.45,23.5
SALE03490,2023-02-01,S005,Southmall,P006,Jeans,Clothing,6,49.99,26.76,299.94,160.56,139.38
SALE03491,2023-10-09,S005,Southmall,P013,Protein Bar,Food,1,2.99,1.21,2.99,1.21,1.78
SALE03492,2023-01-01,S003,Northgate,P015,Olive Oil,Food,9,9.99,5.29,89.91,47.61,42.3
SALE03493,2023-07-03,S005,Southmall,P005,T-Shirt,Clothing,2,19.99,10.94,39.98,21.88,18.1
SALE03494,2023-05-25,S003,Northgate,P002,Headphones,Electronics,1,79.99,32.4,79.99,32.4,47.59
SALE03495,2023-05-01,S001,Downtown,P013,Protein Bar,Food,7,2.99,1.21,20.93,8.47,12.46
SALE03496,2023-12-26,S004,Eastpark,P001,Laptop,Electronics,10,899.99,475.09,8999.9,4750.9,4249.0
SALE03497,2023-07-21,S005,Southmall,P011,Vacuum,Home,6,129.99,57.68,779.94,346.08,433.86
SALE03498,2023-12-31,S005,Southmall,P011,Vacuum,Home,7,129.99,57.68,909.93,403.76,506.17
SALE03499,2023-07-27,S005,Southmall,P004,Tablet,Electronics,7,449.99,200.08,3149.93,1400.56,1749.37
SALE03500,2023-08-11,S004,Eastpark,P002,Headphones,Electronics,9,79.99,32.4,719.91,291.6,428.31
SALE03501,2023-04-19,S003,Northgate,P011,Vacuum,Home,3,129.99,57.68,389.97,173.04,216.93
SALE03502,2023-09-01,S005,Southmall,P005,T-Shirt,Clothing,3,19.99,10.94,59.97,32.82,27.15
SALE03503,2023-04-07,S001,Downtown,P003,Smartwatch,Electronics,9,199.99,91.0,1799.91,819.0,980.91
SALE03504,2023-07-16,S002,Westside,P004,Tablet,Electronics,6,449.99,200.08,2699.94,1200.48,1499.46
SALE03505,2023-08-02,S002,Westside,P011,Vacuum,Home,3,129.99,57.68,389.97,173.04,216.93
SALE03506,2023-05-28,S002,Westside,P003,Smartwatch,Electronics,3,199.99,91.0,599.97,273.0,326.97
SALE03507,2023-03-10,S002,Westside,P015,Olive Oil,Food,1,9.99,5.29,9.99,5.29,4.7
SALE03508,2023-02-06,S002,Westside,P013,Protein Bar,Food,1,2.99,1.21,2.99,1.21,1.78
SALE03509,2023-03-15,S005,Southmall,P016,Granola,Food,8,6.99,3.56,55.92,28.48,27.44
SALE03510,2023-12-03,S001,Downtown,P001,Laptop,Electronics,7,899.99,475.09,6299.93,3325.63,2974.3
SALE03511,2023-03-11,S002,Westside,P001,Laptop,Electronics,2,899.99,475.09,1799.98,950.18,849.8
SALE03512,2023-03-12,S005,Southmall,P004,Tablet,Electronics,7,449.99,200.08,3149.93,1400.56,1749.37
SALE03513,2023-08-22,S003,Northgate,P008,Sneakers,Clothing,10,69.99,29.21,699.9,292.1,407.8
SALE03514,2023-08-06,S002,Westside,P010,Blender,Home,10,39.99,16.23,399.9,162.3,237.6
SALE03515,2023-04-03,S005,Southmall,P002,Headphones,Electronics,8,79.99,32.4,639.92,259.2,380.72
SALE03516,2023-09-18,S005,Southmall,P005,T-Shirt,Clothing,7,19.99,10.94,139.93,76.58,63.35
SALE03517,2023-10-10,S001,Downtown,P005,T-Shirt,Clothing,8,19.99,10.94,159.92,87.52,72.4
SALE03518,2023-07-16,S004,Eastpark,P008,Sneakers,Clothing,6,69.99,29.21,419.94,175.26,244.68
SALE03519,2023-04-26,S001,Downtown,P015,Olive Oil,Food,3,9.99,5.29,29.97,15.87,14.1
SALE03520,2023-08-06,S001,Downtown,P011,Vacuum,Home,10,129.99,57.68,1299.9,576.8,723.1
SALE03521,2023-01-04,S001,Downtown,P010,Blender,Home,10,39.99,16.23,399.9,162.3,237.6
SALE03522,2023-09-13,S005,Southmall,P011,Vacuum,Home,4,129.99,57.68,519.96,230.72,289.24
SALE03523,2023-12-31,S002,Westside,P010,Blender,Home,9,39.99,16.23,359.91,146.07,213.84
SALE03524,2023-05-18,S001,Downtown,P002,Headphones,Electronics,7,79.99,32.4,559.93,226.8,333.13
SALE03525,2023-10-07,S004,Eastpark,P015,Olive Oil,Food,10,9.99,5.29,99.9,52.9,47.0
SALE03526,2023-07-07,S003,Northgate,P008,Sneakers,Clothing,1,69.99,29.21,69.99,29.21,40.78
SALE03527,2023-01-20,S005,Southmall,P009,Coffee Maker,Home,10,59.99,29.06,599.9,290.6,309.3
SALE03528,2023-09-05,S005,Southmall,P007,Jacket,Clothing,6,89.99,52.05,539.94,312.3,227.64
SALE03529,2023-02-27,S001,Downtown,P003,Smartwatch,Electronics,10,199.99,91.0,1999.9,910.0,1089.9
SALE03530,2023-09-04,S005,Southmall,P014,Coffee Beans,Food,2,14.99,6.59,29.98,13.18,16.8
SALE03531,2023-03-14,S003,Northgate,P013,Protein Bar,Food,9,2.99,1.21,26.91,10.89,16.02
SALE03532,2023-05-24,S002,Westside,P014,Coffee Beans,Food,8,14.99,6.59,119.92,52.72,67.2
SALE03533,2023-09-22,S005,Southmall,P009,Coffee Maker,Home,2,59.99,29.06,119.98,58.12,61.86
SALE03534,2023-09-25,S004,Eastpark,P010,Blender,Home,10,39.99,16.23,399.9,162.3,237.6
SALE03535,2023-02-15,S002,Westside,P010,Blender,Home,4,39.99,16.23,159.96,64.92,95.04
SALE03536,2023-08-30,S005,Southmall,P015,Olive Oil,Food,2,9.99,5.29,19.98,10.58,9.4
SALE03537,2023-12-17,S002,Westside,P008,Sneakers,Clothing,9,69.99,29.21,629.91,262.89,367.02
SALE03538,2023-10-24,S001,Downtown,P015,Olive Oil,Food,5,9.99,5.29,49.95,26.45,23.5
SALE03539,2023-11-10,S003,Northgate,P007,Jacket,Clothing,1,89.99,52.05,89.99,52.05,37.94
SALE03540,2023-06-25,S002,Westside,P012,Lamp,Home,9,34.99,17.53,314.91,157.77,157.14
SALE03541,2023-01-06,S001,Downtown,P001,Laptop,Electronics,8,899.99,475.09,7199.92,3800.72,3399.2
SALE03542,2023-08-21,S004,Eastpark,P006,Jeans,Clothing,9,49.99,26.76,449.91,240.84,209.07
SALE03543,2023-08-29,S001,Downtown,P008,Sneakers,Clothing,10,69.99,29.21,699.9,292.1,407.8
SALE03544,2023-06-19,S002,Westside,P003,Smartwatch,Electronics,7,199.99,91.0,1399.93,637.0,762.93
SALE03545,2023-06-30,S003,Northgate,P007,Jacket,Clothing,5,89.99,52.05,449.95,260.25,189.7
SALE03546,2023-05-29,S002,Westside,P003,Smartwatch,Electronics,3,199.99,91.0,599.97,273.0,326.97
SALE03547,2023-01-19,S005,Southmall,P011,Vacuum,Home,10,129.99,57.68,1299.9,576.8,723.1
SALE03548,2023-06-05,S001,Downtown,P006,Jeans,Clothing,10,49.99,26.76,499.9,267.6,232.3
SALE03549,2023-05-14,S004,Eastpark,P003,Smartwatch,Electronics,1,199.99,91.0,199.99,91.0,108.99
SALE03550,2023-11-19,S005,Southmall,P002,Headphones,Electronics,8,79.99,32.4,639.92,259.2,380.72
SALE03551,2023-10-24,S003,Northgate,P010,Blender,Home,3,39.99,16.23,119.97,48.69,71.28
SALE03552,2023-10-21,S002,Westside,P009,Coffee Maker,Home,1,59.99,29.06,59.99,29.06,30.93
SALE03553,2023-12-03,S003,Northgate,P012,Lamp,Home,5,34.99,17.53,174.95,87.65,87.3
SALE03554,2023-11-16,S004,Eastpark,P016,Granola,Food,1,6.99,3.56,6.99,3.56,3.43
SALE03555,2023-05-27,S005,Southmall,P003,Smartwatch,Electronics,8,199.99,91.0,1599.92,728.0,871.92
SALE03556,2023-02-12,S004,Eastpark,P013,Protein Bar,Food,3,2.99,1.21,8.97,3.63,5.34
SALE03557,2023-09-16,S003,Northgate,P012,Lamp,Home,2,34.99,17.53,69.98,35.06,34.92
SALE03558,2023-05-23,S005,Southmall,P011,Vacuum,Home,5,129.99,57.68,649.95,288.4,361.55
SALE03559,2023-03-09,S004,Eastpark,P005,T-Shirt,Clothing,10,19.99,10.94,199.9,109.4,90.5
SALE03560,2023-05-24,S002,Westside,P006,Jeans,Clothing,5,49.99,26.76,249.95,133.8,116.15
SALE03561,2023-05-12,S002,Westside,P007,Jacket,Clothing,1,89.99,52.05,89.99,52.05,37.94
SALE03562,2023-02-27,S005,Southmall,P016,Granola,Food,10,6.99,3.56,69.9,35.6,34.3
SALE03563,2023-03-31,S002,Westside,P015,Olive Oil,Food,10,9.99,5.29,99.9,52.9,47.0
SALE03564,2023-03-19,S002,Westside,P013,Protein Bar,Food,8,2.99,1.21,23.92,9.68,14.24
SALE03565,2023-07-09,S001,Downtown,P006,Jeans,Clothing,3,49.99,26.76,149.97,80.28,69.69
SALE03566,2023-05-14,S002,Westside,P011,Vacuum,Home,4,129.99,57.68,519.96,230.72,289.24
SALE03567,2023-09-06,S004,Eastpark,P004,Tablet,Electronics,3,449.99,200.08,1349.97,600.24,749.73
SALE03568,2023-09-28,S001,Downtown,P010,Blender,Home,1,39.99,16.23,39.99,16.23,23.76
SALE03569,2023-06-25,S003,Northgate,P007,Jacket,Clothing,2,89.99,52.05,179.98,104.1,75.88
SALE03570,2023-03-16,S003,Northgate,P001,Laptop,Electronics,10,899.99,475.09,8999.9,4750.9,4249.0
SALE03571,2023-03-20,S001,Downtown,P009,Coffee Maker,Home,8,59.99,29.06,479.92,232.48,247.44
SALE03572,2023-07-31,S002,Westside,P002,Headphones,Electronics,7,79.99,32.4,559.93,226.8,333.13
SALE03573,2023-05-02,S002,Westside,P007,Jacket,Clothing,8,89.99,52.05,719.92,416.4,303.52
SALE03574,2023-11-23,S001,Downtown,P002,Headphones,Electronics,3,79.99,32.4,239.97,97.2,142.77
SALE03575,2023-04-18,S002,Westside,P013,Protein Bar,Food,10,2.99,1.21,29.9,12.1,17.8
SALE03576,2023-06-26,S005,Southmall,P012,Lamp,Home,1,34.99,17.53,34.99,17.53,17.46
SALE03577,2023-11-25,S003,Northgate,P012,Lamp,Home,5,34.99,17.53,174.95,87.65,87.3
SALE03578,2023-03-01,S005,Southmall,P015,Olive Oil,Food,1,9.99,5.29,9.99,5.29,4.7
SALE03579,2023-03-27,S003,Northgate,P004,Tablet,Electronics,8,449.99,200.08,3599.92,1600.64,1999.28
SALE03580,2023-07-24,S001,Downtown,P005,T-Shirt,Clothing,8,19.99,10.94,159.92,87.52,72.4
SALE03581,2023-06-04,S003,Northgate,P004,Tablet,Electronics,8,449.99,200.08,3599.92,1600.64,1999.28
SALE03582,2023-09-30,S005,Southmall,P004,Tablet,Electronics,4,449.99,200.08,1799.96,800.32,999.64
SALE03583,2023-07-14,S004,Eastpark,P007,Jacket,Clothing,7,89.99,52.05,629.93,364.35,265.58
SALE03584,2023-08-31,S005,Southmall,P015,Olive Oil,Food,5,9.99,5.29,49.95,26.45,23.5
SALE03585,2023-03-16,S001,Downtown,P013,Protein Bar,Food,9,2.99,1.21,26.91,10.89,16.02
SALE03586,2023-08-11,S002,Westside,P011,Vacuum,Home,1,129.99,57.68,129.99,57.68,72.31
SALE03587,2023-05-28,S003,Northgate,P009,Coffee Maker,Home,8,59.99,29.06,479.92,232.48,247.44
SALE03588,2023-07-15,S001,Downtown,P004,Tablet,Electronics,6,449.99,200.08,2699.94,1200.48,1499.46
SALE03589,2023-09-29,S002,Westside,P004,Tablet,Electronics,1,449.99,200.08,449.99,200.08,249.91
SALE03590,2023-02-19,S002,Westside,P009,Coffee Maker,Home,9,59.99,29.06,539.91,261.54,278.37
SALE03591,2023-11-23,S004,Eastpark,P009,Coffee Maker,Home,6,59.99,29.06,359.94,174.36,185.58
SALE03592,2023-08-10,S004,Eastpark,P012,Lamp,Home,10,34.99,17.53,349.9,175.3,174.6
SALE03593,2023-11-30,S003,Northgate,P010,Blender,Home,5,39.99,16.23,199.95,81.15,118.8
SALE03594,2023-06-21,S002,Westside,P010,Blender,Home,5,39.99,16.23,199.95,81.15,118.8
SALE03595,2023-05-17,S004,Eastpark,P016,Granola,Food,2,6.99,3.56,13.98,7.12,6.86
SALE03596,2023-05-11,S005,Southmall,P009,Coffee Maker,Home,10,59.99,29.06,599.9,290.6,309.3
SALE03597,2023-07-20,S004,Eastpark,P012,Lamp,Home,8,34.99,17.53,279.92,140.24,139.68
SALE03598,2023-12-12,S005,Southmall,P004,Tablet,Electronics,4,449.99,200.08,1799.96,800.32,999.64
SALE03599,2023-12-11,S004,Eastpark,P013,Protein Bar,Food,10,2.99,1.21,29.9,12.1,17.8
SALE03600,2023-04-10,S004,Eastpark,P015,Olive Oil,Food,9,9.99,5.29,89.91,47.61,42.3
SALE03601,2023-06-22,S003,Northgate,P006,Jeans,Clothing,3,49.99,26.76,149.97,80.28,69.69
SALE03602,2023-06-10,S005,Southmall,P011,Vacuum,Home,9,129.99,57.68,1169.91,519.12,650.79
SALE03603,2023-01-06,S003,Northgate,P003,Smartwatch,Electronics,1,199.99,91.0,199.99,91.0,108.99
SALE03604,2023-02-04,S005,Southmall,P006,Jeans,Clothing,1,49.99,26.76,49.99,26.76,23.23
SALE03605,2023-07-30,S004,Eastpark,P001,Laptop,Electronics,2,899.99,475.09,1799.98,950.18,849.8
SALE03606,2023-09-26,S001,Downtown,P005,T-Shirt,Clothing,2,19.99,10.94,39.98,21.88,18.1
SALE03607,2023-12-17,S005,Southmall,P010,Blender,Home,8,39.99,16.23,319.92,129.84,190.08
SALE03608,2023-06-29,S002,Westside,P013,Protein Bar,Food,4,2.99,1.21,11.96,4.84,7.12
SALE03609,2023-05-26,S003,Northgate,P014,Coffee Beans,Food,5,14.99,6.59,74.95,32.95,42.0
SALE03610,2023-04-09,S004,Eastpark,P003,Smartwatch,Electronics,1,199.99,91.0,199.99,91.0,108.99
SALE03611,2023-01-13,S004,Eastpark,P016,Granola,Food,10,6.99,3.56,69.9,35.6,34.3
SALE03612,2023-02-17,S005,Southmall,P008,Sneakers,Clothing,1,69.99,29.21,69.99,29.21,40.78
SALE03613,2023-11-01,S002,Westside,P012,Lamp,Home,4,34.99,17.53,139.96,70.12,69.84
SALE03614,2023-11-03,S003,Northgate,P009,Coffee Maker,Home,2,59.99,29.06,119.98,58.12,61.86
SALE03615,2023-12-29,S003,Northgate,P004,Tablet,Electronics,2,449.99,200.08,899.98,400.16,499.82
SALE03616,2023-02-14,S003,Northgate,P010,Blender,Home,10,39.99,16.23,399.9,162.3,237.6
SALE03617,2023-03-08,S005,Southmall,P014,Coffee Beans,Food,7,14.99,6.59,104.93,46.13,58.8
SALE03618,2023-12-03,S004,Eastpark,P014,Coffee Beans,Food,10,14.99,6.59,149.9,65.9,84.0
SALE03619,2023-04-05,S001,Downtown,P013,Protein Bar,Food,2,2.99,1.21,5.98,2.42,3.56
SALE03620,2023-12-23,S004,Eastpark,P001,Laptop,Electronics,3,899.99,475.09,2699.97,1425.27,1274.7
SALE03621,2023-05-10,S003,Northgate,P009,Coffee Maker,Home,5,59.99,29.06,299.95,145.3,154.65
SALE03622,2023-08-28,S005,Southmall,P013,Protein Bar,Food,2,2.99,1.21,5.98,2.42,3.56
SALE03623,2023-11-24,S003,Northgate,P003,Smartwatch,Electronics,8,199.99,91.0,1599.92,728.0,871.92
SALE03624,2023-05-22,S001,Downtown,P013,Protein Bar,Food,7,2.99,1.21,20.93,8.47,12.46
SALE03625,2023-12-21,S004,Eastpark,P014,Coffee Beans,Food,6,14.99,6.59,89.94,39.54,50.4
SALE03626,2023-05-12,S002,Westside,P003,Smartwatch,Electronics,3,199.99,91.0,599.97,273.0,326.97
SALE03627,2023-02-07,S004,Eastpark,P016,Granola,Food,5,6.99,3.56,34.95,17.8,17.15
SALE03628,2023-02-01,S001,Downtown,P015,Olive Oil,Food,7,9.99,5.29,69.93,37.03,32.9
SALE03629,2023-07-18,S002,Westside,P002,Headphones,Electronics,6,79.99,32.4,479.94,194.4,285.54
SALE03630,2023-01-31,S002,Westside,P012,Lamp,Home,5,34.99,17.53,174.95,87.65,87.3
SALE03631,2023-05-16,S003,Northgate,P003,Smartwatch,Electronics,3,199.99,91.0,599.97,273.0,326.97
SALE03632,2023-08-14,S001,Downtown,P012,Lamp,Home,2,34.99,17.53,69.98,35.06,34.92
SALE03633,2023-09-09,S001,Downtown,P013,Protein Bar,Food,4,2.99,1.21,11.96,4.84,7.12
SALE03634,2023-11-09,S001,Downtown,P001,Laptop,Electronics,7,899.99,475.09,6299.93,3325.63,2974.3
SALE03635,2023-04-02,S002,Westside,P005,T-Shirt,Clothing,8,19.99,10.94,159.92,87.52,72.4
SALE03636,2023-02-25,S004,Eastpark,P004,Tablet,Electronics,3,449.99,200.08,1349.97,600.24,749.73
SALE03637,2023-10-04,S005,Southmall,P015,Olive Oil,Food,7,9.99,5.29,69.93,37.03,32.9
SALE03638,2023-04-22,S005,Southmall,P010,Blender,Home,10,39.99,16.23,399.9,162.3,237.6
SALE03639,2023-11-26,S002,Westside,P014,Coffee Beans,Food,2,14.99,6.59,29.98,13.18,16.8
SALE03640,2023-08-15,S004,Eastpark,P016,Granola,Food,5,6.99,3.56,34.95,17.8,17.15
SALE03641,2023-02-22,S001,Downtown,P012,Lamp,Home,1,34.99,17.53,34.99,17.53,17.46
SALE03642,2023-02-07,S004,Eastpark,P005,T-Shirt,Clothing,2,19.99,10.94,39.98,21.88,18.1
SALE03643,2023-10-20,S003,Northgate,P016,Granola,Food,5,6.99,3.56,34.95,17.8,17.15
SALE03644,2023-08-17,S001,Downtown,P010,Blender,Home,1,39.99,16.23,39.99,16.23,23.76
SALE03645,2023-09-12,S005,Southmall,P009,Coffee Maker,Home,3,59.99,29.06,179.97,87.18,92.79
SALE03646,2023-12-01,S003,Northgate,P009,Coffee Maker,Home,1,59.99,29.06,59.99,29.06,30.93
SALE03647,2023-01-20,S001,Downtown,P012,Lamp,Home,7,34.99,17.53,244.93,122.71,122.22
SALE03648,2023-05-17,S001,Downtown,P006,Jeans,Clothing,3,49.99,26.76,149.97,80.28,69.69
SALE03649,2023-12-25,S005,Southmall,P015,Olive Oil,Food,6,9.99,5.29,59.94,31.74,28.2
SALE03650,2023-07-20,S004,Eastpark,P001,Laptop,Electronics,10,899.99,475.09,8999.9,4750.9,4249.0
SALE03651,2023-01-02,S002,Westside,P014,Coffee Beans,Food,9,14.99,6.59,134.91,59.31,75.6
SALE03652,2023-12-29,S004,Eastpark,P010,Blender,Home,8,39.99,16.23,319.92,129.84,190.08
SALE03653,2023-09-02,S003,Northgate,P009,Coffee Maker,Home,7,59.99,29.06,419.93,203.42,216.51
SALE03654,2023-07-26,S002,Westside,P012,Lamp,Home,2,34.99,17.53,69.98,35.06,34.92
SALE03655,2023-10-04,S001,Downtown,P007,Jacket,Clothing,4,89.99,52.05,359.96,208.2,151.76
SALE03656,2023-01-02,S004,Eastpark,P010,Blender,Home,7,39.99,16.23,279.93,113.61,166.32
SALE03657,2023-12-19,S002,Westside,P015,Olive Oil,Food,8,9.99,5.29,79.92,42.32,37.6
SALE03658,2023-03-04,S004,Eastpark,P006,Jeans,Clothing,10,49.99,26.76,499.9,267.6,232.3
SALE03659,2023-10-02,S001,Downtown,P011,Vacuum,Home,6,129.99,57.68,779.94,346.08,433.86
SALE03660,2023-06-20,S001,Downtown,P004,Tablet,Electronics,5,449.99,200.08,2249.95,1000.4,1249.55
SALE03661,2023-07-25,S004,Eastpark,P001,Laptop,Electronics,1,899.99,475.09,899.99,475.09,424.9
SALE03662,2023-11-20,S002,Westside,P008,Sneakers,Clothing,2,69.99,29.21,139.98,58.42,81.56
SALE03663,2023-07-07,S001,Downtown,P003,Smartwatch,Electronics,9,199.99,91.0,1799.91,819.0,980.91
SALE03664,2023-06-24,S005,Southmall,P003,Smartwatch,Electronics,2,199.99,91.0,399.98,182.0,217.98
SALE03665,2023-08-24,S004,Eastpark,P013,Protein Bar,Food,5,2.99,1.21,14.95,6.05,8.9
SALE03666,2023-11-28,S001,Downtown,P009,Coffee Maker,Home,4,59.99,29.06,239.96,116.24,123.72
SALE03667,2023-04-01,S002,Westside,P011,Vacuum,Home,9,129.99,57.68,1169.91,519.12,650.79
SALE03668,2023-01-21,S003,Northgate,P005,T-Shirt,Clothing,7,19.99,10.94,139.93,76.58,63.35
SALE03669,2023-12-05,S005,Southmall,P012,Lamp,Home,4,34.99,17.53,139.96,70.12,69.84
SALE03670,2023-06-03,S003,Northgate,P011,Vacuum,Home,7,129.99,57.68,909.93,403.76,506.17
SALE03671,2023-02-24,S005,Southmall,P012,Lamp,Home,6,34.99,17.53,209.94,105.18,104.76
SALE03672,2023-09-07,S002,Westside,P010,Blender,Home,2,39.99,16.23,79.98,32.46,47.52
SALE03673,2023-11-20,S002,Westside,P016,Granola,Food,8,6.99,3.56,55.92,28.48,27.44
SALE03674,2023-04-08,S002,Westside,P001,Laptop,Electronics,3,899.99,475.09,2699.97,1425.27,1274.7
SALE03675,2023-01-19,S005,Southmall,P009,Coffee Maker,Home,4,59.99,29.06,239.96,116.24,123.72
SALE03676,2023-01-13,S004,Eastpark,P012,Lamp,Home,10,34.99,17.53,349.9,175.3,174.6
SALE03677,2023-05-03,S005,Southmall,P004,Tablet,Electronics,8,449.99,200.08,3599.92,1600.64,1999.28
SALE03678,2023-07-19,S004,Eastpark,P003,Smartwatch,Electronics,2,199.99,91.0,399.98,182.0,217.98
SALE03679,2023-10-04,S004,Eastpark,P008,Sneakers,Clothing,5,69.99,29.21,349.95,146.05,203.9
SALE03680,2023-09-13,S005,Southmall,P004,Tablet,Electronics,9,449.99,200.08,4049.91,1800.72,2249.19
SALE03681,2023-08-19,S004,Eastpark,P008,Sneakers,Clothing,1,69.99,29.21,69.99,29.21,40.78
SALE03682,2023-01-19,S003,Northgate,P012,Lamp,Home,6,34.99,17.53,209.94,105.18,104.76
SALE03683,2023-01-29,S004,Eastpark,P010,Blender,Home,6,39.99,16.23,239.94,97.38,142.56
SALE03684,2023-01-22,S002,Westside,P009,Coffee Maker,Home,7,59.99,29.06,419.93,203.42,216.51
SALE03685,2023-03-02,S003,Northgate,P001,Laptop,Electronics,4,899.99,475.09,3599.96,1900.36,1699.6
SALE03686,2023-12-01,S003,Northgate,P001,Laptop,Electronics,9,899.99,475.09,8099.91,4275.81,3824.1
SALE03687,2023-08-23,S005,Southmall,P001,Laptop,Electronics,9,899.99,475.09,8099.91,4275.81,3824.1
SALE03688,2023-03-18,S005,Southmall,P012,Lamp,Home,10,34.99,17.53,349.9,175.3,174.6
SALE03689,2023-04-30,S004,Eastpark,P012,Lamp,Home,2,34.99,17.53,69.98,35.06,34.92
SALE03690,2023-01-19,S003,Northgate,P009,Coffee Maker,Home,3,59.99,29.06,179.97,87.18,92.79
SALE03691,2023-09-08,S005,Southmall,P014,Coffee Beans,Food,1,14.99,6.59,14.99,6.59,8.4
SALE03692,2023-08-30,S005,Southmall,P003,Smartwatch,Electronics,10,199.99,91.0,1999.9,910.0,1089.9
SALE03693,2023-01-24,S005,Southmall,P016,Granola,Food,4,6.99,3.56,27.96,14.24,13.72
SALE03694,2023-12-26,S005,Southmall,P005,T-Shirt,Clothing,3,19.99,10.94,59.97,32.82,27.15
SALE03695,2023-01-08,S002,Westside,P001,Laptop,Electronics,3,899.99,475.09,2699.97,1425.27,1274.7
SALE03696,2023-11-20,S004,Eastpark,P011,Vacuum,Home,1,129.99,57.68,129.99,57.68,72.31
SALE03697,2023-06-07,S001,Downtown,P010,Blender,Home,2,39.99,16.23,79.98,32.46,47.52
SALE03698,2023-08-22,S005,Southmall,P008,Sneakers,Clothing,10,69.99,29.21,699.9,292.1,407.8
SALE03699,2023-03-29,S001,Downtown,P008,Sneakers,Clothing,10,69.99,29.21,699.9,292.1,407.8
SALE03700,2023-02-02,S004,Eastpark,P008,Sneakers,Clothing,2,69.99,29.21,139.98,58.42,81.56
SALE03701,2023-02-28,S003,Northgate,P015,Olive Oil,Food,8,9.99,5.29,79.92,42.32,37.6
SALE03702,2023-11-01,S001,Downtown,P015,Olive Oil,Food,10,9.99,5.29,99.9,52.9,47.0
SALE03703,2023-04-23,S003,Northgate,P003,Smartwatch,Electronics,2,199.99,91.0,399.98,182.0,217.98
SALE03704,2023-04-14,S002,Westside,P007,Jacket,Clothing,7,89.99,52.05,629.93,364.35,265.58
SALE03705,2023-06-22,S003,Northgate,P013,Protein Bar,Food,7,2.99,1.21,20.93,8.47,12.46
SALE03706,2023-06-16,S004,Eastpark,P004,Tablet,Electronics,2,449.99,200.08,899.98,400.16,499.82
SALE03707,2023-12-17,S004,Eastpark,P012,Lamp,Home,10,34.99,17.53,349.9,175.3,174.6
SALE03708,2023-10-07,S001,Downtown,P004,Tablet,Electronics,3,449.99,200.08,1349.97,600.24,749.73
SALE03709,2023-06-14,S005,Southmall,P002,Headphones,Electronics,4,79.99,32.4,319.96,129.6,190.36
SALE03710,2023-01-24,S005,Southmall,P009,Coffee Maker,Home,10,59.99,29.06,599.9,290.6,309.3
SALE03711,2023-03-30,S001,Downtown,P012,Lamp,Home,6,34.99,17.53,209.94,105.18,104.76
SALE03712,2023-02-02,S002,Westside,P008,Sneakers,Clothing,2,69.99,29.21,139.98,58.42,81.56
SALE03713,2023-05-21,S002,Westside,P007,Jacket,Clothing,3,89.99,52.05,269.97,156.15,113.82
SALE03714,2023-08-01,S002,Westside,P002,Headphones,Electronics,3,79.99,32.4,239.97,97.2,142.77
SALE03715,2023-12-23,S002,Westside,P012,Lamp,Home,6,34.99,17.53,209.94,105.18,104.76
SALE03716,2023-10-11,S001,Downtown,P004,Tablet,Electronics,3,449.99,200.08,1349.97,600.24,749.73
SALE03717,2023-08-13,S005,Southmall,P006,Jeans,Clothing,4,49.99,26.76,199.96,107.04,92.92
SALE03718,2023-10-25,S004,Eastpark,P007,Jacket,Clothing,1,89.99,52.05,89.99,52.05,37.94
SALE03719,2023-03-10,S003,Northgate,P015,Olive Oil,Food,2,9.99,5.29,19.98,10.58,9.4
SALE03720,2023-11-20,S002,Westside,P001,Laptop,Electronics,10,899.99,475.09,8999.9,4750.9,4249.0
SALE03721,2023-07-12,S004,Eastpark,P016,Granola,Food,3,6.99,3.56,20.97,10.68,10.29
SALE03722,2023-01-09,S001,Downtown,P004,Tablet,Electronics,8,449.99,200.08,3599.92,1600.64,1999.28
SALE03723,2023-02-11,S002,Westside,P011,Vacuum,Home,1,129.99,57.68,129.99,57.68,72.31
SALE03724,2023-01-04,S003,Northgate,P006,Jeans,Clothing,3,49.99,26.76,149.97,80.28,69.69
SALE03725,2023-02-15,S005,Southmall,P001,Laptop,Electronics,10,899.99,475.09,8999.9,4750.9,4249.0
SALE03726,2023-05-26,S004,Eastpark,P005,T-Shirt,Clothing,7,19.99,10.94,139.93,76.58,63.35
SALE03727,2023-12-22,S001,Downtown,P012,Lamp,Home,8,34.99,17.53,279.92,140.24,139.68
SALE03728,2023-12-21,S005,Southmall,P014,Coffee Beans,Food,3,14.99,6.59,44.97,19.77,25.2
SALE03729,2023-04-16,S005,Southmall,P008,Sneakers,Clothing,3,69.99,29.21,209.97,87.63,122.34
SALE03730,2023-11-24,S001,Downtown,P008,Sneakers,Clothing,5,69.99,29.21,349.95,146.05,203.9
SALE03731,2023-09-25,S002,Westside,P010,Blender,Home,8,39.99,16.23,319.92,129.84,190.08
SALE03732,2023-07-30,S004,Eastpark,P014,Coffee Beans,Food,4,14.99,6.59,59.96,26.36,33.6
SALE03733,2023-03-31,S002,Westside,P007,Jacket,Clothing,10,89.99,52.05,899.9,520.5,379.4
SALE03734,2023-12-21,S001,Downtown,P013,Protein Bar,Food,1,2.99,1.21,2.99,1.21,1.78
SALE03735,2023-11-02,S003,Northgate,P009,Coffee Maker,Home,3,59.99,29.06,179.97,87.18,92.79
SALE03736,2023-09-13,S002,Westside,P005,T-Shirt,Clothing,10,19.99,10.94,199.9,109.4,90.5
SALE03737,2023-02-15,S003,Northgate,P001,Laptop,Electronics,5,899.99,475.09,4499.95,2375.45,2124.5
SALE03738,2023-06-28,S004,Eastpark,P002,Headphones,Electronics,7,79.99,32.4,559.93,226.8,333.13
SALE03739,2023-01-03,S002,Westside,P011,Vacuum,Home,9,129.99,57.68,1169.91,519.12,650.79
SALE03740,2023-05-01,S004,Eastpark,P009,Coffee Maker,Home,4,59.99,29.06,239.96,116.24,123.72
SALE03741,2023-03-02,S003,Northgate,P015,Olive Oil,Food,9,9.99,5.29,89.91,47.61,42.3
SALE03742,2023-02-18,S004,Eastpark,P007,Jacket,Clothing,10,89.99,52.05,899.9,520.5,379.4
SALE03743,2023-07-05,S001,Downtown,P014,Coffee Beans,Food,9,14.99,6.59,134.91,59.31,75.6
SALE03744,2023-09-17,S002,Westside,P001,Laptop,Electronics,4,899.99,475.09,3599.96,1900.36,1699.6
SALE03745,2023-08-26,S003,Northgate,P002,Headphones,Electronics,4,79.99,32.4,319.96,129.6,190.36
SALE03746,2023-05-22,S001,Downtown,P015,Olive Oil,Food,1,9.99,5.29,9.99,5.29,4.7
SALE03747,2023-04-10,S001,Downtown,P005,T-Shirt,Clothing,2,19.99,10.94,39.98,21.88,18.1
SALE03748,2023-03-18,S003,Northgate,P012,Lamp,Home,8,34.99,17.53,279.92,140.24,139.68
SALE03749,2023-09-12,S003,Northgate,P002,Headphones,Electronics,3,79.99,32.4,239.97,97.2,142.77
SALE03750,2023-03-23,S004,Eastpark,P014,Coffee Beans,Food,1,14.99,6.59,14.99,6.59,8.4
SALE03751,2023-01-28,S002,Westside,P001,Laptop,Electronics,6,899.99,475.09,5399.94,2850.54,2549.4
SALE03752,2023-05-26,S004,Eastpark,P002,Headphones,Electronics,4,79.99,32.4,319.96,129.6,190.36
SALE03753,2023-08-11,S001,Downtown,P003,Smartwatch,Electronics,5,199.99,91.0,999.95,455.0,544.95
SALE03754,2023-06-21,S003,Northgate,P001,Laptop,Electronics,10,899.99,475.09,8999.9,4750.9,4249.0
SALE03755,2023-08-21,S005,Southmall,P012,Lamp,Home,1,34.99,17.53,34.99,17.53,17.46
SALE03756,2023-02-23,S003,Northgate,P013,Protein Bar,Food,1,2.99,1.21,2.99,1.21,1.78
SALE03757,2023-10-03,S001,Downtown,P010,Blender,Home,3,39.99,16.23,119.97,48.69,71.28
SALE03758,2023-03-22,S001,Downtown,P012,Lamp,Home,1,34.99,17.53,34.99,17.53,17.46
SALE03759,2023-09-06,S004,Eastpark,P007,Jacket,Clothing,9,89.99,52.05,809.91,468.45,341.46
SALE03760,2023-03-01,S001,Downtown,P001,Laptop,Electronics,2,899.99,475.09,1799.98,950.18,849.8
SALE03761,2023-05-01,S005,Southmall,P006,Jeans,Clothing,8,49.99,26.76,399.92,214.08,185.84
SALE03762,2023-10-31,S004,Eastpark,P002,Headphones,Electronics,10,79.99,32.4,799.9,324.0,475.9
SALE03763,2023-06-16,S004,Eastpark,P010,Blender,Home,7,39.99,16.23,279.93,113.61,166.32
SALE03764,2023-04-12,S002,Westside,P012,Lamp,Home,6,34.99,17.53,209.94,105.18,104.76
SALE03765,2023-04-28,S004,Eastpark,P012,Lamp,Home,2,34.99,17.53,69.98,35.06,34.92
SALE03766,2023-06-16,S005,Southmall,P015,Olive Oil,Food,4,9.99,5.29,39.96,21.16,18.8
SALE03767,2023-02-20,S004,Eastpark,P011,Vacuum,Home,4,129.99,57.68,519.96,230.72,289.24
SALE03768,2023-07-31,S002,Westside,P002,Headphones,Electronics,4,79.99,32.4,319.96,129.6,190.36
SALE03769,2023-07-12,S002,Westside,P013,Protein Bar,Food,4,2.99,1.21,11.96,4.84,7.12
SALE03770,2023-02-07,S005,Southmall,P016,Granola,Food,8,6.99,3.56,55.92,28.48,27.44
SALE03771,2023-10-27,S003,Northgate,P013,Protein Bar,Food,8,2.99,1.21,23.92,9.68,14.24
SALE03772,2023-01-28,S003,Northgate,P011,Vacuum,Home,7,129.99,57.68,909.93,403.76,506.17
SALE03773,2023-03-16,S004,Eastpark,P015,Olive Oil,Food,4,9.99,5.29,39.96,21.16,18.8
SALE03774,2023-11-09,S005,Southmall,P013,Protein Bar,Food,8,2.99,1.21,23.92,9.68,14.24
SALE03775,2023-04-02,S004,Eastpark,P012,Lamp,Home,7,34.99,17.53,244.93,122.71,122.22
SALE03776,2023-07-11,S005,Southmall,P008,Sneakers,Clothing,3,69.99,29.21,209.97,87.63,122.34
SALE03777,2023-08-23,S005,Southmall,P004,Tablet,Electronics,4,449.99,200.08,1799.96,800.32,999.64
SALE03778,2023-11-20,S005,Southmall,P014,Coffee Beans,Food,6,14.99,6.59,89.94,39.54,50.4
SALE03779,2023-05-19,S001,Downtown,P008,Sneakers,Clothing,4,69.99,29.21,279.96,116.84,163.12
SALE03780,2023-06-21,S002,Westside,P005,T-Shirt,Clothing,3,19.99,10.94,59.97,32.82,27.15
SALE03781,2023-01-17,S001,Downtown,P014,Coffee Beans,Food,10,14.99,6.59,149.9,65.9,84.0
SALE03782,2023-01-31,S001,Downtown,P002,Headphones,Electronics,5,79.99,32.4,399.95,162.0,237.95
SALE03783,2023-03-11,S004,Eastpark,P015,Olive Oil,Food,2,9.99,5.29,19.98,10.58,9.4
SALE03784,2023-08-27,S001,Downtown,P002,Headphones,Electronics,8,79.99,32.4,639.92,259.2,380.72
SALE03785,2023-08-03,S004,Eastpark,P005,T-Shirt,Clothing,3,19.99,10.94,59.97,32.82,27.15
SALE03786,2023-06-25,S005,Southmall,P009,Coffee Maker,Home,4,59.99,29.06,239.96,116.24,123.72
SALE03787,2023-06-01,S003,Northgate,P008,Sneakers,Clothing,10,69.99,29.21,699.9,292.1,407.8
SALE03788,2023-03-22,S001,Downtown,P015,Olive Oil,Food,10,9.99,5.29,99.9,52.9,47.0
SALE03789,2023-03-29,S002,Westside,P006,Jeans,Clothing,10,49.99,26.76,499.9,267.6,232.3
SALE03790,2023-10-11,S005,Southmall,P012,Lamp,Home,4,34.99,17.53,139.96,70.12,69.84
SALE03791,2023-02-14,S004,Eastpark,P016,Granola,Food,7,6.99,3.56,48.93,24.92,24.01
SALE03792,2023-09-25,S003,Northgate,P008,Sneakers,Clothing,8,69.99,29.21,559.92,233.68,326.24
SALE03793,2023-04-21,S004,Eastpark,P008,Sneakers,Clothing,10,69.99,29.21,699.9,292.1,407.8
SALE03794,2023-08-31,S001,Downtown,P004,Tablet,Electronics,8,449.99,200.08,3599.92,1600.64,1999.28
SALE03795,2023-05-23,S002,Westside,P009,Coffee Maker,Home,1,59.99,29.06,59.99,29.06,30.93
SALE03796,2023-08-08,S003,Northgate,P003,Smartwatch,Electronics,4,199.99,91.0,799.96,364.0,435.96
SALE03797,2023-05-07,S001,Downtown,P006,Jeans,Clothing,6,49.99,26.76,299.94,160.56,139.38
SALE03798,2023-08-11,S005,Southmall,P011,Vacuum,Home,10,129.99,57.68,1299.9,576.8,723.1
SALE03799,2023-04-24,S002,Westside,P012,Lamp,Home,10,34.99,17.53,349.9,175.3,174.6
SALE03800,2023-03-18,S002,Westside,P003,Smartwatch,Electronics,10,199.99,91.0,1999.9,910.0,1089.9
SALE03801,2023-01-03,S001,Downtown,P014,Coffee Beans,Food,7,14.99,6.59,104.93,46.13,58.8
SALE03802,2023-01-23,S003,Northgate,P002,Headphones,Electronics,1,79.99,32.4,79.99,32.4,47.59
SALE03803,2023-08-29,S005,Southmall,P015,Olive Oil,Food,9,9.99,5.29,89.91,47.61,42.3
SALE03804,2023-01-18,S002,Westside,P008,Sneakers,Clothing,7,69.99,29.21,489.93,204.47,285.46
SALE03805,2023-09-29,S003,Northgate,P005,T-Shirt,Clothing,7,19.99,10.94,139.93,76.58,63.35
SALE03806,2023-09-03,S001,Downtown,P015,Olive Oil,Food,2,9.99,5.29,19.98,10.58,9.4
SALE03807,2023-08-20,S001,Downtown,P009,Coffee Maker,Home,8,59.99,29.06,479.92,232.48,247.44
SALE03808,2023-05-04,S003,Northgate,P005,T-Shirt,Clothing,2,19.99,10.94,39.98,21.88,18.1
SALE03809,2023-10-13,S003,Northgate,P014,Coffee Beans,Food,1,14.99,6.59,14.99,6.59,8.4
SALE03810,2023-12-21,S001,Downtown,P002,Headphones,Electronics,7,79.99,32.4,559.93,226.8,333.13
SALE03811,2023-04-22,S003,Northgate,P005,T-Shirt,Clothing,3,19.99,10.94,59.97,32.82,27.15
SALE03812,2023-07-03,S004,Eastpark,P003,Smartwatch,Electronics,5,199.99,91.0,999.95,455.0,544.95
SALE03813,2023-05-03,S002,Westside,P003,Smartwatch,Electronics,2,199.99,91.0,399.98,182.0,217.98
SALE03814,2023-01-09,S005,Southmall,P002,Headphones,Electronics,8,79.99,32.4,639.92,259.2,380.72
SALE03815,2023-12-09,S002,Westside,P011,Vacuum,Home,5,129.99,57.68,649.95,288.4,361.55
SALE03816,2023-03-24,S004,Eastpark,P003,Smartwatch,Electronics,8,199.99,91.0,1599.92,728.0,871.92
SALE03817,2023-10-20,S001,Downtown,P014,Coffee Beans,Food,10,14.99,6.59,149.9,65.9,84.0
SALE03818,2023-01-13,S004,Eastpark,P001,Laptop,Electronics,8,899.99,475.09,7199.92,3800.72,3399.2
SALE03819,2023-08-26,S005,Southmall,P008,Sneakers,Clothing,3,69.99,29.21,209.97,87.63,122.34
SALE03820,2023-12-27,S003,Northgate,P010,Blender,Home,7,39.99,16.23,279.93,113.61,166.32
SALE03821,2023-04-05,S001,Downtown,P003,Smartwatch,Electronics,6,199.99,91.0,1199.94,546.0,653.94
SALE03822,2023-11-17,S002,Westside,P008,Sneakers,Clothing,8,69.99,29.21,559.92,233.68,326.24
SALE03823,2023-12-27,S004,Eastpark,P016,Granola,Food,1,6.99,3.56,6.99,3.56,3.43
SALE03824,2023-11-18,S004,Eastpark,P016,Granola,Food,2,6.99,3.56,13.98,7.12,6.86
SALE03825,2023-07-17,S001,Downtown,P013,Protein Bar,Food,6,2.99,1.21,17.94,7.26,10.68
SALE03826,2023-09-29,S002,Westside,P010,Blender,Home,1,39.99,16.23,39.99,16.23,23.76
SALE03827,2023-06-01,S004,Eastpark,P012,Lamp,Home,7,34.99,17.53,244.93,122.71,122.22
SALE03828,2023-05-19,S002,Westside,P004,Tablet,Electronics,10,449.99,200.08,4499.9,2000.8,2499.1
SALE03829,2023-10-05,S005,Southmall,P001,Laptop,Electronics,10,899.99,475.09,8999.9,4750.9,4249.0
SALE03830,2023-04-17,S001,Downtown,P004,Tablet,Electronics,2,449.99,200.08,899.98,400.16,499.82
SALE03831,2023-11-14,S005,Southmall,P004,Tablet,Electronics,6,449.99,200.08,2699.94,1200.48,1499.46
SALE03832,2023-01-29,S001,Downtown,P014,Coffee Beans,Food,9,14.99,6.59,134.91,59.31,75.6
SALE03833,2023-12-12,S005,Southmall,P013,Protein Bar,Food,6,2.99,1.21,17.94,7.26,10.68
SALE03834,2023-01-27,S001,Downtown,P001,Laptop,Electronics,2,899.99,475.09,1799.98,950.18,849.8
SALE03835,2023-07-16,S003,Northgate,P007,Jacket,Clothing,6,89.99,52.05,539.94,312.3,227.64
SALE03836,2023-08-27,S004,Eastpark,P010,Blender,Home,10,39.99,16.23,399.9,162.3,237.6
SALE03837,2023-01-21,S001,Downtown,P006,Jeans,Clothing,6,49.99,26.76,299.94,160.56,139.38
SALE03838,2023-07-07,S004,Eastpark,P014,Coffee Beans,Food,3,14.99,6.59,44.97,19.77,25.2
SALE03839,2023-11-28,S005,Southmall,P016,Granola,Food,9,6.99,3.56,62.91,32.04,30.87
SALE03840,2023-12-27,S002,Westside,P010,Blender,Home,2,39.99,16.23,79.98,32.46,47.52
SALE03841,2023-10-15,S003,Northgate,P014,Coffee Beans,Food,4,14.99,6.59,59.96,26.36,33.6
SALE03842,2023-03-12,S001,Downtown,P016,Granola,Food,6,6.99,3.56,41.94,21.36,20.58
SALE03843,2023-05-03,S005,Southmall,P006,Jeans,Clothing,9,49.99,26.76,449.91,240.84,209.07
SALE03844,2023-02-28,S001,Downtown,P004,Tablet,Electronics,8,449.99,200.08,3599.92,1600.64,1999.28
SALE03845,2023-10-25,S002,Westside,P016,Granola,Food,4,6.99,3.56,27.96,14.24,13.72
SALE03846,2023-04-26,S003,Northgate,P009,Coffee Maker,Home,6,59.99,29.06,359.94,174.36,185.58
SALE03847,2023-06-30,S002,Westside,P016,Granola,Food,5,6.99,3.56,34.95,17.8,17.15
SALE03848,2023-09-15,S005,Southmall,P009,Coffee Maker,Home,7,59.99,29.06,419.93,203.42,216.51
SALE03849,2023-05-22,S002,Westside,P016,Granola,Food,1,6.99,3.56,6.99,3.56,3.43
SALE03850,2023-02-02,S003,Northgate,P005,T-Shirt,Clothing,6,19.99,10.94,119.94,65.64,54.3
SALE03851,2023-06-26,S001,Downtown,P001,Laptop,Electronics,8,899.99,475.09,7199.92,3800.72,3399.2
SALE03852,2023-09-06,S002,Westside,P013,Protein Bar,Food,9,2.99,1.21,26.91,10.89,16.02
SALE03853,2023-09-27,S003,Northgate,P004,Tablet,Electronics,2,449.99,200.08,899.98,400.16,499.82
SALE03854,2023-08-29,S002,Westside,P013,Protein Bar,Food,9,2.99,1.21,26.91,10.89,16.02
SALE03855,2023-12-14,S004,Eastpark,P005,T-Shirt,Clothing,9,19.99,10.94,179.91,98.46,81.45
SALE03856,2023-05-30,S003,Northgate,P003,Smartwatch,Electronics,8,199.99,91.0,1599.92,728.0,871.92
SALE03857,2023-11-14,S003,Northgate,P012,Lamp,Home,6,34.99,17.53,209.94,105.18,104.76
SALE03858,2023-12-11,S005,Southmall,P011,Vacuum,Home,2,129.99,57.68,259.98,115.36,144.62
SALE03859,2023-04-07,S002,Westside,P015,Olive Oil,Food,8,9.99,5.29,79.92,42.32,37.6
SALE03860,2023-02-14,S001,Downtown,P005,T-Shirt,Clothing,2,19.99,10.94,39.98,21.88,18.1
SALE03861,2023-07-20,S004,Eastpark,P015,Olive Oil,Food,3,9.99,5.29,29.97,15.87,14.1
SALE03862,2023-05-28,S001,Downtown,P001,Laptop,Electronics,2,899.99,475.09,1799.98,950.18,849.8
SALE03863,2023-02-25,S005,Southmall,P015,Olive Oil,Food,3,9.99,5.29,29.97,15.87,14.1
SALE03864,2023-05-22,S004,Eastpark,P001,Laptop,Electronics,2,899.99,475.09,1799.98,950.18,849.8
SALE03865,2023-12-23,S003,Northgate,P008,Sneakers,Clothing,3,69.99,29.21,209.97,87.63,122.34
SALE03866,2023-09-12,S005,Southmall,P001,Laptop,Electronics,3,899.99,475.09,2699.97,1425.27,1274.7
SALE03867,2023-04-15,S002,Westside,P001,Laptop,Electronics,9,899.99,475.09,8099.91,4275.81,3824.1
SALE03868,2023-11-18,S001,Downtown,P011,Vacuum,Home,1,129.99,57.68,129.99,57.68,72.31
SALE03869,2023-05-31,S002,Westside,P003,Smartwatch,Electronics,7,199.99,91.0,1399.93,637.0,762.93
SALE03870,2023-12-16,S001,Downtown,P007,Jacket,Clothing,9,89.99,52.05,809.91,468.45,341.46
SALE03871,2023-03-09,S001,Downtown,P013,Protein Bar,Food,8,2.99,1.21,23.92,9.68,14.24
SALE03872,2023-06-27,S003,Northgate,P015,Olive Oil,Food,7,9.99,5.29,69.93,37.03,32.9
SALE03873,2023-08-16,S001,Downtown,P005,T-Shirt,Clothing,1,19.99,10.94,19.99,10.94,9.05
SALE03874,2023-05-30,S002,Westside,P016,Granola,Food,4,6.99,3.56,27.96,14.24,13.72
SALE03875,2023-02-02,S003,Northgate,P014,Coffee Beans,Food,1,14.99,6.59,14.99,6.59,8.4
SALE03876,2023-04-29,S001,Downtown,P005,T-Shirt,Clothing,9,19.99,10.94,179.91,98.46,81.45
SALE03877,2023-11-27,S003,Northgate,P014,Coffee Beans,Food,6,14.99,6.59,89.94,39.54,50.4
SALE03878,2023-07-30,S005,Southmall,P006,Jeans,Clothing,10,49.99,26.76,499.9,267.6,232.3
SALE03879,2023-06-25,S003,Northgate,P010,Blender,Home,6,39.99,16.23,239.94,97.38,142.56
SALE03880,2023-09-06,S002,Westside,P016,Granola,Food,10,6.99,3.56,69.9,35.6,34.3
SALE03881,2023-12-07,S005,Southmall,P009,Coffee Maker,Home,9,59.99,29.06,539.91,261.54,278.37
SALE03882,2023-10-08,S001,Downtown,P006,Jeans,Clothing,8,49.99,26.76,399.92,214.08,185.84
SALE03883,2023-08-23,S004,Eastpark,P002,Headphones,Electronics,5,79.99,32.4,399.95,162.0,237.95
SALE03884,2023-10-18,S004,Eastpark,P007,Jacket,Clothing,3,89.99,52.05,269.97,156.15,113.82
SALE03885,2023-06-06,S002,Westside,P006,Jeans,Clothing,3,49.99,26.76,149.97,80.28,69.69
SALE03886,2023-05-14,S005,Southmall,P013,Protein Bar,Food,4,2.99,1.21,11.96,4.84,7.12
SALE03887,2023-09-05,S001,Downtown,P004,Tablet,Electronics,6,449.99,200.08,2699.94,1200.48,1499.46
SALE03888,2023-05-28,S002,Westside,P009,Coffee Maker,Home,1,59.99,29.06,59.99,29.06,30.93
SALE03889,2023-03-17,S002,Westside,P012,Lamp,Home,6,34.99,17.53,209.94,105.18,104.76
SALE03890,2023-05-26,S005,Southmall,P016,Granola,Food,8,6.99,3.56,55.92,28.48,27.44
SALE03891,2023-03-27,S003,Northgate,P002,Headphones,Electronics,10,79.99,32.4,799.9,324.0,475.9
SALE03892,2023-03-24,S004,Eastpark,P016,Granola,Food,9,6.99,3.56,62.91,32.04,30.87
SALE03893,2023-05-27,S002,Westside,P005,T-Shirt,Clothing,3,19.99,10.94,59.97,32.82,27.15
SALE03894,2023-03-31,S003,Northgate,P001,Laptop,Electronics,3,899.99,475.09,2699.97,1425.27,1274.7
SALE03895,2023-03-24,S003,Northgate,P012,Lamp,Home,4,34.99,17.53,139.96,70.12,69.84
SALE03896,2023-03-01,S003,Northgate,P010,Blender,Home,1,39.99,16.23,39.99,16.23,23.76
SALE03897,2023-06-12,S004,Eastpark,P011,Vacuum,Home,10,129.99,57.68,1299.9,576.8,723.1
SALE03898,2023-03-06,S004,Eastpark,P002,Headphones,Electronics,8,79.99,32.4,639.92,259.2,380.72
SALE03899,2023-05-14,S002,Westside,P008,Sneakers,Clothing,6,69.99,29.21,419.94,175.26,244.68
SALE03900,2023-04-05,S003,Northgate,P010,Blender,Home,4,39.99,16.23,159.96,64.92,95.04
SALE03901,2023-10-15,S004,Eastpark,P016,Granola,Food,1,6.99,3.56,6.99,3.56,3.43
SALE03902,2023-12-07,S004,Eastpark,P010,Blender,Home,6,39.99,16.23,239.94,97.38,142.56
SALE03903,2023-06-26,S005,Southmall,P011,Vacuum,Home,3,129.99,57.68,389.97,173.04,216.93
SALE03904,2023-07-10,S004,Eastpark,P006,Jeans,Clothing,8,49.99,26.76,399.92,214.08,185.84
SALE03905,2023-10-04,S004,Eastpark,P002,Headphones,Electronics,3,79.99,32.4,239.97,97.2,142.77
SALE03906,2023-10-01,S004,Eastpark,P014,Coffee Beans,Food,5,14.99,6.59,74.95,32.95,42.0
SALE03907,2023-03-04,S003,Northgate,P006,Jeans,Clothing,1,49.99,26.76,49.99,26.76,23.23
SALE03908,2023-07-27,S004,Eastpark,P003,Smartwatch,Electronics,8,199.99,91.0,1599.92,728.0,871.92
SALE03909,2023-03-16,S005,Southmall,P013,Protein Bar,Food,8,2.99,1.21,23.92,9.68,14.24
SALE03910,2023-06-13,S003,Northgate,P016,Granola,Food,3,6.99,3.56,20.97,10.68,10.29
SALE03911,2023-01-03,S003,Northgate,P010,Blender,Home,9,39.99,16.23,359.91,146.07,213.84
SALE03912,2023-09-17,S005,Southmall,P001,Laptop,Electronics,6,899.99,475.09,5399.94,2850.54,2549.4
SALE03913,2023-11-28,S005,Southmall,P005,T-Shirt,Clothing,5,19.99,10.94,99.95,54.7,45.25
SALE03914,2023-08-31,S002,Westside,P004,Tablet,Electronics,5,449.99,200.08,2249.95,1000.4,1249.55
SALE03915,2023-10-21,S001,Downtown,P005,T-Shirt,Clothing,3,19.99,10.94,59.97,32.82,27.15
SALE03916,2023-10-17,S002,Westside,P003,Smartwatch,Electronics,8,199.99,91.0,1599.92,728.0,871.92
SALE03917,2023-06-23,S004,Eastpark,P002,Headphones,Electronics,2,79.99,32.4,159.98,64.8,95.18
SALE03918,2023-09-03,S003,Northgate,P010,Blender,Home,1,39.99,16.23,39.99,16.23,23.76
SALE03919,2023-03-13,S004,Eastpark,P011,Vacuum,Home,9,129.99,57.68,1169.91,519.12,650.79
SALE03920,2023-03-01,S001,Downtown,P001,Laptop,Electronics,5,899.99,475.09,4499.95,2375.45,2124.5
SALE03921,2023-01-13,S004,Eastpark,P010,Blender,Home,7,39.99,16.23,279.93,113.61,166.32
SALE03922,2023-11-13,S004,Eastpark,P006,Jeans,Clothing,4,49.99,26.76,199.96,107.04,92.92
SALE03923,2023-08-17,S005,Southmall,P006,Jeans,Clothing,6,49.99,26.76,299.94,160.56,139.38
SALE03924,2023-02-17,S002,Westside,P015,Olive Oil,Food,6,9.99,5.29,59.94,31.74,28.2
SALE03925,2023-01-29,S002,Westside,P010,Blender,Home,10,39.99,16.23,399.9,162.3,237.6
SALE03926,2023-11-25,S005,Southmall,P004,Tablet,Electronics,4,449.99,200.08,1799.96,800.32,999.64
SALE03927,2023-10-26,S003,Northgate,P004,Tablet,Electronics,9,449.99,200.08,4049.91,1800.72,2249.19
SALE03928,2023-04-24,S001,Downtown,P002,Headphones,Electronics,5,79.99,32.4,399.95,162.0,237.95
SALE03929,2023-04-11,S005,Southmall,P002,Headphones,Electronics,1,79.99,32.4,79.99,32.4,47.59
SALE03930,2023-02-12,S002,Westside,P001,Laptop,Electronics,9,899.99,475.09,8099.91,4275.81,3824.1
SALE03931,2023-08-17,S004,Eastpark,P001,Laptop,Electronics,2,899.99,475.09,1799.98,950.18,849.8
SALE03932,2023-09-20,S005,Southmall,P003,Smartwatch,Electronics,7,199.99,91.0,1399.93,637.0,762.93
SALE03933,2023-04-10,S002,Westside,P003,Smartwatch,Electronics,8,199.99,91.0,1599.92,728.0,871.92
SALE03934,2023-06-12,S001,Downtown,P007,Jacket,Clothing,10,89.99,52.05,899.9,520.5,379.4
SALE03935,2023-11-06,S004,Eastpark,P015,Olive Oil,Food,9,9.99,5.29,89.91,47.61,42.3
SALE03936,2023-01-29,S005,Southmall,P008,Sneakers,Clothing,6,69.99,29.21,419.94,175.26,244.68
SALE03937,2023-07-23,S001,Downtown,P016,Granola,Food,3,6.99,3.56,20.97,10.68,10.29
SALE03938,2023-08-07,S002,Westside,P015,Olive Oil,Food,6,9.99,5.29,59.94,31.74,28.2
SALE03939,2023-07-17,S001,Downtown,P016,Granola,Food,6,6.99,3.56,41.94,21.36,20.58
SALE03940,2023-01-07,S001,Downtown,P004,Tablet,Electronics,5,449.99,200.08,2249.95,1000.4,1249.55
SALE03941,2023-06-26,S001,Downtown,P010,Blender,Home,6,39.99,16.23,239.94,97.38,142.56
SALE03942,2023-06-07,S004,Eastpark,P010,Blender,Home,8,39.99,16.23,319.92,129.84,190.08
SALE03943,2023-10-15,S003,Northgate,P006,Jeans,Clothing,2,49.99,26.76,99.98,53.52,46.46
SALE03944,2023-04-21,S002,Westside,P001,Laptop,Electronics,8,899.99,475.09,7199.92,3800.72,3399.2
SALE03945,2023-08-01,S001,Downtown,P002,Headphones,Electronics,8,79.99,32.4,639.92,259.2,380.72
SALE03946,2023-05-28,S001,Downtown,P001,Laptop,Electronics,3,899.99,475.09,2699.97,1425.27,1274.7
SALE03947,2023-08-06,S002,Westside,P012,Lamp,Home,7,34.99,17.53,244.93,122.71,122.22
SALE03948,2023-03-13,S001,Downtown,P016,Granola,Food,10,6.99,3.56,69.9,35.6,34.3
SALE03949,2023-11-03,S003,Northgate,P006,Jeans,Clothing,2,49.99,26.76,99.98,53.52,46.46
SALE03950,2023-03-15,S003,Northgate,P003,Smartwatch,Electronics,4,199.99,91.0,799.96,364.0,435.96
SALE03951,2023-06-05,S001,Downtown,P010,Blender,Home,8,39.99,16.23,319.92,129.84,190.08
SALE03952,2023-09-26,S004,Eastpark,P003,Smartwatch,Electronics,6,199.99,91.0,1199.94,546.0,653.94
SALE03953,2023-02-03,S001,Downtown,P002,Headphones,Electronics,10,79.99,32.4,799.9,324.0,475.9
SALE03954,2023-07-12,S001,Downtown,P009,Coffee Maker,Home,2,59.99,29.06,119.98,58.12,61.86
SALE03955,2023-01-04,S001,Downtown,P007,Jacket,Clothing,7,89.99,52.05,629.93,364.35,265.58
SALE03956,2023-11-24,S005,Southmall,P008,Sneakers,Clothing,5,69.99,29.21,349.95,146.05,203.9
SALE03957,2023-08-01,S002,Westside,P005,T-Shirt,Clothing,3,19.99,10.94,59.97,32.82,27.15
SALE03958,2023-10-12,S003,Northgate,P003,Smartwatch,Electronics,8,199.99,91.0,1599.92,728.0,871.92
SALE03959,2023-12-30,S004,Eastpark,P014,Coffee Beans,Food,10,14.99,6.59,149.9,65.9,84.0
SALE03960,2023-03-12,S004,Eastpark,P003,Smartwatch,Electronics,4,199.99,91.0,799.96,364.0,435.96
SALE03961,2023-04-06,S005,Southmall,P004,Tablet,Electronics,7,449.99,200.08,3149.93,1400.56,1749.37
SALE03962,2023-05-29,S003,Northgate,P011,Vacuum,Home,9,129.99,57.68,1169.91,519.12,650.79
SALE03963,2023-09-09,S001,Downtown,P009,Coffee Maker,Home,1,59.99,29.06,59.99,29.06,30.93
SALE03964,2023-06-04,S003,Northgate,P009,Coffee Maker,Home,10,59.99,29.06,599.9,290.6,309.3
SALE03965,2023-06-05,S003,Northgate,P009,Coffee Maker,Home,8,59.99,29.06,479.92,232.48,247.44
SALE03966,2023-10-14,S003,Northgate,P003,Smartwatch,Electronics,8,199.99,91.0,1599.92,728.0,871.92
SALE03967,2023-04-25,S002,Westside,P005,T-Shirt,Clothing,1,19.99,10.94,19.99,10.94,9.05
SALE03968,2023-01-02,S001,Downtown,P002,Headphones,Electronics,3,79.99,32.4,239.97,97.2,142.77
SALE03969,2023-05-15,S003,Northgate,P015,Olive Oil,Food,5,9.99,5.29,49.95,26.45,23.5
SALE03970,2023-11-24,S001,Downtown,P002,Headphones,Electronics,8,79.99,32.4,639.92,259.2,380.72
SALE03971,2023-03-05,S003,Northgate,P009,Coffee Maker,Home,5,59.99,29.06,299.95,145.3,154.65
SALE03972,2023-08-02,S001,Downtown,P008,Sneakers,Clothing,3,69.99,29.21,209.97,87.63,122.34
SALE03973,2023-09-09,S004,Eastpark,P009,Coffee Maker,Home,4,59.99,29.06,239.96,116.24,123.72
SALE03974,2023-01-15,S001,Downtown,P004,Tablet,Electronics,2,449.99,200.08,899.98,400.16,499.82
SALE03975,2023-05-22,S005,Southmall,P016,Granola,Food,8,6.99,3.56,55.92,28.48,27.44
SALE03976,2023-02-04,S002,Westside,P003,Smartwatch,Electronics,10,199.99,91.0,1999.9,910.0,1089.9
SALE03977,2023-07-05,S005,Southmall,P015,Olive Oil,Food,10,9.99,5.29,99.9,52.9,47.0
SALE03978,2023-09-04,S003,Northgate,P004,Tablet,Electronics,10,449.99,200.08,4499.9,2000.8,2499.1
SALE03979,2023-08-12,S001,Downtown,P006,Jeans,Clothing,5,49.99,26.76,249.95,133.8,116.15
SALE03980,2023-11-18,S002,Westside,P014,Coffee Beans,Food,8,14.99,6.59,119.92,52.72,67.2
SALE03981,2023-12-22,S005,Southmall,P012,Lamp,Home,2,34.99,17.53,69.98,35.06,34.92
SALE03982,2023-07-11,S005,Southmall,P011,Vacuum,Home,9,129.99,57.68,1169.91,519.12,650.79
SALE03983,2023-10-22,S004,Eastpark,P016,Granola,Food,1,6.99,3.56,6.99,3.56,3.43
SALE03984,2023-05-13,S004,Eastpark,P003,Smartwatch,Electronics,3,199.99,91.0,599.97,273.0,326.97
SALE03985,2023-10-25,S003,Northgate,P014,Coffee Beans,Food,1,14.99,6.59,14.99,6.59,8.4
SALE03986,2023-03-16,S002,Westside,P015,Olive Oil,Food,6,9.99,5.29,59.94,31.74,28.2
SALE03987,2023-08-25,S002,Westside,P012,Lamp,Home,3,34.99,17.53,104.97,52.59,52.38
SALE03988,2023-07-02,S005,Southmall,P008,Sneakers,Clothing,3,69.99,29.21,209.97,87.63,122.34
SALE03989,2023-01-28,S003,Northgate,P008,Sneakers,Clothing,5,69.99,29.21,349.95,146.05,203.9
SALE03990,2023-07-04,S001,Downtown,P003,Smartwatch,Electronics,7,199.99,91.0,1399.93,637.0,762.93
SALE03991,2023-11-22,S001,Downtown,P004,Tablet,Electronics,6,449.99,200.08,2699.94,1200.48,1499.46
SALE03992,2023-01-25,S005,Southmall,P007,Jacket,Clothing,5,89.99,52.05,449.95,260.25,189.7
SALE03993,2023-05-30,S002,Westside,P013,Protein Bar,Food,9,2.99,1.21,26.91,10.89,16.02
SALE03994,2023-11-24,S004,Eastpark,P005,T-Shirt,Clothing,2,19.99,10.94,39.98,21.88,18.1
SALE03995,2023-09-21,S002,Westside,P013,Protein Bar,Food,4,2.99,1.21,11.96,4.84,7.12
SALE03996,2023-11-18,S004,Eastpark,P014,Coffee Beans,Food,3,14.99,6.59,44.97,19.77,25.2
SALE03997,2023-02-18,S003,Northgate,P014,Coffee Beans,Food,10,14.99,6.59,149.9,65.9,84.0
SALE03998,2023-03-27,S003,Northgate,P009,Coffee Maker,Home,9,59.99,29.06,539.91,261.54,278.37
SALE03999,2023-06-15,S001,Downtown,P016,Granola,Food,6,6.99,3.56,41.94,21.36,20.58
SALE04000,2023-12-17,S003,Northgate,P015,Olive Oil,Food,5,9.99,5.29,49.95,26.45,23.5
SALE04001,2023-05-19,S005,Southmall,P005,T-Shirt,Clothing,6,19.99,10.94,119.94,65.64,54.3
SALE04002,2023-02-19,S005,Southmall,P006,Jeans,Clothing,9,49.99,26.76,449.91,240.84,209.07
SALE04003,2023-10-24,S003,Northgate,P003,Smartwatch,Electronics,6,199.99,91.0,1199.94,546.0,653.94
SALE04004,2023-03-15,S004,Eastpark,P006,Jeans,Clothing,1,49.99,26.76,49.99,26.76,23.23
SALE04005,2023-03-12,S003,Northgate,P007,Jacket,Clothing,9,89.99,52.05,809.91,468.45,341.46
SALE04006,2023-05-25,S003,Northgate,P011,Vacuum,Home,6,129.99,57.68,779.94,346.08,433.86
SALE04007,2023-09-06,S005,Southmall,P003,Smartwatch,Electronics,7,199.99,91.0,1399.93,637.0,762.93
SALE04008,2023-06-24,S004,Eastpark,P004,Tablet,Electronics,3,449.99,200.08,1349.97,600.24,749.73
SALE04009,2023-02-22,S002,Westside,P010,Blender,Home,4,39.99,16.23,159.96,64.92,95.04
SALE04010,2023-03-21,S001,Downtown,P008,Sneakers,Clothing,9,69.99,29.21,629.91,262.89,367.02
SALE04011,2023-04-24,S001,Downtown,P003,Smartwatch,Electronics,4,199.99,91.0,799.96,364.0,435.96
SALE04012,2023-10-14,S001,Downtown,P013,Protein Bar,Food,10,2.99,1.21,29.9,12.1,17.8
SALE04013,2023-12-20,S001,Downtown,P016,Granola,Food,9,6.99,3.56,62.91,32.04,30.87
SALE04014,2023-09-30,S001,Downtown,P004,Tablet,Electronics,9,449.99,200.08,4049.91,1800.72,2249.19
SALE04015,2023-12-26,S001,Downtown,P016,Granola,Food,2,6.99,3.56,13.98,7.12,6.86
SALE04016,2023-08-02,S001,Downtown,P016,Granola,Food,8,6.99,3.56,55.92,28.48,27.44
SALE04017,2023-02-09,S002,Westside,P010,Blender,Home,2,39.99,16.23,79.98,32.46,47.52
SALE04018,2023-03-09,S003,Northgate,P013,Protein Bar,Food,1,2.99,1.21,2.99,1.21,1.78
SALE04019,2023-09-03,S005,Southmall,P010,Blender,Home,6,39.99,16.23,239.94,97.38,142.56
SALE04020,2023-06-09,S004,Eastpark,P011,Vacuum,Home,6,129.99,57.68,779.94,346.08,433.86
SALE04021,2023-03-13,S003,Northgate,P010,Blender,Home,8,39.99,16.23,319.92,129.84,190.08
SALE04022,2023-11-02,S005,Southmall,P002,Headphones,Electronics,9,79.99,32.4,719.91,291.6,428.31
SALE04023,2023-06-25,S004,Eastpark,P003,Smartwatch,Electronics,3,199.99,91.0,599.97,273.0,326.97
SALE04024,2023-12-30,S004,Eastpark,P007,Jacket,Clothing,5,89.99,52.05,449.95,260.25,189.7
SALE04025,2023-01-15,S001,Downtown,P005,T-Shirt,Clothing,2,19.99,10.94,39.98,21.88,18.1
SALE04026,2023-04-24,S004,Eastpark,P009,Coffee Maker,Home,3,59.99,29.06,179.97,87.18,92.79
SALE04027,2023-12-22,S005,Southmall,P008,Sneakers,Clothing,3,69.99,29.21,209.97,87.63,122.34
SALE04028,2023-12-19,S001,Downtown,P007,Jacket,Clothing,4,89.99,52.05,359.96,208.2,151.76
SALE04029,2023-06-07,S004,Eastpark,P008,Sneakers,Clothing,3,69.99,29.21,209.97,87.63,122.34
SALE04030,2023-04-18,S003,Northgate,P007,Jacket,Clothing,3,89.99,52.05,269.97,156.15,113.82
SALE04031,2023-02-10,S005,Southmall,P009,Coffee Maker,Home,7,59.99,29.06,419.93,203.42,216.51
SALE04032,2023-12-20,S004,Eastpark,P001,Laptop,Electronics,2,899.99,475.09,1799.98,950.18,849.8
SALE04033,2023-02-09,S005,Southmall,P002,Headphones,Electronics,1,79.99,32.4,79.99,32.4,47.59
SALE04034,2023-09-05,S005,Southmall,P011,Vacuum,Home,7,129.99,57.68,909.93,403.76,506.17
SALE04035,2023-01-22,S001,Downtown,P011,Vacuum,Home,4,129.99,57.68,519.96,230.72,289.24
SALE04036,2023-02-25,S005,Southmall,P016,Granola,Food,1,6.99,3.56,6.99,3.56,3.43
SALE04037,2023-12-04,S005,Southmall,P002,Headphones,Electronics,9,79.99,32.4,719.91,291.6,428.31
SALE04038,2023-10-31,S005,Southmall,P004,Tablet,Electronics,1,449.99,200.08,449.99,200.08,249.91
SALE04039,2023-08-29,S004,Eastpark,P016,Granola,Food,2,6.99,3.56,13.98,7.12,6.86
SALE04040,2023-05-10,S005,Southmall,P014,Coffee Beans,Food,1,14.99,6.59,14.99,6.59,8.4
SALE04041,2023-02-03,S005,Southmall,P004,Tablet,Electronics,5,449.99,200.08,2249.95,1000.4,1249.55
SALE04042,2023-12-08,S004,Eastpark,P003,Smartwatch,Electronics,1,199.99,91.0,199.99,91.0,108.99
SALE04043,2023-02-19,S004,Eastpark,P013,Protein Bar,Food,2,2.99,1.21,5.98,2.42,3.56
SALE04044,2023-11-05,S002,Westside,P003,Smartwatch,Electronics,4,199.99,91.0,799.96,364.0,435.96
SALE04045,2023-10-28,S003,Northgate,P004,Tablet,Electronics,4,449.99,200.08,1799.96,800.32,999.64
SALE04046,2023-04-05,S003,Northgate,P008,Sneakers,Clothing,6,69.99,29.21,419.94,175.26,244.68
SALE04047,2023-01-15,S005,Southmall,P008,Sneakers,Clothing,2,69.99,29.21,139.98,58.42,81.56
SALE04048,2023-03-16,S002,Westside,P001,Laptop,Electronics,5,899.99,475.09,4499.95,2375.45,2124.5
SALE04049,2023-10-24,S002,Westside,P003,Smartwatch,Electronics,6,199.99,91.0,1199.94,546.0,653.94
SALE04050,2023-06-30,S001,Downtown,P006,Jeans,Clothing,3,49.99,26.76,149.97,80.28,69.69
SALE04051,2023-09-14,S001,Downtown,P007,Jacket,Clothing,10,89.99,52.05,899.9,520.5,379.4
SALE04052,2023-05-04,S004,Eastpark,P008,Sneakers,Clothing,9,69.99,29.21,629.91,262.89,367.02
SALE04053,2023-10-19,S005,Southmall,P003,Smartwatch,Electronics,2,199.99,91.0,399.98,182.0,217.98
SALE04054,2023-02-20,S005,Southmall,P007,Jacket,Clothing,10,89.99,52.05,899.9,520.5,379.4
SALE04055,2023-01-08,S001,Downtown,P003,Smartwatch,Electronics,9,199.99,91.0,1799.91,819.0,980.91
SALE04056,2023-04-22,S004,Eastpark,P016,Granola,Food,4,6.99,3.56,27.96,14.24,13.72
SALE04057,2023-05-25,S002,Westside,P011,Vacuum,Home,3,129.99,57.68,389.97,173.04,216.93
SALE04058,2023-10-03,S005,Southmall,P001,Laptop,Electronics,1,899.99,475.09,899.99,475.09,424.9
SALE04059,2023-02-20,S004,Eastpark,P015,Olive Oil,Food,4,9.99,5.29,39.96,21.16,18.8
SALE04060,2023-09-16,S001,Downtown,P005,T-Shirt,Clothing,8,19.99,10.94,159.92,87.52,72.4
SALE04061,2023-07-07,S002,Westside,P015,Olive Oil,Food,10,9.99,5.29,99.9,52.9,47.0
SALE04062,2023-04-05,S003,Northgate,P006,Jeans,Clothing,8,49.99,26.76,399.92,214.08,185.84
SALE04063,2023-12-11,S001,Downtown,P015,Olive Oil,Food,2,9.99,5.29,19.98,10.58,9.4
SALE04064,2023-04-03,S004,Eastpark,P004,Tablet,Electronics,6,449.99,200.08,2699.94,1200.48,1499.46
SALE04065,2023-07-14,S002,Westside,P012,Lamp,Home,7,34.99,17.53,244.93,122.71,122.22
SALE04066,2023-04-20,S003,Northgate,P001,Laptop,Electronics,9,899.99,475.09,8099.91,4275.81,3824.1
SALE04067,2023-04-27,S004,Eastpark,P010,Blender,Home,7,39.99,16.23,279.93,113.61,166.32
SALE04068,2023-02-27,S005,Southmall,P001,Laptop,Electronics,6,899.99,475.09,5399.94,2850.54,2549.4
SALE04069,2023-03-05,S003,Northgate,P010,Blender,Home,8,39.99,16.23,319.92,129.84,190.08
SALE04070,2023-02-26,S002,Westside,P011,Vacuum,Home,9,129.99,57.68,1169.91,519.12,650.79
SALE04071,2023-03-11,S004,Eastpark,P012,Lamp,Home,8,34.99,17.53,279.92,140.24,139.68
SALE04072,2023-07-04,S001,Downtown,P009,Coffee Maker,Home,5,59.99,29.06,299.95,145.3,154.65
SALE04073,2023-10-13,S003,Northgate,P006,Jeans,Clothing,1,49.99,26.76,49.99,26.76,23.23
SALE04074,2023-02-12,S002,Westside,P014,Coffee Beans,Food,6,14.99,6.59,89.94,39.54,50.4
SALE04075,2023-09-10,S002,Westside,P015,Olive Oil,Food,2,9.99,5.29,19.98,10.58,9.4
SALE04076,2023-07-17,S002,Westside,P011,Vacuum,Home,5,129.99,57.68,649.95,288.4,361.55
SALE04077,2023-08-22,S004,Eastpark,P013,Protein Bar,Food,10,2.99,1.21,29.9,12.1,17.8
SALE04078,2023-06-09,S003,Northgate,P006,Jeans,Clothing,8,49.99,26.76,399.92,214.08,185.84
SALE04079,2023-04-26,S004,Eastpark,P001,Laptop,Electronics,9,899.99,475.09,8099.91,4275.81,3824.1
SALE04080,2023-07-28,S001,Downtown,P016,Granola,Food,5,6.99,3.56,34.95,17.8,17.15
SALE04081,2023-08-08,S001,Downtown,P014,Coffee Beans,Food,4,14.99,6.59,59.96,26.36,33.6
SALE04082,2023-02-05,S003,Northgate,P015,Olive Oil,Food,8,9.99,5.29,79.92,42.32,37.6
SALE04083,2023-12-14,S005,Southmall,P003,Smartwatch,Electronics,6,199.99,91.0,1199.94,546.0,653.94
SALE04084,2023-04-02,S005,Southmall,P012,Lamp,Home,1,34.99,17.53,34.99,17.53,17.46
SALE04085,2023-12-12,S004,Eastpark,P013,Protein Bar,Food,8,2.99,1.21,23.92,9.68,14.24
SALE04086,2023-12-11,S001,Downtown,P001,Laptop,Electronics,2,899.99,475.09,1799.98,950.18,849.8
SALE04087,2023-07-22,S001,Downtown,P001,Laptop,Electronics,8,899.99,475.09,7199.92,3800.72,3399.2
SALE04088,2023-09-25,S004,Eastpark,P013,Protein Bar,Food,2,2.99,1.21,5.98,2.42,3.56
SALE04089,2023-03-03,S003,Northgate,P008,Sneakers,Clothing,3,69.99,29.21,209.97,87.63,122.34
SALE04090,2023-07-22,S005,Southmall,P002,Headphones,Electronics,7,79.99,32.4,559.93,226.8,333.13
SALE04091,2023-12-22,S003,Northgate,P007,Jacket,Clothing,10,89.99,52.05,899.9,520.5,379.4
SALE04092,2023-02-22,S001,Downtown,P011,Vacuum,Home,3,129.99,57.68,389.97,173.04,216.93
SALE04093,2023-02-03,S004,Eastpark,P004,Tablet,Electronics,6,449.99,200.08,2699.94,1200.48,1499.46
SALE04094,2023-04-12,S003,Northgate,P013,Protein Bar,Food,6,2.99,1.21,17.94,7.26,10.68
SALE04095,2023-04-13,S002,Westside,P001,Laptop,Electronics,10,899.99,475.09,8999.9,4750.9,4249.0
SALE04096,2023-07-26,S001,Downtown,P002,Headphones,Electronics,2,79.99,32.4,159.98,64.8,95.18
SALE04097,2023-04-30,S001,Downtown,P015,Olive Oil,Food,7,9.99,5.29,69.93,37.03,32.9
SALE04098,2023-09-13,S001,Downtown,P008,Sneakers,Clothing,5,69.99,29.21,349.95,146.05,203.9
SALE04099,2023-10-25,S002,Westside,P005,T-Shirt,Clothing,10,19.99,10.94,199.9,109.4,90.5
SALE04100,2023-05-20,S004,Eastpark,P015,Olive Oil,Food,7,9.99,5.29,69.93,37.03,32.9
SALE04101,2023-07-02,S002,Westside,P004,Tablet,Electronics,8,449.99,200.08,3599.92,1600.64,1999.28
SALE04102,2023-12-08,S004,Eastpark,P008,Sneakers,Clothing,10,69.99,29.21,699.9,292.1,407.8
SALE04103,2023-07-27,S005,Southmall,P005,T-Shirt,Clothing,8,19.99,10.94,159.92,87.52,72.4
SALE04104,2023-09-19,S003,Northgate,P015,Olive Oil,Food,5,9.99,5.29,49.95,26.45,23.5
SALE04105,2023-03-17,S003,Northgate,P016,Granola,Food,8,6.99,3.56,55.92,28.48,27.44
SALE04106,2023-02-25,S001,Downtown,P014,Coffee Beans,Food,2,14.99,6.59,29.98,13.18,16.8
SALE04107,2023-05-09,S002,Westside,P011,Vacuum,Home,8,129.99,57.68,1039.92,461.44,578.48
SALE04108,2023-09-12,S003,Northgate,P013,Protein Bar,Food,4,2.99,1.21,11.96,4.84,7.12
SALE04109,2023-11-18,S003,Northgate,P006,Jeans,Clothing,3,49.99,26.76,149.97,80.28,69.69
SALE04110,2023-01-16,S001,Downtown,P007,Jacket,Clothing,2,89.99,52.05,179.98,104.1,75.88
SALE04111,2023-01-28,S003,Northgate,P012,Lamp,Home,2,34.99,17.53,69.98,35.06,34.92
SALE04112,2023-09-13,S004,Eastpark,P010,Blender,Home,1,39.99,16.23,39.99,16.23,23.76
SALE04113,2023-04-02,S002,Westside,P014,Coffee Beans,Food,7,14.99,6.59,104.93,46.13,58.8
SALE04114,2023-11-06,S004,Eastpark,P015,Olive Oil,Food,6,9.99,5.29,59.94,31.74,28.2
SALE04115,2023-03-20,S003,Northgate,P008,Sneakers,Clothing,5,69.99,29.21,349.95,146.05,203.9
SALE04116,2023-11-15,S002,Westside,P014,Coffee Beans,Food,10,14.99,6.59,149.9,65.9,84.0
SALE04117,2023-02-19,S004,Eastpark,P007,Jacket,Clothing,2,89.99,52.05,179.98,104.1,75.88
SALE04118,2023-12-05,S001,Downtown,P004,Tablet,Electronics,9,449.99,200.08,4049.91,1800.72,2249.19
SALE04119,2023-09-10,S001,Downtown,P010,Blender,Home,8,39.99,16.23,319.92,129.84,190.08
SALE04120,2023-04-14,S001,Downtown,P015,Olive Oil,Food,5,9.99,5.29,49.95,26.45,23.5
SALE04121,2023-12-05,S005,Southmall,P008,Sneakers,Clothing,8,69.99,29.21,559.92,233.68,326.24
SALE04122,2023-09-09,S005,Southmall,P008,Sneakers,Clothing,9,69.99,29.21,629.91,262.89,367.02
SALE04123,2023-05-14,S003,Northgate,P013,Protein Bar,Food,9,2.99,1.21,26.91,10.89,16.02
SALE04124,2023-06-25,S003,Northgate,P005,T-Shirt,Clothing,9,19.99,10.94,179.91,98.46,81.45
SALE04125,2023-10-07,S003,Northgate,P007,Jacket,Clothing,1,89.99,52.05,89.99,52.05,37.94
SALE04126,2023-01-17,S004,Eastpark,P005,T-Shirt,Clothing,7,19.99,10.94,139.93,76.58,63.35
SALE04127,2023-03-02,S003,Northgate,P012,Lamp,Home,7,34.99,17.53,244.93,122.71,122.22
SALE04128,2023-08-19,S004,Eastpark,P012,Lamp,Home,6,34.99,17.53,209.94,105.18,104.76
SALE04129,2023-07-12,S004,Eastpark,P011,Vacuum,Home,8,129.99,57.68,1039.92,461.44,578.48
SALE04130,2023-08-24,S003,Northgate,P008,Sneakers,Clothing,1,69.99,29.21,69.99,29.21,40.78
SALE04131,2023-01-17,S001,Downtown,P012,Lamp,Home,3,34.99,17.53,104.97,52.59,52.38
SALE04132,2023-10-13,S004,Eastpark,P009,Coffee Maker,Home,5,59.99,29.06,299.95,145.3,154.65
SALE04133,2023-12-28,S001,Downtown,P012,Lamp,Home,3,34.99,17.53,104.97,52.59,52.38
SALE04134,2023-09-09,S002,Westside,P010,Blender,Home,7,39.99,16.23,279.93,113.61,166.32
SALE04135,2023-03-10,S005,Southmall,P007,Jacket,Clothing,5,89.99,52.05,449.95,260.25,189.7
SALE04136,2023-07-19,S003,Northgate,P007,Jacket,Clothing,8,89.99,52.05,719.92,416.4,303.52
SALE04137,2023-02-26,S002,Westside,P007,Jacket,Clothing,10,89.99,52.05,899.9,520.5,379.4
SALE04138,2023-12-12,S005,Southmall,P004,Tablet,Electronics,8,449.99,200.08,3599.92,1600.64,1999.28
SALE04139,2023-12-04,S003,Northgate,P014,Coffee Beans,Food,9,14.99,6.59,134.91,59.31,75.6
SALE04140,2023-12-17,S003,Northgate,P010,Blender,Home,9,39.99,16.23,359.91,146.07,213.84
SALE04141,2023-10-20,S004,Eastpark,P007,Jacket,Clothing,8,89.99,52.05,719.92,416.4,303.52
SALE04142,2023-09-01,S005,Southmall,P007,Jacket,Clothing,9,89.99,52.05,809.91,468.45,341.46
SALE04143,2023-03-22,S003,Northgate,P002,Headphones,Electronics,9,79.99,32.4,719.91,291.6,428.31
SALE04144,2023-01-29,S003,Northgate,P010,Blender,Home,7,39.99,16.23,279.93,113.61,166.32
SALE04145,2023-05-15,S001,Downtown,P011,Vacuum,Home,8,129.99,57.68,1039.92,461.44,578.48
SALE04146,2023-10-30,S001,Downtown,P016,Granola,Food,7,6.99,3.56,48.93,24.92,24.01
SALE04147,2023-11-12,S001,Downtown,P010,Blender,Home,6,39.99,16.23,239.94,97.38,142.56
SALE04148,2023-05-26,S001,Downtown,P004,Tablet,Electronics,6,449.99,200.08,2699.94,1200.48,1499.46
SALE04149,2023-02-01,S002,Westside,P012,Lamp,Home,1,34.99,17.53,34.99,17.53,17.46
SALE04150,2023-10-30,S002,Westside,P008,Sneakers,Clothing,1,69.99,29.21,69.99,29.21,40.78
SALE04151,2023-03-07,S004,Eastpark,P001,Laptop,Electronics,6,899.99,475.09,5399.94,2850.54,2549.4
SALE04152,2023-06-28,S001,Downtown,P016,Granola,Food,10,6.99,3.56,69.9,35.6,34.3
SALE04153,2023-01-14,S001,Downtown,P015,Olive Oil,Food,6,9.99,5.29,59.94,31.74,28.2
SALE04154,2023-07-14,S005,Southmall,P002,Headphones,Electronics,2,79.99,32.4,159.98,64.8,95.18
SALE04155,2023-08-08,S005,Southmall,P002,Headphones,Electronics,6,79.99,32.4,479.94,194.4,285.54
SALE04156,2023-07-02,S001,Downtown,P013,Protein Bar,Food,7,2.99,1.21,20.93,8.47,12.46
SALE04157,2023-06-29,S001,Downtown,P004,Tablet,Electronics,1,449.99,200.08,449.99,200.08,249.91
SALE04158,2023-12-05,S001,Downtown,P013,Protein Bar,Food,4,2.99,1.21,11.96,4.84,7.12
SALE04159,2023-05-07,S003,Northgate,P011,Vacuum,Home,4,129.99,57.68,519.96,230.72,289.24
SALE04160,2023-11-28,S001,Downtown,P002,Headphones,Electronics,5,79.99,32.4,399.95,162.0,237.95
SALE04161,2023-10-31,S002,Westside,P009,Coffee Maker,Home,2,59.99,29.06,119.98,58.12,61.86
SALE04162,2023-12-19,S004,Eastpark,P015,Olive Oil,Food,2,9.99,5.29,19.98,10.58,9.4
SALE04163,2023-06-06,S004,Eastpark,P014,Coffee Beans,Food,2,14.99,6.59,29.98,13.18,16.8
SALE04164,2023-06-22,S004,Eastpark,P013,Protein Bar,Food,3,2.99,1.21,8.97,3.63,5.34
SALE04165,2023-01-11,S004,Eastpark,P005,T-Shirt,Clothing,9,19.99,10.94,179.91,98.46,81.45
SALE04166,2023-06-16,S005,Southmall,P011,Vacuum,Home,1,129.99,57.68,129.99,57.68,72.31
SALE04167,2023-08-24,S003,Northgate,P007,Jacket,Clothing,7,89.99,52.05,629.93,364.35,265.58
SALE04168,2023-10-18,S002,Westside,P005,T-Shirt,Clothing,9,19.99,10.94,179.91,98.46,81.45
SALE04169,2023-08-04,S004,Eastpark,P004,Tablet,Electronics,5,449.99,200.08,2249.95,1000.4,1249.55
SALE04170,2023-01-11,S005,Southmall,P001,Laptop,Electronics,8,899.99,475.09,7199.92,3800.72,3399.2
SALE04171,2023-10-29,S003,Northgate,P015,Olive Oil,Food,1,9.99,5.29,9.99,5.29,4.7
SALE04172,2023-06-12,S003,Northgate,P013,Protein Bar,Food,7,2.99,1.21,20.93,8.47,12.46
SALE04173,2023-10-20,S001,Downtown,P007,Jacket,Clothing,7,89.99,52.05,629.93,364.35,265.58
SALE04174,2023-06-15,S005,Southmall,P014,Coffee Beans,Food,10,14.99,6.59,149.9,65.9,84.0
SALE04175,2023-02-20,S001,Downtown,P003,Smartwatch,Electronics,8,199.99,91.0,1599.92,728.0,871.92
SALE04176,2023-02-21,S004,Eastpark,P004,Tablet,Electronics,4,449.99,200.08,1799.96,800.32,999.64
SALE04177,2023-06-22,S005,Southmall,P001,Laptop,Electronics,8,899.99,475.09,7199.92,3800.72,3399.2
SALE04178,2023-09-15,S003,Northgate,P012,Lamp,Home,6,34.99,17.53,209.94,105.18,104.76
SALE04179,2023-03-27,S005,Southmall,P002,Headphones,Electronics,10,79.99,32.4,799.9,324.0,475.9
SALE04180,2023-06-03,S003,Northgate,P012,Lamp,Home,6,34.99,17.53,209.94,105.18,104.76
SALE04181,2023-08-12,S005,Southmall,P008,Sneakers,Clothing,4,69.99,29.21,279.96,116.84,163.12
SALE04182,2023-09-12,S005,Southmall,P015,Olive Oil,Food,2,9.99,5.29,19.98,10.58,9.4
SALE04183,2023-10-02,S003,Northgate,P010,Blender,Home,4,39.99,16.23,159.96,64.92,95.04
SALE04184,2023-05-28,S003,Northgate,P012,Lamp,Home,5,34.99,17.53,174.95,87.65,87.3
SALE04185,2023-01-25,S005,Southmall,P003,Smartwatch,Electronics,5,199.99,91.0,999.95,455.0,544.95
SALE04186,2023-10-21,S002,Westside,P012,Lamp,Home,7,34.99,17.53,244.93,122.71,122.22
SALE04187,2023-04-26,S005,Southmall,P006,Jeans,Clothing,10,49.99,26.76,499.9,267.6,232.3
SALE04188,2023-02-17,S002,Westside,P010,Blender,Home,10,39.99,16.23,399.9,162.3,237.6
SALE04189,2023-02-18,S005,Southmall,P012,Lamp,Home,10,34.99,17.53,349.9,175.3,174.6
SALE04190,2023-06-22,S004,Eastpark,P015,Olive Oil,Food,5,9.99,5.29,49.95,26.45,23.5
SALE04191,2023-02-04,S002,Westside,P008,Sneakers,Clothing,10,69.99,29.21,699.9,292.1,407.8
SALE04192,2023-09-29,S003,Northgate,P015,Olive Oil,Food,8,9.99,5.29,79.92,42.32,37.6
SALE04193,2023-08-07,S002,Westside,P001,Laptop,Electronics,4,899.99,475.09,3599.96,1900.36,1699.6
SALE04194,2023-06-27,S004,Eastpark,P008,Sneakers,Clothing,2,69.99,29.21,139.98,58.42,81.56
SALE04195,2023-11-30,S004,Eastpark,P013,Protein Bar,Food,5,2.99,1.21,14.95,6.05,8.9
SALE04196,2023-09-16,S001,Downtown,P005,T-Shirt,Clothing,5,19.99,10.94,99.95,54.7,45.25
SALE04197,2023-08-10,S002,Westside,P006,Jeans,Clothing,9,49.99,26.76,449.91,240.84,209.07
SALE04198,2023-06-10,S002,Westside,P013,Protein Bar,Food,4,2.99,1.21,11.96,4.84,7.12
SALE04199,2023-08-01,S005,Southmall,P006,Jeans,Clothing,7,49.99,26.76,349.93,187.32,162.61
SALE04200,2023-05-09,S004,Eastpark,P009,Coffee Maker,Home,10,59.99,29.06,599.9,290.6,309.3
SALE04201,2023-09-21,S005,Southmall,P016,Granola,Food,8,6.99,3.56,55.92,28.48,27.44
SALE04202,2023-12-10,S001,Downtown,P016,Granola,Food,9,6.99,3.56,62.91,32.04,30.87
SALE04203,2023-04-03,S003,Northgate,P010,Blender,Home,1,39.99,16.23,39.99,16.23,23.76
SALE04204,2023-11-18,S004,Eastpark,P012,Lamp,Home,9,34.99,17.53,314.91,157.77,157.14
SALE04205,2023-04-06,S004,Eastpark,P016,Granola,Food,10,6.99,3.56,69.9,35.6,34.3
SALE04206,2023-09-13,S003,Northgate,P015,Olive Oil,Food,4,9.99,5.29,39.96,21.16,18.8
SALE04207,2023-12-05,S003,Northgate,P002,Headphones,Electronics,8,79.99,32.4,639.92,259.2,380.72
SALE04208,2023-05-18,S005,Southmall,P014,Coffee Beans,Food,9,14.99,6.59,134.91,59.31,75.6
SALE04209,2023-11-11,S004,Eastpark,P006,Jeans,Clothing,7,49.99,26.76,349.93,187.32,162.61
SALE04210,2023-10-17,S002,Westside,P016,Granola,Food,1,6.99,3.56,6.99,3.56,3.43
SALE04211,2023-09-25,S004,Eastpark,P011,Vacuum,Home,4,129.99,57.68,519.96,230.72,289.24
SALE04212,2023-07-06,S005,Southmall,P014,Coffee Beans,Food,8,14.99,6.59,119.92,52.72,67.2
SALE04213,2023-03-17,S003,Northgate,P015,Olive Oil,Food,4,9.99,5.29,39.96,21.16,18.8
SALE04214,2023-03-19,S003,Northgate,P001,Laptop,Electronics,5,899.99,475.09,4499.95,2375.45,2124.5
SALE04215,2023-08-11,S002,Westside,P003,Smartwatch,Electronics,7,199.99,91.0,1399.93,637.0,762.93
SALE04216,2023-06-13,S004,Eastpark,P013,Protein Bar,Food,2,2.99,1.21,5.98,2.42,3.56
SALE04217,2023-11-21,S004,Eastpark,P011,Vacuum,Home,4,129.99,57.68,519.96,230.72,289.24
SALE04218,2023-07-31,S005,Southmall,P011,Vacuum,Home,5,129.99,57.68,649.95,288.4,361.55
SALE04219,2023-05-27,S003,Northgate,P006,Jeans,Clothing,3,49.99,26.76,149.97,80.28,69.69
SALE04220,2023-05-12,S003,Northgate,P014,Coffee Beans,Food,10,14.99,6.59,149.9,65.9,84.0
SALE04221,2023-05-01,S004,Eastpark,P009,Coffee Maker,Home,7,59.99,29.06,419.93,203.42,216.51
SALE04222,2023-05-03,S004,Eastpark,P004,Tablet,Electronics,2,449.99,200.08,899.98,400.16,499.82
SALE04223,2023-03-18,S004,Eastpark,P012,Lamp,Home,4,34.99,17.53,139.96,70.12,69.84
SALE04224,2023-01-15,S003,Northgate,P005,T-Shirt,Clothing,4,19.99,10.94,79.96,43.76,36.2
SALE04225,2023-06-08,S001,Downtown,P012,Lamp,Home,8,34.99,17.53,279.92,140.24,139.68
SALE04226,2023-09-06,S002,Westside,P015,Olive Oil,Food,9,9.99,5.29,89.91,47.61,42.3
SALE04227,2023-08-12,S003,Northgate,P013,Protein Bar,Food,7,2.99,1.21,20.93,8.47,12.46
SALE04228,2023-11-28,S005,Southmall,P005,T-Shirt,Clothing,1,19.99,10.94,19.99,10.94,9.05
SALE04229,2023-04-14,S004,Eastpark,P016,Granola,Food,3,6.99,3.56,20.97,10.68,10.29
SALE04230,2023-05-20,S003,Northgate,P013,Protein Bar,Food,3,2.99,1.21,8.97,3.63,5.34
SALE04231,2023-01-15,S001,Downtown,P014,Coffee Beans,Food,5,14.99,6.59,74.95,32.95,42.0
SALE04232,2023-05-23,S003,Northgate,P009,Coffee Maker,Home,9,59.99,29.06,539.91,261.54,278.37
SALE04233,2023-04-01,S003,Northgate,P012,Lamp,Home,1,34.99,17.53,34.99,17.53,17.46
SALE04234,2023-09-06,S005,Southmall,P004,Tablet,Electronics,1,449.99,200.08,449.99,200.08,249.91
SALE04235,2023-01-29,S003,Northgate,P005,T-Shirt,Clothing,2,19.99,10.94,39.98,21.88,18.1
SALE04236,2023-06-10,S001,Downtown,P005,T-Shirt,Clothing,10,19.99,10.94,199.9,109.4,90.5
SALE04237,2023-06-02,S002,Westside,P016,Granola,Food,2,6.99,3.56,13.98,7.12,6.86
SALE04238,2023-07-28,S002,Westside,P009,Coffee Maker,Home,6,59.99,29.06,359.94,174.36,185.58
SALE04239,2023-12-10,S004,Eastpark,P004,Tablet,Electronics,2,449.99,200.08,899.98,400.16,499.82
SALE04240,2023-07-23,S005,Southmall,P008,Sneakers,Clothing,3,69.99,29.21,209.97,87.63,122.34
SALE04241,2023-05-01,S005,Southmall,P011,Vacuum,Home,2,129.99,57.68,259.98,115.36,144.62
SALE04242,2023-10-20,S001,Downtown,P010,Blender,Home,9,39.99,16.23,359.91,146.07,213.84
SALE04243,2023-03-03,S001,Downtown,P012,Lamp,Home,9,34.99,17.53,314.91,157.77,157.14
SALE04244,2023-12-07,S004,Eastpark,P009,Coffee Maker,Home,10,59.99,29.06,599.9,290.6,309.3
SALE04245,2023-09-26,S003,Northgate,P009,Coffee Maker,Home,5,59.99,29.06,299.95,145.3,154.65
SALE04246,2023-09-12,S005,Southmall,P016,Granola,Food,2,6.99,3.56,13.98,7.12,6.86
SALE04247,2023-05-02,S004,Eastpark,P006,Jeans,Clothing,10,49.99,26.76,499.9,267.6,232.3
SALE04248,2023-03-04,S005,Southmall,P002,Headphones,Electronics,6,79.99,32.4,479.94,194.4,285.54
SALE04249,2023-06-18,S005,Southmall,P014,Coffee Beans,Food,10,14.99,6.59,149.9,65.9,84.0
SALE04250,2023-07-19,S003,Northgate,P009,Coffee Maker,Home,4,59.99,29.06,239.96,116.24,123.72
SALE04251,2023-08-05,S003,Northgate,P005,T-Shirt,Clothing,4,19.99,10.94,79.96,43.76,36.2
SALE04252,2023-03-15,S001,Downtown,P007,Jacket,Clothing,2,89.99,52.05,179.98,104.1,75.88
SALE04253,2023-03-31,S003,Northgate,P010,Blender,Home,4,39.99,16.23,159.96,64.92,95.04
SALE04254,2023-05-21,S005,Southmall,P006,Jeans,Clothing,8,49.99,26.76,399.92,214.08,185.84
SALE04255,2023-07-29,S004,Eastpark,P012,Lamp,Home,5,34.99,17.53,174.95,87.65,87.3
SALE04256,2023-10-29,S003,Northgate,P012,Lamp,Home,1,34.99,17.53,34.99,17.53,17.46
SALE04257,2023-09-09,S001,Downtown,P010,Blender,Home,9,39.99,16.23,359.91,146.07,213.84
SALE04258,2023-07-11,S001,Downtown,P008,Sneakers,Clothing,2,69.99,29.21,139.98,58.42,81.56
SALE04259,2023-06-12,S004,Eastpark,P013,Protein Bar,Food,9,2.99,1.21,26.91,10.89,16.02
SALE04260,2023-08-05,S002,Westside,P012,Lamp,Home,8,34.99,17.53,279.92,140.24,139.68
SALE04261,2023-12-16,S005,Southmall,P003,Smartwatch,Electronics,4,199.99,91.0,799.96,364.0,435.96
SALE04262,2023-05-23,S004,Eastpark,P001,Laptop,Electronics,3,899.99,475.09,2699.97,1425.27,1274.7
SALE04263,2023-07-05,S003,Northgate,P004,Tablet,Electronics,8,449.99,200.08,3599.92,1600.64,1999.28
SALE04264,2023-07-08,S004,Eastpark,P013,Protein Bar,Food,5,2.99,1.21,14.95,6.05,8.9
SALE04265,2023-01-11,S005,Southmall,P005,T-Shirt,Clothing,10,19.99,10.94,199.9,109.4,90.5
SALE04266,2023-01-18,S005,Southmall,P013,Protein Bar,Food,1,2.99,1.21,2.99,1.21,1.78
SALE04267,2023-12-20,S003,Northgate,P016,Granola,Food,4,6.99,3.56,27.96,14.24,13.72
SALE04268,2023-05-10,S002,Westside,P004,Tablet,Electronics,9,449.99,200.08,4049.91,1800.72,2249.19
SALE04269,2023-07-16,S002,Westside,P013,Protein Bar,Food,5,2.99,1.21,14.95,6.05,8.9
SALE04270,2023-11-24,S002,Westside,P015,Olive Oil,Food,6,9.99,5.29,59.94,31.74,28.2
SALE04271,2023-12-17,S003,Northgate,P010,Blender,Home,2,39.99,16.23,79.98,32.46,47.52
SALE04272,2023-10-01,S005,Southmall,P006,Jeans,Clothing,4,49.99,26.76,199.96,107.04,92.92
SALE04273,2023-08-15,S004,Eastpark,P001,Laptop,Electronics,7,899.99,475.09,6299.93,3325.63,2974.3
SALE04274,2023-01-05,S004,Eastpark,P001,Laptop,Electronics,7,899.99,475.09,6299.93,3325.63,2974.3
SALE04275,2023-05-11,S002,Westside,P012,Lamp,Home,5,34.99,17.53,174.95,87.65,87.3
SALE04276,2023-02-16,S002,Westside,P005,T-Shirt,Clothing,4,19.99,10.94,79.96,43.76,36.2
SALE04277,2023-06-02,S005,Southmall,P008,Sneakers,Clothing,4,69.99,29.21,279.96,116.84,163.12
SALE04278,2023-03-24,S004,Eastpark,P013,Protein Bar,Food,8,2.99,1.21,23.92,9.68,14.24
SALE04279,2023-11-20,S004,Eastpark,P007,Jacket,Clothing,6,89.99,52.05,539.94,312.3,227.64
SALE04280,2023-11-26,S005,Southmall,P013,Protein Bar,Food,7,2.99,1.21,20.93,8.47,12.46
SALE04281,2023-01-18,S002,Westside,P006,Jeans,Clothing,5,49.99,26.76,249.95,133.8,116.15
SALE04282,2023-02-11,S004,Eastpark,P008,Sneakers,Clothing,8,69.99,29.21,559.92,233.68,326.24
SALE04283,2023-08-30,S001,Downtown,P009,Coffee Maker,Home,7,59.99,29.06,419.93,203.42,216.51
SALE04284,2023-06-20,S005,Southmall,P005,T-Shirt,Clothing,7,19.99,10.94,139.93,76.58,63.35
SALE04285,2023-02-21,S003,Northgate,P005,T-Shirt,Clothing,3,19.99,10.94,59.97,32.82,27.15
SALE04286,2023-12-24,S002,Westside,P002,Headphones,Electronics,5,79.99,32.4,399.95,162.0,237.95
SALE04287,2023-09-17,S001,Downtown,P001,Laptop,Electronics,2,899.99,475.09,1799.98,950.18,849.8
SALE04288,2023-06-30,S004,Eastpark,P010,Blender,Home,7,39.99,16.23,279.93,113.61,166.32
SALE04289,2023-11-05,S004,Eastpark,P009,Coffee Maker,Home,9,59.99,29.06,539.91,261.54,278.37
SALE04290,2023-06-17,S004,Eastpark,P002,Headphones,Electronics,8,79.99,32.4,639.92,259.2,380.72
SALE04291,2023-12-22,S003,Northgate,P006,Jeans,Clothing,1,49.99,26.76,49.99,26.76,23.23
SALE04292,2023-01-27,S002,Westside,P012,Lamp,Home,3,34.99,17.53,104.97,52.59,52.38
SALE04293,2023-11-19,S005,Southmall,P015,Olive Oil,Food,8,9.99,5.29,79.92,42.32,37.6
SALE04294,2023-11-25,S004,Eastpark,P013,Protein Bar,Food,3,2.99,1.21,8.97,3.63,5.34
SALE04295,2023-01-02,S005,Southmall,P010,Blender,Home,7,39.99,16.23,279.93,113.61,166.32
SALE04296,2023-04-13,S004,Eastpark,P006,Jeans,Clothing,5,49.99,26.76,249.95,133.8,116.15
SALE04297,2023-06-10,S004,Eastpark,P016,Granola,Food,10,6.99,3.56,69.9,35.6,34.3
SALE04298,2023-02-12,S002,Westside,P012,Lamp,Home,2,34.99,17.53,69.98,35.06,34.92
SALE04299,2023-03-22,S005,Southmall,P014,Coffee Beans,Food,4,14.99,6.59,59.96,26.36,33.6
SALE04300,2023-09-22,S004,Eastpark,P005,T-Shirt,Clothing,3,19.99,10.94,59.97,32.82,27.15
SALE04301,2023-11-01,S005,Southmall,P008,Sneakers,Clothing,7,69.99,29.21,489.93,204.47,285.46
SALE04302,2023-06-13,S002,Westside,P004,Tablet,Electronics,8,449.99,200.08,3599.92,1600.64,1999.28
SALE04303,2023-09-02,S001,Downtown,P015,Olive Oil,Food,3,9.99,5.29,29.97,15.87,14.1
SALE04304,2023-05-14,S001,Downtown,P011,Vacuum,Home,3,129.99,57.68,389.97,173.04,216.93
SALE04305,2023-12-18,S001,Downtown,P006,Jeans,Clothing,10,49.99,26.76,499.9,267.6,232.3
SALE04306,2023-06-17,S003,Northgate,P011,Vacuum,Home,5,129.99,57.68,649.95,288.4,361.55
SALE04307,2023-04-12,S002,Westside,P007,Jacket,Clothing,2,89.99,52.05,179.98,104.1,75.88
SALE04308,2023-08-01,S004,Eastpark,P002,Headphones,Electronics,6,79.99,32.4,479.94,194.4,285.54
SALE04309,2023-04-04,S002,Westside,P003,Smartwatch,Electronics,7,199.99,91.0,1399.93,637.0,762.93
SALE04310,2023-07-13,S004,Eastpark,P002,Headphones,Electronics,10,79.99,32.4,799.9,324.0,475.9
SALE04311,2023-04-25,S002,Westside,P012,Lamp,Home,1,34.99,17.53,34.99,17.53,17.46
SALE04312,2023-01-12,S004,Eastpark,P003,Smartwatch,Electronics,9,199.99,91.0,1799.91,819.0,980.91
SALE04313,2023-11-28,S005,Southmall,P016,Granola,Food,10,6.99,3.56,69.9,35.6,34.3
SALE04314,2023-11-17,S002,Westside,P012,Lamp,Home,4,34.99,17.53,139.96,70.12,69.84
SALE04315,2023-02-15,S001,Downtown,P004,Tablet,Electronics,8,449.99,200.08,3599.92,1600.64,1999.28
SALE04316,2023-04-12,S003,Northgate,P014,Coffee Beans,Food,5,14.99,6.59,74.95,32.95,42.0
SALE04317,2023-12-26,S004,Eastpark,P008,Sneakers,Clothing,3,69.99,29.21,209.97,87.63,122.34
SALE04318,2023-01-26,S005,Southmall,P008,Sneakers,Clothing,7,69.99,29.21,489.93,204.47,285.46
SALE04319,2023-11-13,S003,Northgate,P015,Olive Oil,Food,7,9.99,5.29,69.93,37.03,32.9
SALE04320,2023-11-04,S005,Southmall,P007,Jacket,Clothing,5,89.99,52.05,449.95,260.25,189.7
SALE04321,2023-03-18,S003,Northgate,P008,Sneakers,Clothing,2,69.99,29.21,139.98,58.42,81.56
SALE04322,2023-07-08,S001,Downtown,P013,Protein Bar,Food,3,2.99,1.21,8.97,3.63,5.34
SALE04323,2023-10-18,S002,Westside,P002,Headphones,Electronics,2,79.99,32.4,159.98,64.8,95.18
SALE04324,2023-01-08,S004,Eastpark,P011,Vacuum,Home,9,129.99,57.68,1169.91,519.12,650.79
SALE04325,2023-08-11,S003,Northgate,P007,Jacket,Clothing,8,89.99,52.05,719.92,416.4,303.52
SALE04326,2023-12-11,S001,Downtown,P012,Lamp,Home,8,34.99,17.53,279.92,140.24,139.68
SALE04327,2023-03-02,S005,Southmall,P003,Smartwatch,Electronics,4,199.99,91.0,799.96,364.0,435.96
SALE04328,2023-04-15,S003,Northgate,P004,Tablet,Electronics,4,449.99,200.08,1799.96,800.32,999.64
SALE04329,2023-05-17,S002,Westside,P015,Olive Oil,Food,5,9.99,5.29,49.95,26.45,23.5
SALE04330,2023-09-11,S003,Northgate,P011,Vacuum,Home,7,129.99,57.68,909.93,403.76,506.17
SALE04331,2023-03-08,S003,Northgate,P015,Olive Oil,Food,7,9.99,5.29,69.93,37.03,32.9
SALE04332,2023-04-16,S004,Eastpark,P016,Granola,Food,10,6.99,3.56,69.9,35.6,34.3
SALE04333,2023-04-21,S002,Westside,P003,Smartwatch,Electronics,5,199.99,91.0,999.95,455.0,544.95
SALE04334,2023-12-13,S002,Westside,P007,Jacket,Clothing,4,89.99,52.05,359.96,208.2,151.76
SALE04335,2023-08-03,S005,Southmall,P005,T-Shirt,Clothing,3,19.99,10.94,59.97,32.82,27.15
SALE04336,2023-07-29,S005,Southmall,P008,Sneakers,Clothing,3,69.99,29.21,209.97,87.63,122.34
SALE04337,2023-01-15,S005,Southmall,P005,T-Shirt,Clothing,5,19.99,10.94,99.95,54.7,45.25
SALE04338,2023-05-15,S001,Downtown,P005,T-Shirt,Clothing,4,19.99,10.94,79.96,43.76,36.2
SALE04339,2023-11-13,S003,Northgate,P005,T-Shirt,Clothing,8,19.99,10.94,159.92,87.52,72.4
SALE04340,2023-05-08,S002,Westside,P012,Lamp,Home,6,34.99,17.53,209.94,105.18,104.76
SALE04341,2023-10-26,S005,Southmall,P013,Protein Bar,Food,8,2.99,1.21,23.92,9.68,14.24
SALE04342,2023-02-13,S002,Westside,P008,Sneakers,Clothing,1,69.99,29.21,69.99,29.21,40.78
SALE04343,2023-08-29,S005,Southmall,P011,Vacuum,Home,3,129.99,57.68,389.97,173.04,216.93
SALE04344,2023-06-15,S003,Northgate,P011,Vacuum,Home,7,129.99,57.68,909.93,403.76,506.17
SALE04345,2023-12-18,S003,Northgate,P016,Granola,Food,4,6.99,3.56,27.96,14.24,13.72
SALE04346,2023-07-16,S004,Eastpark,P007,Jacket,Clothing,7,89.99,52.05,629.93,364.35,265.58
SALE04347,2023-11-02,S005,Southmall,P003,Smartwatch,Electronics,5,199.99,91.0,999.95,455.0,544.95
SALE04348,2023-02-07,S002,Westside,P001,Laptop,Electronics,2,899.99,475.09,1799.98,950.18,849.8
SALE04349,2023-10-13,S002,Westside,P016,Granola,Food,1,6.99,3.56,6.99,3.56,3.43
SALE04350,2023-01-27,S003,Northgate,P005,T-Shirt,Clothing,6,19.99,10.94,119.94,65.64,54.3
SALE04351,2023-05-01,S003,Northgate,P001,Laptop,Electronics,8,899.99,475.09,7199.92,3800.72,3399.2
SALE04352,2023-07-01,S002,Westside,P001,Laptop,Electronics,10,899.99,475.09,8999.9,4750.9,4249.0
SALE04353,2023-12-10,S005,Southmall,P011,Vacuum,Home,10,129.99,57.68,1299.9,576.8,723.1
SALE04354,2023-12-30,S004,Eastpark,P009,Coffee Maker,Home,1,59.99,29.06,59.99,29.06,30.93
SALE04355,2023-01-03,S003,Northgate,P013,Protein Bar,Food,5,2.99,1.21,14.95,6.05,8.9
SALE04356,2023-09-16,S002,Westside,P010,Blender,Home,10,39.99,16.23,399.9,162.3,237.6
SALE04357,2023-07-15,S002,Westside,P001,Laptop,Electronics,5,899.99,475.09,4499.95,2375.45,2124.5
SALE04358,2023-07-22,S003,Northgate,P007,Jacket,Clothing,6,89.99,52.05,539.94,312.3,227.64
SALE04359,2023-03-09,S001,Downtown,P006,Jeans,Clothing,9,49.99,26.76,449.91,240.84,209.07
SALE04360,2023-01-22,S005,Southmall,P014,Coffee Beans,Food,10,14.99,6.59,149.9,65.9,84.0
SALE04361,2023-04-02,S003,Northgate,P007,Jacket,Clothing,5,89.99,52.05,449.95,260.25,189.7
SALE04362,2023-03-28,S001,Downtown,P013,Protein Bar,Food,9,2.99,1.21,26.91,10.89,16.02
SALE04363,2023-09-10,S004,Eastpark,P006,Jeans,Clothing,6,49.99,26.76,299.94,160.56,139.38
SALE04364,2023-08-28,S003,Northgate,P014,Coffee Beans,Food,3,14.99,6.59,44.97,19.77,25.2
SALE04365,2023-02-15,S004,Eastpark,P007,Jacket,Clothing,6,89.99,52.05,539.94,312.3,227.64
SALE04366,2023-12-30,S003,Northgate,P012,Lamp,Home,9,34.99,17.53,314.91,157.77,157.14
SALE04367,2023-08-10,S001,Downtown,P015,Olive Oil,Food,3,9.99,5.29,29.97,15.87,14.1
SALE04368,2023-05-14,S003,Northgate,P006,Jeans,Clothing,2,49.99,26.76,99.98,53.52,46.46
SALE04369,2023-06-10,S002,Westside,P003,Smartwatch,Electronics,1,199.99,91.0,199.99,91.0,108.99
SALE04370,2023-03-07,S004,Eastpark,P003,Smartwatch,Electronics,8,199.99,91.0,1599.92,728.0,871.92
SALE04371,2023-05-24,S002,Westside,P015,Olive Oil,Food,6,9.99,5.29,59.94,31.74,28.2
SALE04372,2023-08-09,S003,Northgate,P010,Blender,Home,5,39.99,16.23,199.95,81.15,118.8
SALE04373,2023-05-15,S005,Southmall,P011,Vacuum,Home,10,129.99,57.68,1299.9,576.8,723.1
SALE04374,2023-05-16,S001,Downtown,P010,Blender,Home,9,39.99,16.23,359.91,146.07,213.84
SALE04375,2023-06-10,S004,Eastpark,P010,Blender,Home,7,39.99,16.23,279.93,113.61,166.32
SALE04376,2023-03-26,S002,Westside,P010,Blender,Home,6,39.99,16.23,239.94,97.38,142.56
SALE04377,2023-09-09,S002,Westside,P005,T-Shirt,Clothing,3,19.99,10.94,59.97,32.82,27.15
SALE04378,2023-10-12,S001,Downtown,P016,Granola,Food,8,6.99,3.56,55.92,28.48,27.44
SALE04379,2023-01-28,S001,Downtown,P016,Granola,Food,4,6.99,3.56,27.96,14.24,13.72
SALE04380,2023-03-18,S003,Northgate,P009,Coffee Maker,Home,1,59.99,29.06,59.99,29.06,30.93
SALE04381,2023-04-28,S004,Eastpark,P009,Coffee Maker,Home,3,59.99,29.06,179.97,87.18,92.79
SALE04382,2023-01-19,S003,Northgate,P012,Lamp,Home,8,34.99,17.53,279.92,140.24,139.68
SALE04383,2023-05-14,S002,Westside,P005,T-Shirt,Clothing,3,19.99,10.94,59.97,32.82,27.15
SALE04384,2023-12-28,S002,Westside,P003,Smartwatch,Electronics,8,199.99,91.0,1599.92,728.0,871.92
SALE04385,2023-08-12,S003,Northgate,P001,Laptop,Electronics,2,899.99,475.09,1799.98,950.18,849.8
SALE04386,2023-09-11,S001,Downtown,P006,Jeans,Clothing,1,49.99,26.76,49.99,26.76,23.23
SALE04387,2023-08-15,S001,Downtown,P005,T-Shirt,Clothing,6,19.99,10.94,119.94,65.64,54.3
SALE04388,2023-12-30,S005,Southmall,P010,Blender,Home,9,39.99,16.23,359.91,146.07,213.84
SALE04389,2023-09-06,S003,Northgate,P003,Smartwatch,Electronics,8,199.99,91.0,1599.92,728.0,871.92
SALE04390,2023-09-10,S005,Southmall,P003,Smartwatch,Electronics,2,199.99,91.0,399.98,182.0,217.98
SALE04391,2023-03-17,S002,Westside,P005,T-Shirt,Clothing,2,19.99,10.94,39.98,21.88,18.1
SALE04392,2023-06-28,S001,Downtown,P013,Protein Bar,Food,2,2.99,1.21,5.98,2.42,3.56
SALE04393,2023-04-15,S003,Northgate,P008,Sneakers,Clothing,5,69.99,29.21,349.95,146.05,203.9
SALE04394,2023-04-03,S005,Southmall,P007,Jacket,Clothing,3,89.99,52.05,269.97,156.15,113.82
SALE04395,2023-09-18,S003,Northgate,P002,Headphones,Electronics,5,79.99,32.4,399.95,162.0,237.95
SALE04396,2023-10-16,S004,Eastpark,P012,Lamp,Home,10,34.99,17.53,349.9,175.3,174.6
SALE04397,2023-04-19,S004,Eastpark,P016,Granola,Food,10,6.99,3.56,69.9,35.6,34.3
SALE04398,2023-01-03,S003,Northgate,P011,Vacuum,Home,9,129.99,57.68,1169.91,519.12,650.79
SALE04399,2023-10-20,S004,Eastpark,P002,Headphones,Electronics,3,79.99,32.4,239.97,97.2,142.77
SALE04400,2023-08-02,S003,Northgate,P009,Coffee Maker,Home,2,59.99,29.06,119.98,58.12,61.86
SALE04401,2023-05-07,S002,Westside,P006,Jeans,Clothing,8,49.99,26.76,399.92,214.08,185.84
SALE04402,2023-12-13,S001,Downtown,P004,Tablet,Electronics,2,449.99,200.08,899.98,400.16,499.82
SALE04403,2023-06-18,S003,Northgate,P005,T-Shirt,Clothing,1,19.99,10.94,19.99,10.94,9.05
SALE04404,2023-05-26,S005,Southmall,P012,Lamp,Home,2,34.99,17.53,69.98,35.06,34.92
SALE04405,2023-07-21,S002,Westside,P012,Lamp,Home,6,34.99,17.53,209.94,105.18,104.76
SALE04406,2023-10-30,S001,Downtown,P006,Jeans,Clothing,2,49.99,26.76,99.98,53.52,46.46
SALE04407,2023-06-15,S001,Downtown,P012,Lamp,Home,3,34.99,17.53,104.97,52.59,52.38
SALE04408,2023-01-15,S005,Southmall,P003,Smartwatch,Electronics,2,199.99,91.0,399.98,182.0,217.98
SALE04409,2023-08-24,S003,Northgate,P005,T-Shirt,Clothing,8,19.99,10.94,159.92,87.52,72.4
SALE04410,2023-08-21,S003,Northgate,P003,Smartwatch,Electronics,5,199.99,91.0,999.95,455.0,544.95
SALE04411,2023-11-01,S002,Westside,P011,Vacuum,Home,1,129.99,57.68,129.99,57.68,72.31
SALE04412,2023-06-18,S002,Westside,P012,Lamp,Home,1,34.99,17.53,34.99,17.53,17.46
SALE04413,2023-12-02,S003,Northgate,P002,Headphones,Electronics,10,79.99,32.4,799.9,324.0,475.9
SALE04414,2023-08-20,S004,Eastpark,P008,Sneakers,Clothing,6,69.99,29.21,419.94,175.26,244.68
SALE04415,2023-10-19,S002,Westside,P008,Sneakers,Clothing,3,69.99,29.21,209.97,87.63,122.34
SALE04416,2023-04-19,S003,Northgate,P007,Jacket,Clothing,1,89.99,52.05,89.99,52.05,37.94
SALE04417,2023-11-26,S002,Westside,P007,Jacket,Clothing,5,89.99,52.05,449.95,260.25,189.7
SALE04418,2023-06-15,S003,Northgate,P010,Blender,Home,1,39.99,16.23,39.99,16.23,23.76
SALE04419,2023-02-06,S003,Northgate,P006,Jeans,Clothing,9,49.99,26.76,449.91,240.84,209.07
SALE04420,2023-11-05,S001,Downtown,P014,Coffee Beans,Food,7,14.99,6.59,104.93,46.13,58.8
SALE04421,2023-02-17,S002,Westside,P013,Protein Bar,Food,7,2.99,1.21,20.93,8.47,12.46
SALE04422,2023-05-11,S003,Northgate,P013,Protein Bar,Food,3,2.99,1.21,8.97,3.63,5.34
SALE04423,2023-05-03,S004,Eastpark,P001,Laptop,Electronics,7,899.99,475.09,6299.93,3325.63,2974.3
SALE04424,2023-02-15,S001,Downtown,P008,Sneakers,Clothing,1,69.99,29.21,69.99,29.21,40.78
SALE04425,2023-04-17,S002,Westside,P010,Blender,Home,3,39.99,16.23,119.97,48.69,71.28
SALE04426,2023-07-18,S004,Eastpark,P013,Protein Bar,Food,7,2.99,1.21,20.93,8.47,12.46
SALE04427,2023-05-26,S001,Downtown,P001,Laptop,Electronics,3,899.99,475.09,2699.97,1425.27,1274.7
SALE04428,2023-03-03,S004,Eastpark,P002,Headphones,Electronics,5,79.99,32.4,399.95,162.0,237.95
SALE04429,2023-09-09,S005,Southmall,P011,Vacuum,Home,7,129.99,57.68,909.93,403.76,506.17
SALE04430,2023-06-08,S004,Eastpark,P014,Coffee Beans,Food,10,14.99,6.59,149.9,65.9,84.0
SALE04431,2023-03-09,S003,Northgate,P001,Laptop,Electronics,6,899.99,475.09,5399.94,2850.54,2549.4
SALE04432,2023-12-07,S004,Eastpark,P009,Coffee Maker,Home,2,59.99,29.06,119.98,58.12,61.86
SALE04433,2023-07-08,S004,Eastpark,P009,Coffee Maker,Home,9,59.99,29.06,539.91,261.54,278.37
SALE04434,2023-04-13,S001,Downtown,P005,T-Shirt,Clothing,8,19.99,10.94,159.92,87.52,72.4
SALE04435,2023-08-17,S003,Northgate,P007,Jacket,Clothing,7,89.99,52.05,629.93,364.35,265.58
SALE04436,2023-09-01,S002,Westside,P014,Coffee Beans,Food,5,14.99,6.59,74.95,32.95,42.0
SALE04437,2023-10-16,S005,Southmall,P004,Tablet,Electronics,10,449.99,200.08,4499.9,2000.8,2499.1
SALE04438,2023-08-05,S002,Westside,P016,Granola,Food,2,6.99,3.56,13.98,7.12,6.86
SALE04439,2023-08-05,S003,Northgate,P003,Smartwatch,Electronics,6,199.99,91.0,1199.94,546.0,653.94
SALE04440,2023-11-11,S005,Southmall,P013,Protein Bar,Food,3,2.99,1.21,8.97,3.63,5.34
SALE04441,2023-08-11,S002,Westside,P005,T-Shirt,Clothing,7,19.99,10.94,139.93,76.58,63.35
SALE04442,2023-02-17,S004,Eastpark,P011,Vacuum,Home,1,129.99,57.68,129.99,57.68,72.31
SALE04443,2023-09-20,S003,Northgate,P003,Smartwatch,Electronics,6,199.99,91.0,1199.94,546.0,653.94
SALE04444,2023-08-26,S003,Northgate,P012,Lamp,Home,4,34.99,17.53,139.96,70.12,69.84
SALE04445,2023-11-28,S001,Downtown,P016,Granola,Food,3,6.99,3.56,20.97,10.68,10.29
SALE04446,2023-09-11,S002,Westside,P016,Granola,Food,9,6.99,3.56,62.91,32.04,30.87
SALE04447,2023-11-19,S005,Southmall,P012,Lamp,Home,9,34.99,17.53,314.91,157.77,157.14
SALE04448,2023-02-12,S004,Eastpark,P006,Jeans,Clothing,5,49.99,26.76,249.95,133.8,116.15
SALE04449,2023-08-28,S003,Northgate,P015,Olive Oil,Food,7,9.99,5.29,69.93,37.03,32.9
SALE04450,2023-02-10,S002,Westside,P001,Laptop,Electronics,8,899.99,475.09,7199.92,3800.72,3399.2
SALE04451,2023-06-03,S005,Southmall,P005,T-Shirt,Clothing,3,19.99,10.94,59.97,32.82,27.15
SALE04452,2023-03-07,S004,Eastpark,P010,Blender,Home,5,39.99,16.23,199.95,81.15,118.8
SALE04453,2023-05-08,S005,Southmall,P007,Jacket,Clothing,9,89.99,52.05,809.91,468.45,341.46
SALE04454,2023-08-07,S003,Northgate,P002,Headphones,Electronics,5,79.99,32.4,399.95,162.0,237.95
SALE04455,2023-10-19,S001,Downtown,P008,Sneakers,Clothing,1,69.99,29.21,69.99,29.21,40.78
SALE04456,2023-10-10,S002,Westside,P010,Blender,Home,2,39.99,16.23,79.98,32.46,47.52
SALE04457,2023-01-24,S001,Downtown,P014,Coffee Beans,Food,9,14.99,6.59,134.91,59.31,75.6
SALE04458,2023-02-25,S003,Northgate,P015,Olive Oil,Food,9,9.99,5.29,89.91,47.61,42.3
SALE04459,2023-08-06,S002,Westside,P011,Vacuum,Home,7,129.99,57.68,909.93,403.76,506.17
SALE04460,2023-02-18,S005,Southmall,P013,Protein Bar,Food,8,2.99,1.21,23.92,9.68,14.24
SALE04461,2023-12-05,S002,Westside,P010,Blender,Home,10,39.99,16.23,399.9,162.3,237.6
SALE04462,2023-05-10,S002,Westside,P009,Coffee Maker,Home,6,59.99,29.06,359.94,174.36,185.58
SALE04463,2023-05-11,S004,Eastpark,P011,Vacuum,Home,10,129.99,57.68,1299.9,576.8,723.1
SALE04464,2023-02-11,S004,Eastpark,P009,Coffee Maker,Home,9,59.99,29.06,539.91,261.54,278.37
SALE04465,2023-01-09,S003,Northgate,P013,Protein Bar,Food,2,2.99,1.21,5.98,2.42,3.56
SALE04466,2023-12-05,S005,Southmall,P001,Laptop,Electronics,8,899.99,475.09,7199.92,3800.72,3399.2
SALE04467,2023-04-02,S003,Northgate,P008,Sneakers,Clothing,3,69.99,29.21,209.97,87.63,122.34
SALE04468,2023-07-21,S004,Eastpark,P007,Jacket,Clothing,1,89.99,52.05,89.99,52.05,37.94
SALE04469,2023-02-12,S005,Southmall,P010,Blender,Home,7,39.99,16.23,279.93,113.61,166.32
SALE04470,2023-12-27,S004,Eastpark,P014,Coffee Beans,Food,5,14.99,6.59,74.95,32.95,42.0
SALE04471,2023-06-10,S004,Eastpark,P003,Smartwatch,Electronics,10,199.99,91.0,1999.9,910.0,1089.9
SALE04472,2023-08-21,S005,Southmall,P005,T-Shirt,Clothing,8,19.99,10.94,159.92,87.52,72.4
SALE04473,2023-11-16,S001,Downtown,P005,T-Shirt,Clothing,5,19.99,10.94,99.95,54.7,45.25
SALE04474,2023-06-24,S004,Eastpark,P005,T-Shirt,Clothing,3,19.99,10.94,59.97,32.82,27.15
SALE04475,2023-04-19,S002,Westside,P008,Sneakers,Clothing,3,69.99,29.21,209.97,87.63,122.34
SALE04476,2023-02-10,S004,Eastpark,P016,Granola,Food,10,6.99,3.56,69.9,35.6,34.3
SALE04477,2023-05-13,S004,Eastpark,P001,Laptop,Electronics,2,899.99,475.09,1799.98,950.18,849.8
SALE04478,2023-08-11,S002,Westside,P012,Lamp,Home,9,34.99,17.53,314.91,157.77,157.14
SALE04479,2023-01-10,S003,Northgate,P001,Laptop,Electronics,1,899.99,475.09,899.99,475.09,424.9
SALE04480,2023-07-22,S002,Westside,P011,Vacuum,Home,2,129.99,57.68,259.98,115.36,144.62
SALE04481,2023-01-07,S005,Southmall,P010,Blender,Home,3,39.99,16.23,119.97,48.69,71.28
SALE04482,2023-12-02,S005,Southmall,P011,Vacuum,Home,8,129.99,57.68,1039.92,461.44,578.48
SALE04483,2023-08-24,S004,Eastpark,P005,T-Shirt,Clothing,7,19.99,10.94,139.93,76.58,63.35
SALE04484,2023-12-03,S004,Eastpark,P005,T-Shirt,Clothing,10,19.99,10.94,199.9,109.4,90.5
SALE04485,2023-09-07,S001,Downtown,P014,Coffee Beans,Food,5,14.99,6.59,74.95,32.95,42.0
SALE04486,2023-11-13,S002,Westside,P001,Laptop,Electronics,10,899.99,475.09,8999.9,4750.9,4249.0
SALE04487,2023-07-04,S005,Southmall,P002,Headphones,Electronics,7,79.99,32.4,559.93,226.8,333.13
SALE04488,2023-06-04,S004,Eastpark,P016,Granola,Food,2,6.99,3.56,13.98,7.12,6.86
SALE04489,2023-03-06,S002,Westside,P002,Headphones,Electronics,3,79.99,32.4,239.97,97.2,142.77
SALE04490,2023-01-08,S005,Southmall,P010,Blender,Home,4,39.99,16.23,159.96,64.92,95.04
SALE04491,2023-02-27,S002,Westside,P015,Olive Oil,Food,1,9.99,5.29,9.99,5.29,4.7
SALE04492,2023-12-23,S003,Northgate,P008,Sneakers,Clothing,4,69.99,29.21,279.96,116.84,163.12
SALE04493,2023-01-14,S005,Southmall,P007,Jacket,Clothing,4,89.99,52.05,359.96,208.2,151.76
SALE04494,2023-09-04,S002,Westside,P010,Blender,Home,3,39.99,16.23,119.97,48.69,71.28
SALE04495,2023-11-29,S002,Westside,P009,Coffee Maker,Home,4,59.99,29.06,239.96,116.24,123.72
SALE04496,2023-08-12,S003,Northgate,P008,Sneakers,Clothing,9,69.99,29.21,629.91,262.89,367.02
SALE04497,2023-04-08,S005,Southmall,P008,Sneakers,Clothing,2,69.99,29.21,139.98,58.42,81.56
SALE04498,2023-06-04,S002,Westside,P003,Smartwatch,Electronics,8,199.99,91.0,1599.92,728.0,871.92
SALE04499,2023-03-17,S004,Eastpark,P003,Smartwatch,Electronics,8,199.99,91.0,1599.92,728.0,871.92
SALE04500,2023-08-05,S003,Northgate,P003,Smartwatch,Electronics,1,199.99,91.0,199.99,91.0,108.99
SALE04501,2023-03-01,S004,Eastpark,P009,Coffee Maker,Home,3,59.99,29.06,179.97,87.18,92.79
SALE04502,2023-03-20,S003,Northgate,P004,Tablet,Electronics,8,449.99,200.08,3599.92,1600.64,1999.28
SALE04503,2023-09-06,S002,Westside,P010,Blender,Home,8,39.99,16.23,319.92,129.84,190.08
SALE04504,2023-01-11,S004,Eastpark,P010,Blender,Home,8,39.99,16.23,319.92,129.84,190.08
SALE04505,2023-10-27,S002,Westside,P015,Olive Oil,Food,4,9.99,5.29,39.96,21.16,18.8
SALE04506,2023-04-14,S001,Downtown,P001,Laptop,Electronics,5,899.99,475.09,4499.95,2375.45,2124.5
SALE04507,2023-10-19,S002,Westside,P003,Smartwatch,Electronics,7,199.99,91.0,1399.93,637.0,762.93
SALE04508,2023-01-27,S005,Southmall,P012,Lamp,Home,6,34.99,17.53,209.94,105.18,104.76
SALE04509,2023-01-05,S004,Eastpark,P009,Coffee Maker,Home,2,59.99,29.06,119.98,58.12,61.86
SALE04510,2023-11-19,S002,Westside,P014,Coffee Beans,Food,7,14.99,6.59,104.93,46.13,58.8
SALE04511,2023-08-01,S003,Northgate,P011,Vacuum,Home,8,129.99,57.68,1039.92,461.44,578.48
SALE04512,2023-10-24,S005,Southmall,P005,T-Shirt,Clothing,10,19.99,10.94,199.9,109.4,90.5
SALE04513,2023-10-11,S003,Northgate,P014,Coffee Beans,Food,5,14.99,6.59,74.95,32.95,42.0
SALE04514,2023-01-19,S003,Northgate,P006,Jeans,Clothing,8,49.99,26.76,399.92,214.08,185.84
SALE04515,2023-07-24,S005,Southmall,P008,Sneakers,Clothing,8,69.99,29.21,559.92,233.68,326.24
SALE04516,2023-09-20,S004,Eastpark,P004,Tablet,Electronics,10,449.99,200.08,4499.9,2000.8,2499.1
SALE04517,2023-11-10,S003,Northgate,P007,Jacket,Clothing,8,89.99,52.05,719.92,416.4,303.52
SALE04518,2023-04-29,S004,Eastpark,P012,Lamp,Home,1,34.99,17.53,34.99,17.53,17.46
SALE04519,2023-09-28,S004,Eastpark,P016,Granola,Food,1,6.99,3.56,6.99,3.56,3.43
SALE04520,2023-08-05,S005,Southmall,P003,Smartwatch,Electronics,10,199.99,91.0,1999.9,910.0,1089.9
SALE04521,2023-06-11,S004,Eastpark,P016,Granola,Food,9,6.99,3.56,62.91,32.04,30.87
SALE04522,2023-02-02,S003,Northgate,P002,Headphones,Electronics,5,79.99,32.4,399.95,162.0,237.95
SALE04523,2023-11-28,S004,Eastpark,P008,Sneakers,Clothing,7,69.99,29.21,489.93,204.47,285.46
SALE04524,2023-08-31,S003,Northgate,P001,Laptop,Electronics,2,899.99,475.09,1799.98,950.18,849.8
SALE04525,2023-09-11,S001,Downtown,P007,Jacket,Clothing,10,89.99,52.05,899.9,520.5,379.4
SALE04526,2023-11-27,S001,Downtown,P015,Olive Oil,Food,6,9.99,5.29,59.94,31.74,28.2
SALE04527,2023-08-18,S001,Downtown,P001,Laptop,Electronics,7,899.99,475.09,6299.93,3325.63,2974.3
SALE04528,2023-01-11,S001,Downtown,P011,Vacuum,Home,3,129.99,57.68,389.97,173.04,216.93
SALE04529,2023-05-28,S001,Downtown,P006,Jeans,Clothing,4,49.99,26.76,199.96,107.04,92.92
SALE04530,2023-08-29,S003,Northgate,P008,Sneakers,Clothing,6,69.99,29.21,419.94,175.26,244.68
SALE04531,2023-08-13,S003,Northgate,P011,Vacuum,Home,4,129.99,57.68,519.96,230.72,289.24
SALE04532,2023-09-17,S005,Southmall,P013,Protein Bar,Food,4,2.99,1.21,11.96,4.84,7.12
SALE04533,2023-10-28,S005,Southmall,P001,Laptop,Electronics,6,899.99,475.09,5399.94,2850.54,2549.4
SALE04534,2023-11-05,S005,Southmall,P003,Smartwatch,Electronics,8,199.99,91.0,1599.92,728.0,871.92
SALE04535,2023-03-09,S004,Eastpark,P013,Protein Bar,Food,5,2.99,1.21,14.95,6.05,8.9
SALE04536,2023-12-31,S004,Eastpark,P011,Vacuum,Home,7,129.99,57.68,909.93,403.76,506.17
SALE04537,2023-08-02,S005,Southmall,P010,Blender,Home,6,39.99,16.23,239.94,97.38,142.56
SALE04538,2023-08-30,S005,Southmall,P003,Smartwatch,Electronics,3,199.99,91.0,599.97,273.0,326.97
SALE04539,2023-11-15,S004,Eastpark,P008,Sneakers,Clothing,4,69.99,29.21,279.96,116.84,163.12
SALE04540,2023-05-25,S003,Northgate,P001,Laptop,Electronics,2,899.99,475.09,1799.98,950.18,849.8
SALE04541,2023-12-08,S001,Downtown,P007,Jacket,Clothing,8,89.99,52.05,719.92,416.4,303.52
SALE04542,2023-03-08,S005,Southmall,P009,Coffee Maker,Home,3,59.99,29.06,179.97,87.18,92.79
SALE04543,2023-04-13,S005,Southmall,P007,Jacket,Clothing,3,89.99,52.05,269.97,156.15,113.82
SALE04544,2023-11-07,S005,Southmall,P013,Protein Bar,Food,8,2.99,1.21,23.92,9.68,14.24
SALE04545,2023-02-21,S001,Downtown,P012,Lamp,Home,7,34.99,17.53,244.93,122.71,122.22
SALE04546,2023-09-10,S005,Southmall,P006,Jeans,Clothing,5,49.99,26.76,249.95,133.8,116.15
SALE04547,2023-05-01,S003,Northgate,P009,Coffee Maker,Home,4,59.99,29.06,239.96,116.24,123.72
SALE04548,2023-10-13,S001,Downtown,P012,Lamp,Home,1,34.99,17.53,34.99,17.53,17.46
SALE04549,2023-01-10,S001,Downtown,P016,Granola,Food,6,6.99,3.56,41.94,21.36,20.58
SALE04550,2023-05-14,S002,Westside,P004,Tablet,Electronics,6,449.99,200.08,2699.94,1200.48,1499.46
SALE04551,2023-12-13,S005,Southmall,P002,Headphones,Electronics,3,79.99,32.4,239.97,97.2,142.77
SALE04552,2023-03-31,S003,Northgate,P011,Vacuum,Home,9,129.99,57.68,1169.91,519.12,650.79
SALE04553,2023-01-17,S003,Northgate,P012,Lamp,Home,2,34.99,17.53,69.98,35.06,34.92
SALE04554,2023-06-22,S002,Westside,P002,Headphones,Electronics,7,79.99,32.4,559.93,226.8,333.13
SALE04555,2023-02-28,S005,Southmall,P016,Granola,Food,10,6.99,3.56,69.9,35.6,34.3
SALE04556,2023-04-27,S005,Southmall,P011,Vacuum,Home,2,129.99,57.68,259.98,115.36,144.62
SALE04557,2023-10-15,S003,Northgate,P003,Smartwatch,Electronics,4,199.99,91.0,799.96,364.0,435.96
SALE04558,2023-09-07,S004,Eastpark,P002,Headphones,Electronics,5,79.99,32.4,399.95,162.0,237.95
SALE04559,2023-06-24,S002,Westside,P012,Lamp,Home,6,34.99,17.53,209.94,105.18,104.76
SALE04560,2023-01-24,S002,Westside,P014,Coffee Beans,Food,9,14.99,6.59,134.91,59.31,75.6
SALE04561,2023-05-17,S005,Southmall,P001,Laptop,Electronics,3,899.99,475.09,2699.97,1425.27,1274.7
SALE04562,2023-12-20,S003,Northgate,P011,Vacuum,Home,9,129.99,57.68,1169.91,519.12,650.79
SALE04563,2023-11-06,S001,Downtown,P002,Headphones,Electronics,2,79.99,32.4,159.98,64.8,95.18
SALE04564,2023-12-28,S005,Southmall,P003,Smartwatch,Electronics,1,199.99,91.0,199.99,91.0,108.99
SALE04565,2023-08-13,S004,Eastpark,P002,Headphones,Electronics,8,79.99,32.4,639.92,259.2,380.72
SALE04566,2023-02-26,S004,Eastpark,P012,Lamp,Home,2,34.99,17.53,69.98,35.06,34.92
SALE04567,2023-11-09,S004,Eastpark,P012,Lamp,Home,10,34.99,17.53,349.9,175.3,174.6
SALE04568,2023-02-22,S003,Northgate,P006,Jeans,Clothing,9,49.99,26.76,449.91,240.84,209.07
SALE04569,2023-01-22,S004,Eastpark,P008,Sneakers,Clothing,9,69.99,29.21,629.91,262.89,367.02
SALE04570,2023-02-23,S005,Southmall,P012,Lamp,Home,3,34.99,17.53,104.97,52.59,52.38
SALE04571,2023-11-19,S004,Eastpark,P002,Headphones,Electronics,2,79.99,32.4,159.98,64.8,95.18
SALE04572,2023-04-16,S003,Northgate,P016,Granola,Food,6,6.99,3.56,41.94,21.36,20.58
SALE04573,2023-03-22,S003,Northgate,P014,Coffee Beans,Food,5,14.99,6.59,74.95,32.95,42.0
SALE04574,2023-12-29,S003,Northgate,P002,Headphones,Electronics,8,79.99,32.4,639.92,259.2,380.72
SALE04575,2023-09-17,S003,Northgate,P006,Jeans,Clothing,8,49.99,26.76,399.92,214.08,185.84
SALE04576,2023-02-20,S001,Downtown,P011,Vacuum,Home,3,129.99,57.68,389.97,173.04,216.93
SALE04577,2023-11-28,S001,Downtown,P007,Jacket,Clothing,6,89.99,52.05,539.94,312.3,227.64
SALE04578,2023-06-21,S005,Southmall,P016,Granola,Food,3,6.99,3.56,20.97,10.68,10.29
SALE04579,2023-03-04,S003,Northgate,P016,Granola,Food,4,6.99,3.56,27.96,14.24,13.72
SALE04580,2023-08-13,S003,Northgate,P009,Coffee Maker,Home,7,59.99,29.06,419.93,203.42,216.51
SALE04581,2023-01-04,S002,Westside,P015,Olive Oil,Food,4,9.99,5.29,39.96,21.16,18.8
SALE04582,2023-08-31,S005,Southmall,P009,Coffee Maker,Home,6,59.99,29.06,359.94,174.36,185.58
SALE04583,2023-05-27,S001,Downtown,P010,Blender,Home,9,39.99,16.23,359.91,146.07,213.84
SALE04584,2023-03-29,S004,Eastpark,P012,Lamp,Home,2,34.99,17.53,69.98,35.06,34.92
SALE04585,2023-05-17,S002,Westside,P003,Smartwatch,Electronics,6,199.99,91.0,1199.94,546.0,653.94
SALE04586,2023-08-01,S001,Downtown,P013,Protein Bar,Food,6,2.99,1.21,17.94,7.26,10.68
SALE04587,2023-11-19,S001,Downtown,P004,Tablet,Electronics,4,449.99,200.08,1799.96,800.32,999.64
SALE04588,2023-03-19,S001,Downtown,P015,Olive Oil,Food,9,9.99,5.29,89.91,47.61,42.3
SALE04589,2023-08-04,S004,Eastpark,P008,Sneakers,Clothing,4,69.99,29.21,279.96,116.84,163.12
SALE04590,2023-03-12,S003,Northgate,P009,Coffee Maker,Home,7,59.99,29.06,419.93,203.42,216.51
SALE04591,2023-07-31,S001,Downtown,P005,T-Shirt,Clothing,7,19.99,10.94,139.93,76.58,63.35
SALE04592,2023-08-23,S004,Eastpark,P004,Tablet,Electronics,9,449.99,200.08,4049.91,1800.72,2249.19
SALE04593,2023-12-16,S003,Northgate,P002,Headphones,Electronics,6,79.99,32.4,479.94,194.4,285.54
SALE04594,2023-01-16,S003,Northgate,P002,Headphones,Electronics,8,79.99,32.4,639.92,259.2,380.72
SALE04595,2023-03-16,S002,Westside,P002,Headphones,Electronics,1,79.99,32.4,79.99,32.4,47.59
SALE04596,2023-09-22,S003,Northgate,P014,Coffee Beans,Food,2,14.99,6.59,29.98,13.18,16.8
SALE04597,2023-02-13,S001,Downtown,P014,Coffee Beans,Food,6,14.99,6.59,89.94,39.54,50.4
SALE04598,2023-06-11,S001,Downtown,P003,Smartwatch,Electronics,7,199.99,91.0,1399.93,637.0,762.93
SALE04599,2023-03-26,S001,Downtown,P006,Jeans,Clothing,7,49.99,26.76,349.93,187.32,162.61
SALE04600,2023-02-01,S003,Northgate,P003,Smartwatch,Electronics,7,199.99,91.0,1399.93,637.0,762.93
SALE04601,2023-01-19,S005,Southmall,P015,Olive Oil,Food,3,9.99,5.29,29.97,15.87,14.1
SALE04602,2023-10-22,S004,Eastpark,P002,Headphones,Electronics,1,79.99,32.4,79.99,32.4,47.59
SALE04603,2023-11-20,S003,Northgate,P003,Smartwatch,Electronics,9,199.99,91.0,1799.91,819.0,980.91
SALE04604,2023-06-01,S003,Northgate,P002,Headphones,Electronics,7,79.99,32.4,559.93,226.8,333.13
SALE04605,2023-07-25,S004,Eastpark,P016,Granola,Food,9,6.99,3.56,62.91,32.04,30.87
SALE04606,2023-06-05,S002,Westside,P010,Blender,Home,6,39.99,16.23,239.94,97.38,142.56
SALE04607,2023-06-26,S001,Downtown,P015,Olive Oil,Food,1,9.99,5.29,9.99,5.29,4.7
SALE04608,2023-05-24,S001,Downtown,P008,Sneakers,Clothing,9,69.99,29.21,629.91,262.89,367.02
SALE04609,2023-11-09,S004,Eastpark,P012,Lamp,Home,3,34.99,17.53,104.97,52.59,52.38
SALE04610,2023-12-25,S001,Downtown,P002,Headphones,Electronics,7,79.99,32.4,559.93,226.8,333.13
SALE04611,2023-08-17,S001,Downtown,P006,Jeans,Clothing,4,49.99,26.76,199.96,107.04,92.92
SALE04612,2023-10-06,S004,Eastpark,P004,Tablet,Electronics,10,449.99,200.08,4499.9,2000.8,2499.1
SALE04613,2023-11-13,S003,Northgate,P004,Tablet,Electronics,8,449.99,200.08,3599.92,1600.64,1999.28
SALE04614,2023-12-24,S004,Eastpark,P010,Blender,Home,6,39.99,16.23,239.94,97.38,142.56
SALE04615,2023-11-29,S002,Westside,P010,Blender,Home,7,39.99,16.23,279.93,113.61,166.32
SALE04616,2023-04-12,S001,Downtown,P004,Tablet,Electronics,5,449.99,200.08,2249.95,1000.4,1249.55
SALE04617,2023-02-13,S005,Southmall,P016,Granola,Food,1,6.99,3.56,6.99,3.56,3.43
SALE04618,2023-10-03,S004,Eastpark,P001,Laptop,Electronics,6,899.99,475.09,5399.94,2850.54,2549.4
SALE04619,2023-07-19,S005,Southmall,P005,T-Shirt,Clothing,3,19.99,10.94,59.97,32.82,27.15
SALE04620,2023-09-24,S001,Downtown,P006,Jeans,Clothing,9,49.99,26.76,449.91,240.84,209.07
SALE04621,2023-05-26,S004,Eastpark,P002,Headphones,Electronics,4,79.99,32.4,319.96,129.6,190.36
SALE04622,2023-02-17,S001,Downtown,P006,Jeans,Clothing,9,49.99,26.76,449.91,240.84,209.07
SALE04623,2023-10-10,S003,Northgate,P004,Tablet,Electronics,5,449.99,200.08,2249.95,1000.4,1249.55
SALE04624,2023-09-24,S004,Eastpark,P008,Sneakers,Clothing,6,69.99,29.21,419.94,175.26,244.68
SALE04625,2023-11-22,S005,Southmall,P002,Headphones,Electronics,3,79.99,32.4,239.97,97.2,142.77
SALE04626,2023-01-12,S005,Southmall,P014,Coffee Beans,Food,1,14.99,6.59,14.99,6.59,8.4
SALE04627,2023-10-04,S004,Eastpark,P009,Coffee Maker,Home,10,59.99,29.06,599.9,290.6,309.3
SALE04628,2023-05-13,S002,Westside,P001,Laptop,Electronics,4,899.99,475.09,3599.96,1900.36,1699.6
SALE04629,2023-06-05,S002,Westside,P015,Olive Oil,Food,7,9.99,5.29,69.93,37.03,32.9
SALE04630,2023-09-16,S005,Southmall,P006,Jeans,Clothing,2,49.99,26.76,99.98,53.52,46.46
SALE04631,2023-01-31,S003,Northgate,P014,Coffee Beans,Food,6,14.99,6.59,89.94,39.54,50.4
SALE04632,2023-05-13,S003,Northgate,P006,Jeans,Clothing,9,49.99,26.76,449.91,240.84,209.07
SALE04633,2023-07-01,S005,Southmall,P001,Laptop,Electronics,2,899.99,475.09,1799.98,950.18,849.8
SALE04634,2023-01-25,S004,Eastpark,P005,T-Shirt,Clothing,2,19.99,10.94,39.98,21.88,18.1
SALE04635,2023-08-18,S004,Eastpark,P011,Vacuum,Home,5,129.99,57.68,649.95,288.4,361.55
SALE04636,2023-10-21,S005,Southmall,P004,Tablet,Electronics,1,449.99,200.08,449.99,200.08,249.91
SALE04637,2023-08-21,S002,Westside,P010,Blender,Home,6,39.99,16.23,239.94,97.38,142.56
SALE04638,2023-05-01,S004,Eastpark,P011,Vacuum,Home,10,129.99,57.68,1299.9,576.8,723.1
SALE04639,2023-10-17,S005,Southmall,P016,Granola,Food,9,6.99,3.56,62.91,32.04,30.87
SALE04640,2023-11-01,S003,Northgate,P003,Smartwatch,Electronics,4,199.99,91.0,799.96,364.0,435.96
SALE04641,2023-06-29,S004,Eastpark,P013,Protein Bar,Food,5,2.99,1.21,14.95,6.05,8.9
SALE04642,2023-05-26,S003,Northgate,P011,Vacuum,Home,10,129.99,57.68,1299.9,576.8,723.1
SALE04643,2023-12-11,S002,Westside,P013,Protein Bar,Food,3,2.99,1.21,8.97,3.63,5.34
SALE04644,2023-07-13,S003,Northgate,P008,Sneakers,Clothing,9,69.99,29.21,629.91,262.89,367.02
SALE04645,2023-05-07,S002,Westside,P016,Granola,Food,2,6.99,3.56,13.98,7.12,6.86
SALE04646,2023-06-17,S001,Downtown,P005,T-Shirt,Clothing,9,19.99,10.94,179.91,98.46,81.45
SALE04647,2023-10-26,S005,Southmall,P002,Headphones,Electronics,4,79.99,32.4,319.96,129.6,190.36
SALE04648,2023-07-04,S004,Eastpark,P004,Tablet,Electronics,8,449.99,200.08,3599.92,1600.64,1999.28
SALE04649,2023-02-20,S003,Northgate,P003,Smartwatch,Electronics,3,199.99,91.0,599.97,273.0,326.97
SALE04650,2023-12-31,S004,Eastpark,P010,Blender,Home,7,39.99,16.23,279.93,113.61,166.32
SALE04651,2023-07-30,S003,Northgate,P003,Smartwatch,Electronics,2,199.99,91.0,399.98,182.0,217.98
SALE04652,2023-02-17,S003,Northgate,P005,T-Shirt,Clothing,1,19.99,10.94,19.99,10.94,9.05
SALE04653,2023-08-06,S001,Downtown,P006,Jeans,Clothing,3,49.99,26.76,149.97,80.28,69.69
SALE04654,2023-09-01,S004,Eastpark,P004,Tablet,Electronics,4,449.99,200.08,1799.96,800.32,999.64
SALE04655,2023-08-17,S004,Eastpark,P014,Coffee Beans,Food,2,14.99,6.59,29.98,13.18,16.8
SALE04656,2023-07-09,S001,Downtown,P006,Jeans,Clothing,9,49.99,26.76,449.91,240.84,209.07
SALE04657,2023-07-26,S004,Eastpark,P013,Protein Bar,Food,10,2.99,1.21,29.9,12.1,17.8
SALE04658,2023-10-14,S003,Northgate,P010,Blender,Home,9,39.99,16.23,359.91,146.07,213.84
SALE04659,2023-07-22,S004,Eastpark,P009,Coffee Maker,Home,5,59.99,29.06,299.95,145.3,154.65
SALE04660,2023-10-27,S004,Eastpark,P012,Lamp,Home,8,34.99,17.53,279.92,140.24,139.68
SALE04661,2023-11-22,S005,Southmall,P007,Jacket,Clothing,7,89.99,52.05,629.93,364.35,265.58
SALE04662,2023-08-14,S001,Downtown,P014,Coffee Beans,Food,8,14.99,6.59,119.92,52.72,67.2
SALE04663,2023-08-02,S003,Northgate,P007,Jacket,Clothing,3,89.99,52.05,269.97,156.15,113.82
SALE04664,2023-03-15,S003,Northgate,P007,Jacket,Clothing,9,89.99,52.05,809.91,468.45,341.46
SALE04665,2023-03-07,S004,Eastpark,P006,Jeans,Clothing,8,49.99,26.76,399.92,214.08,185.84
SALE04666,2023-12-31,S004,Eastpark,P002,Headphones,Electronics,8,79.99,32.4,639.92,259.2,380.72
SALE04667,2023-03-08,S005,Southmall,P016,Granola,Food,9,6.99,3.56,62.91,32.04,30.87
SALE04668,2023-09-28,S005,Southmall,P010,Blender,Home,2,39.99,16.23,79.98,32.46,47.52
SALE04669,2023-12-22,S005,Southmall,P001,Laptop,Electronics,4,899.99,475.09,3599.96,1900.36,1699.6
SALE04670,2023-08-22,S002,Westside,P011,Vacuum,Home,8,129.99,57.68,1039.92,461.44,578.48
SALE04671,2023-01-17,S002,Westside,P009,Coffee Maker,Home,3,59.99,29.06,179.97,87.18,92.79
SALE04672,2023-10-14,S005,Southmall,P006,Jeans,Clothing,6,49.99,26.76,299.94,160.56,139.38
SALE04673,2023-03-02,S003,Northgate,P013,Protein Bar,Food,10,2.99,1.21,29.9,12.1,17.8
SALE04674,2023-07-29,S004,Eastpark,P003,Smartwatch,Electronics,2,199.99,91.0,399.98,182.0,217.98
SALE04675,2023-03-03,S003,Northgate,P003,Smartwatch,Electronics,6,199.99,91.0,1199.94,546.0,653.94
SALE04676,2023-10-20,S001,Downtown,P001,Laptop,Electronics,5,899.99,475.09,4499.95,2375.45,2124.5
SALE04677,2023-01-21,S004,Eastpark,P008,Sneakers,Clothing,9,69.99,29.21,629.91,262.89,367.02
SALE04678,2023-03-20,S003,Northgate,P003,Smartwatch,Electronics,2,199.99,91.0,399.98,182.0,217.98
SALE04679,2023-07-10,S004,Eastpark,P012,Lamp,Home,5,34.99,17.53,174.95,87.65,87.3
SALE04680,2023-07-11,S002,Westside,P010,Blender,Home,5,39.99,16.23,199.95,81.15,118.8
SALE04681,2023-05-31,S003,Northgate,P005,T-Shirt,Clothing,8,19.99,10.94,159.92,87.52,72.4
SALE04682,2023-01-15,S004,Eastpark,P012,Lamp,Home,3,34.99,17.53,104.97,52.59,52.38
SALE04683,2023-03-14,S004,Eastpark,P002,Headphones,Electronics,10,79.99,32.4,799.9,324.0,475.9
SALE04684,2023-08-04,S004,Eastpark,P007,Jacket,Clothing,1,89.99,52.05,89.99,52.05,37.94
SALE04685,2023-06-06,S002,Westside,P011,Vacuum,Home,5,129.99,57.68,649.95,288.4,361.55
SALE04686,2023-04-21,S002,Westside,P005,T-Shirt,Clothing,3,19.99,10.94,59.97,32.82,27.15
SALE04687,2023-09-08,S005,Southmall,P013,Protein Bar,Food,1,2.99,1.21,2.99,1.21,1.78
SALE04688,2023-03-04,S002,Westside,P016,Granola,Food,9,6.99,3.56,62.91,32.04,30.87
SALE04689,2023-06-28,S004,Eastpark,P004,Tablet,Electronics,2,449.99,200.08,899.98,400.16,499.82
SALE04690,2023-01-23,S002,Westside,P011,Vacuum,Home,7,129.99,57.68,909.93,403.76,506.17
SALE04691,2023-09-04,S005,Southmall,P011,Vacuum,Home,10,129.99,57.68,1299.9,576.8,723.1
SALE04692,2023-06-08,S002,Westside,P011,Vacuum,Home,10,129.99,57.68,1299.9,576.8,723.1
SALE04693,2023-08-20,S004,Eastpark,P004,Tablet,Electronics,6,449.99,200.08,2699.94,1200.48,1499.46
SALE04694,2023-07-13,S005,Southmall,P015,Olive Oil,Food,8,9.99,5.29,79.92,42.32,37.6
SALE04695,2023-11-07,S002,Westside,P012,Lamp,Home,3,34.99,17.53,104.97,52.59,52.38
SALE04696,2023-03-12,S005,Southmall,P007,Jacket,Clothing,9,89.99,52.05,809.91,468.45,341.46
SALE04697,2023-11-22,S003,Northgate,P015,Olive Oil,Food,8,9.99,5.29,79.92,42.32,37.6
SALE04698,2023-08-19,S004,Eastpark,P005,T-Shirt,Clothing,8,19.99,10.94,159.92,87.52,72.4
SALE04699,2023-03-18,S003,Northgate,P001,Laptop,Electronics,6,899.99,475.09,5399.94,2850.54,2549.4
SALE04700,2023-02-15,S003,Northgate,P004,Tablet,Electronics,10,449.99,200.08,4499.9,2000.8,2499.1
SALE04701,2023-12-07,S005,Southmall,P008,Sneakers,Clothing,10,69.99,29.21,699.9,292.1,407.8
SALE04702,2023-07-29,S004,Eastpark,P001,Laptop,Electronics,7,899.99,475.09,6299.93,3325.63,2974.3
SALE04703,2023-04-30,S005,Southmall,P002,Headphones,Electronics,7,79.99,32.4,559.93,226.8,333.13
SALE04704,2023-06-23,S005,Southmall,P013,Protein Bar,Food,9,2.99,1.21,26.91,10.89,16.02
SALE04705,2023-01-24,S004,Eastpark,P011,Vacuum,Home,8,129.99,57.68,1039.92,461.44,578.48
SALE04706,2023-05-23,S004,Eastpark,P001,Laptop,Electronics,2,899.99,475.09,1799.98,950.18,849.8
SALE04707,2023-03-26,S002,Westside,P002,Headphones,Electronics,1,79.99,32.4,79.99,32.4,47.59
SALE04708,2023-10-20,S004,Eastpark,P016,Granola,Food,5,6.99,3.56,34.95,17.8,17.15
SALE04709,2023-10-15,S001,Downtown,P002,Headphones,Electronics,2,79.99,32.4,159.98,64.8,95.18
SALE04710,2023-11-26,S002,Westside,P003,Smartwatch,Electronics,9,199.99,91.0,1799.91,819.0,980.91
SALE04711,2023-02-13,S002,Westside,P007,Jacket,Clothing,4,89.99,52.05,359.96,208.2,151.76
SALE04712,2023-11-13,S001,Downtown,P004,Tablet,Electronics,9,449.99,200.08,4049.91,1800.72,2249.19
SALE04713,2023-10-23,S001,Downtown,P015,Olive Oil,Food,1,9.99,5.29,9.99,5.29,4.7
SALE04714,2023-10-19,S001,Downtown,P012,Lamp,Home,9,34.99,17.53,314.91,157.77,157.14
SALE04715,2023-04-07,S003,Northgate,P011,Vacuum,Home,8,129.99,57.68,1039.92,461.44,578.48
SALE04716,2023-09-15,S005,Southmall,P008,Sneakers,Clothing,1,69.99,29.21,69.99,29.21,40.78
SALE04717,2023-03-03,S002,Westside,P006,Jeans,Clothing,9,49.99,26.76,449.91,240.84,209.07
SALE04718,2023-04-03,S001,Downtown,P011,Vacuum,Home,1,129.99,57.68,129.99,57.68,72.31
SALE04719,2023-05-21,S005,Southmall,P014,Coffee Beans,Food,4,14.99,6.59,59.96,26.36,33.6
SALE04720,2023-05-06,S004,Eastpark,P013,Protein Bar,Food,10,2.99,1.21,29.9,12.1,17.8
SALE04721,2023-08-16,S005,Southmall,P011,Vacuum,Home,2,129.99,57.68,259.98,115.36,144.62
SALE04722,2023-10-01,S003,Northgate,P005,T-Shirt,Clothing,10,19.99,10.94,199.9,109.4,90.5
SALE04723,2023-06-14,S004,Eastpark,P016,Granola,Food,7,6.99,3.56,48.93,24.92,24.01
SALE04724,2023-10-29,S005,Southmall,P014,Coffee Beans,Food,1,14.99,6.59,14.99,6.59,8.4
SALE04725,2023-09-09,S004,Eastpark,P011,Vacuum,Home,1,129.99,57.68,129.99,57.68,72.31
SALE04726,2023-06-24,S001,Downtown,P001,Laptop,Electronics,7,899.99,475.09,6299.93,3325.63,2974.3
SALE04727,2023-04-03,S004,Eastpark,P011,Vacuum,Home,7,129.99,57.68,909.93,403.76,506.17
SALE04728,2023-01-13,S003,Northgate,P007,Jacket,Clothing,9,89.99,52.05,809.91,468.45,341.46
SALE04729,2023-06-12,S002,Westside,P004,Tablet,Electronics,7,449.99,200.08,3149.93,1400.56,1749.37
SALE04730,2023-05-12,S003,Northgate,P008,Sneakers,Clothing,2,69.99,29.21,139.98,58.42,81.56
SALE04731,2023-02-28,S004,Eastpark,P013,Protein Bar,Food,2,2.99,1.21,5.98,2.42,3.56
SALE04732,2023-10-05,S005,Southmall,P005,T-Shirt,Clothing,3,19.99,10.94,59.97,32.82,27.15
SALE04733,2023-05-27,S001,Downtown,P005,T-Shirt,Clothing,3,19.99,10.94,59.97,32.82,27.15
SALE04734,2023-04-04,S001,Downtown,P014,Coffee Beans,Food,5,14.99,6.59,74.95,32.95,42.0
SALE04735,2023-02-15,S005,Southmall,P009,Coffee Maker,Home,3,59.99,29.06,179.97,87.18,92.79
SALE04736,2023-06-07,S004,Eastpark,P008,Sneakers,Clothing,7,69.99,29.21,489.93,204.47,285.46
SALE04737,2023-12-14,S002,Westside,P007,Jacket,Clothing,3,89.99,52.05,269.97,156.15,113.82
SALE04738,2023-01-31,S001,Downtown,P008,Sneakers,Clothing,10,69.99,29.21,699.9,292.1,407.8
SALE04739,2023-06-16,S002,Westside,P007,Jacket,Clothing,3,89.99,52.05,269.97,156.15,113.82
SALE04740,2023-01-14,S005,Southmall,P015,Olive Oil,Food,1,9.99,5.29,9.99,5.29,4.7
SALE04741,2023-06-02,S001,Downtown,P014,Coffee Beans,Food,7,14.99,6.59,104.93,46.13,58.8
SALE04742,2023-02-20,S004,Eastpark,P007,Jacket,Clothing,6,89.99,52.05,539.94,312.3,227.64
SALE04743,2023-03-14,S005,Southmall,P006,Jeans,Clothing,7,49.99,26.76,349.93,187.32,162.61
SALE04744,2023-06-15,S001,Downtown,P012,Lamp,Home,5,34.99,17.53,174.95,87.65,87.3
SALE04745,2023-07-12,S002,Westside,P004,Tablet,Electronics,2,449.99,200.08,899.98,400.16,499.82
SALE04746,2023-01-27,S002,Westside,P005,T-Shirt,Clothing,4,19.99,10.94,79.96,43.76,36.2
SALE04747,2023-05-03,S004,Eastpark,P005,T-Shirt,Clothing,10,19.99,10.94,199.9,109.4,90.5
SALE04748,2023-10-28,S004,Eastpark,P002,Headphones,Electronics,4,79.99,32.4,319.96,129.6,190.36
SALE04749,2023-09-10,S005,Southmall,P012,Lamp,Home,9,34.99,17.53,314.91,157.77,157.14
SALE04750,2023-09-16,S003,Northgate,P015,Olive Oil,Food,7,9.99,5.29,69.93,37.03,32.9
SALE04751,2023-02-28,S001,Downtown,P003,Smartwatch,Electronics,5,199.99,91.0,999.95,455.0,544.95
SALE04752,2023-02-01,S005,Southmall,P002,Headphones,Electronics,6,79.99,32.4,479.94,194.4,285.54
SALE04753,2023-08-26,S004,Eastpark,P002,Headphones,Electronics,9,79.99,32.4,719.91,291.6,428.31
SALE04754,2023-07-28,S004,Eastpark,P006,Jeans,Clothing,2,49.99,26.76,99.98,53.52,46.46
SALE04755,2023-09-05,S003,Northgate,P001,Laptop,Electronics,1,899.99,475.09,899.99,475.09,424.9
SALE04756,2023-07-28,S005,Southmall,P013,Protein Bar,Food,4,2.99,1.21,11.96,4.84,7.12
SALE04757,2023-01-10,S005,Southmall,P003,Smartwatch,Electronics,5,199.99,91.0,999.95,455.0,544.95
SALE04758,2023-10-11,S004,Eastpark,P010,Blender,Home,10,39.99,16.23,399.9,162.3,237.6
SALE04759,2023-12-12,S002,Westside,P006,Jeans,Clothing,2,49.99,26.76,99.98,53.52,46.46
SALE04760,2023-05-07,S001,Downtown,P005,T-Shirt,Clothing,9,19.99,10.94,179.91,98.46,81.45
SALE04761,2023-11-30,S005,Southmall,P016,Granola,Food,3,6.99,3.56,20.97,10.68,10.29
SALE04762,2023-06-05,S005,Southmall,P003,Smartwatch,Electronics,10,199.99,91.0,1999.9,910.0,1089.9
SALE04763,2023-07-28,S005,Southmall,P005,T-Shirt,Clothing,8,19.99,10.94,159.92,87.52,72.4
SALE04764,2023-02-12,S002,Westside,P016,Granola,Food,9,6.99,3.56,62.91,32.04,30.87
SALE04765,2023-04-15,S003,Northgate,P008,Sneakers,Clothing,3,69.99,29.21,209.97,87.63,122.34
SALE04766,2023-07-11,S005,Southmall,P010,Blender,Home,9,39.99,16.23,359.91,146.07,213.84
SALE04767,2023-03-28,S003,Northgate,P012,Lamp,Home,4,34.99,17.53,139.96,70.12,69.84
SALE04768,2023-10-03,S003,Northgate,P009,Coffee Maker,Home,7,59.99,29.06,419.93,203.42,216.51
SALE04769,2023-10-12,S001,Downtown,P009,Coffee Maker,Home,8,59.99,29.06,479.92,232.48,247.44
SALE04770,2023-01-22,S001,Downtown,P005,T-Shirt,Clothing,1,19.99,10.94,19.99,10.94,9.05
SALE04771,2023-08-26,S002,Westside,P004,Tablet,Electronics,10,449.99,200.08,4499.9,2000.8,2499.1
SALE04772,2023-05-29,S001,Downtown,P016,Granola,Food,3,6.99,3.56,20.97,10.68,10.29
SALE04773,2023-01-01,S005,Southmall,P014,Coffee Beans,Food,1,14.99,6.59,14.99,6.59,8.4
SALE04774,2023-09-04,S003,Northgate,P005,T-Shirt,Clothing,5,19.99,10.94,99.95,54.7,45.25
SALE04775,2023-11-03,S002,Westside,P015,Olive Oil,Food,5,9.99,5.29,49.95,26.45,23.5
SALE04776,2023-12-15,S002,Westside,P001,Laptop,Electronics,7,899.99,475.09,6299.93,3325.63,2974.3
SALE04777,2023-06-29,S001,Downtown,P009,Coffee Maker,Home,4,59.99,29.06,239.96,116.24,123.72
SALE04778,2023-10-27,S001,Downtown,P006,Jeans,Clothing,9,49.99,26.76,449.91,240.84,209.07
SALE04779,2023-05-25,S001,Downtown,P016,Granola,Food,1,6.99,3.56,6.99,3.56,3.43
SALE04780,2023-03-24,S001,Downtown,P012,Lamp,Home,9,34.99,17.53,314.91,157.77,157.14
SALE04781,2023-10-16,S003,Northgate,P015,Olive Oil,Food,2,9.99,5.29,19.98,10.58,9.4
SALE04782,2023-06-03,S005,Southmall,P009,Coffee Maker,Home,2,59.99,29.06,119.98,58.12,61.86
SALE04783,2023-07-22,S005,Southmall,P012,Lamp,Home,2,34.99,17.53,69.98,35.06,34.92
SALE04784,2023-03-13,S005,Southmall,P004,Tablet,Electronics,9,449.99,200.08,4049.91,1800.72,2249.19
SALE04785,2023-05-24,S005,Southmall,P005,T-Shirt,Clothing,7,19.99,10.94,139.93,76.58,63.35
SALE04786,2023-04-18,S003,Northgate,P006,Jeans,Clothing,10,49.99,26.76,499.9,267.6,232.3
SALE04787,2023-09-16,S002,Westside,P008,Sneakers,Clothing,6,69.99,29.21,419.94,175.26,244.68
SALE04788,2023-12-16,S001,Downtown,P015,Olive Oil,Food,6,9.99,5.29,59.94,31.74,28.2
SALE04789,2023-11-22,S005,Southmall,P002,Headphones,Electronics,5,79.99,32.4,399.95,162.0,237.95
SALE04790,2023-12-29,S001,Downtown,P010,Blender,Home,8,39.99,16.23,319.92,129.84,190.08
SALE04791,2023-05-20,S001,Downtown,P014,Coffee Beans,Food,4,14.99,6.59,59.96,26.36,33.6
SALE04792,2023-12-06,S001,Downtown,P014,Coffee Beans,Food,6,14.99,6.59,89.94,39.54,50.4
SALE04793,2023-06-24,S005,Southmall,P015,Olive Oil,Food,4,9.99,5.29,39.96,21.16,18.8
SALE04794,2023-08-24,S001,Downtown,P010,Blender,Home,10,39.99,16.23,399.9,162.3,237.6
SALE04795,2023-06-18,S004,Eastpark,P006,Jeans,Clothing,1,49.99,26.76,49.99,26.76,23.23
SALE04796,2023-12-21,S001,Downtown,P005,T-Shirt,Clothing,3,19.99,10.94,59.97,32.82,27.15
SALE04797,2023-11-27,S002,Westside,P002,Headphones,Electronics,1,79.99,32.4,79.99,32.4,47.59
SALE04798,2023-11-08,S001,Downtown,P016,Granola,Food,8,6.99,3.56,55.92,28.48,27.44
SALE04799,2023-01-03,S003,Northgate,P007,Jacket,Clothing,1,89.99,52.05,89.99,52.05,37.94
SALE04800,2023-12-11,S003,Northgate,P008,Sneakers,Clothing,3,69.99,29.21,209.97,87.63,122.34
SALE04801,2023-07-31,S004,Eastpark,P008,Sneakers,Clothing,9,69.99,29.21,629.91,262.89,367.02
SALE04802,2023-12-23,S001,Downtown,P001,Laptop,Electronics,8,899.99,475.09,7199.92,3800.72,3399.2
SALE04803,2023-07-21,S004,Eastpark,P007,Jacket,Clothing,9,89.99,52.05,809.91,468.45,341.46
SALE04804,2023-02-11,S004,Eastpark,P016,Granola,Food,2,6.99,3.56,13.98,7.12,6.86
SALE04805,2023-10-03,S003,Northgate,P007,Jacket,Clothing,1,89.99,52.05,89.99,52.05,37.94
SALE04806,2023-12-10,S003,Northgate,P004,Tablet,Electronics,8,449.99,200.08,3599.92,1600.64,1999.28
SALE04807,2023-12-11,S003,Northgate,P002,Headphones,Electronics,2,79.99,32.4,159.98,64.8,95.18
SALE04808,2023-06-30,S004,Eastpark,P014,Coffee Beans,Food,7,14.99,6.59,104.93,46.13,58.8
SALE04809,2023-11-04,S004,Eastpark,P004,Tablet,Electronics,6,449.99,200.08,2699.94,1200.48,1499.46
SALE04810,2023-07-18,S002,Westside,P011,Vacuum,Home,3,129.99,57.68,389.97,173.04,216.93
SALE04811,2023-12-23,S005,Southmall,P013,Protein Bar,Food,1,2.99,1.21,2.99,1.21,1.78
SALE04812,2023-03-05,S004,Eastpark,P010,Blender,Home,8,39.99,16.23,319.92,129.84,190.08
SALE04813,2023-07-09,S005,Southmall,P007,Jacket,Clothing,4,89.99,52.05,359.96,208.2,151.76
SALE04814,2023-08-16,S004,Eastpark,P010,Blender,Home,1,39.99,16.23,39.99,16.23,23.76
SALE04815,2023-04-24,S003,Northgate,P001,Laptop,Electronics,1,899.99,475.09,899.99,475.09,424.9
SALE04816,2023-05-24,S002,Westside,P005,T-Shirt,Clothing,6,19.99,10.94,119.94,65.64,54.3
SALE04817,2023-04-09,S001,Downtown,P012,Lamp,Home,2,34.99,17.53,69.98,35.06,34.92
SALE04818,2023-11-11,S002,Westside,P011,Vacuum,Home,5,129.99,57.68,649.95,288.4,361.55
SALE04819,2023-04-24,S005,Southmall,P007,Jacket,Clothing,4,89.99,52.05,359.96,208.2,151.76
SALE04820,2023-09-10,S002,Westside,P002,Headphones,Electronics,6,79.99,32.4,479.94,194.4,285.54
SALE04821,2023-01-19,S001,Downtown,P014,Coffee Beans,Food,5,14.99,6.59,74.95,32.95,42.0
SALE04822,2023-09-10,S001,Downtown,P009,Coffee Maker,Home,10,59.99,29.06,599.9,290.6,309.3
SALE04823,2023-04-18,S002,Westside,P004,Tablet,Electronics,1,449.99,200.08,449.99,200.08,249.91
SALE04824,2023-04-11,S003,Northgate,P015,Olive Oil,Food,7,9.99,5.29,69.93,37.03,32.9
SALE04825,2023-02-26,S003,Northgate,P012,Lamp,Home,5,34.99,17.53,174.95,87.65,87.3
SALE04826,2023-10-19,S002,Westside,P009,Coffee Maker,Home,9,59.99,29.06,539.91,261.54,278.37
SALE04827,2023-09-10,S004,Eastpark,P008,Sneakers,Clothing,3,69.99,29.21,209.97,87.63,122.34
SALE04828,2023-10-10,S004,Eastpark,P013,Protein Bar,Food,4,2.99,1.21,11.96,4.84,7.12
SALE04829,2023-12-04,S002,Westside,P003,Smartwatch,Electronics,10,199.99,91.0,1999.9,910.0,1089.9
SALE04830,2023-12-11,S004,Eastpark,P011,Vacuum,Home,10,129.99,57.68,1299.9,576.8,723.1
SALE04831,2023-10-17,S004,Eastpark,P010,Blender,Home,3,39.99,16.23,119.97,48.69,71.28
SALE04832,2023-02-03,S003,Northgate,P016,Granola,Food,10,6.99,3.56,69.9,35.6,34.3
SALE04833,2023-03-07,S001,Downtown,P002,Headphones,Electronics,2,79.99,32.4,159.98,64.8,95.18
SALE04834,2023-03-07,S001,Downtown,P001,Laptop,Electronics,5,899.99,475.09,4499.95,2375.45,2124.5
SALE04835,2023-10-19,S004,Eastpark,P007,Jacket,Clothing,4,89.99,52.05,359.96,208.2,151.76
SALE04836,2023-09-25,S001,Downtown,P010,Blender,Home,5,39.99,16.23,199.95,81.15,118.8
SALE04837,2023-04-09,S001,Downtown,P001,Laptop,Electronics,1,899.99,475.09,899.99,475.09,424.9
SALE04838,2023-12-21,S001,Downtown,P003,Smartwatch,Electronics,9,199.99,91.0,1799.91,819.0,980.91
SALE04839,2023-11-11,S003,Northgate,P001,Laptop,Electronics,5,899.99,475.09,4499.95,2375.45,2124.5
SALE04840,2023-12-15,S003,Northgate,P006,Jeans,Clothing,9,49.99,26.76,449.91,240.84,209.07
SALE04841,2023-08-21,S001,Downtown,P010,Blender,Home,1,39.99,16.23,39.99,16.23,23.76
SALE04842,2023-08-07,S002,Westside,P016,Granola,Food,1,6.99,3.56,6.99,3.56,3.43
SALE04843,2023-06-15,S001,Downtown,P004,Tablet,Electronics,7,449.99,200.08,3149.93,1400.56,1749.37
SALE04844,2023-07-28,S004,Eastpark,P012,Lamp,Home,5,34.99,17.53,174.95,87.65,87.3
SALE04845,2023-03-04,S001,Downtown,P016,Granola,Food,9,6.99,3.56,62.91,32.04,30.87
SALE04846,2023-08-27,S001,Downtown,P013,Protein Bar,Food,8,2.99,1.21,23.92,9.68,14.24
SALE04847,2023-07-05,S004,Eastpark,P013,Protein Bar,Food,9,2.99,1.21,26.91,10.89,16.02
SALE04848,2023-01-23,S004,Eastpark,P006,Jeans,Clothing,4,49.99,26.76,199.96,107.04,92.92
SALE04849,2023-01-25,S003,Northgate,P001,Laptop,Electronics,5,899.99,475.09,4499.95,2375.45,2124.5
SALE04850,2023-08-04,S003,Northgate,P003,Smartwatch,Electronics,9,199.99,91.0,1799.91,819.0,980.91
SALE04851,2023-08-18,S003,Northgate,P001,Laptop,Electronics,6,899.99,475.09,5399.94,2850.54,2549.4
SALE04852,2023-01-03,S002,Westside,P012,Lamp,Home,7,34.99,17.53,244.93,122.71,122.22
SALE04853,2023-04-10,S002,Westside,P009,Coffee Maker,Home,6,59.99,29.06,359.94,174.36,185.58
SALE04854,2023-02-11,S003,Northgate,P008,Sneakers,Clothing,10,69.99,29.21,699.9,292.1,407.8
SALE04855,2023-01-13,S001,Downtown,P008,Sneakers,Clothing,4,69.99,29.21,279.96,116.84,163.12
SALE04856,2023-12-20,S003,Northgate,P005,T-Shirt,Clothing,7,19.99,10.94,139.93,76.58,63.35
SALE04857,2023-02-08,S003,Northgate,P005,T-Shirt,Clothing,4,19.99,10.94,79.96,43.76,36.2
SALE04858,2023-04-11,S005,Southmall,P013,Protein Bar,Food,3,2.99,1.21,8.97,3.63,5.34
SALE04859,2023-06-18,S003,Northgate,P012,Lamp,Home,5,34.99,17.53,174.95,87.65,87.3
SALE04860,2023-02-02,S001,Downtown,P003,Smartwatch,Electronics,2,199.99,91.0,399.98,182.0,217.98
SALE04861,2023-01-15,S002,Westside,P007,Jacket,Clothing,8,89.99,52.05,719.92,416.4,303.52
SALE04862,2023-08-10,S003,Northgate,P005,T-Shirt,Clothing,1,19.99,10.94,19.99,10.94,9.05
SALE04863,2023-10-31,S005,Southmall,P015,Olive Oil,Food,6,9.99,5.29,59.94,31.74,28.2
SALE04864,2023-05-09,S004,Eastpark,P016,Granola,Food,4,6.99,3.56,27.96,14.24,13.72
SALE04865,2023-02-25,S003,Northgate,P009,Coffee Maker,Home,8,59.99,29.06,479.92,232.48,247.44
SALE04866,2023-05-03,S003,Northgate,P010,Blender,Home,6,39.99,16.23,239.94,97.38,142.56
SALE04867,2023-01-28,S005,Southmall,P009,Coffee Maker,Home,6,59.99,29.06,359.94,174.36,185.58
SALE04868,2023-09-24,S004,Eastpark,P016,Granola,Food,4,6.99,3.56,27.96,14.24,13.72
SALE04869,2023-02-07,S001,Downtown,P001,Laptop,Electronics,10,899.99,475.09,8999.9,4750.9,4249.0
SALE04870,2023-11-14,S003,Northgate,P001,Laptop,Electronics,8,899.99,475.09,7199.92,3800.72,3399.2
SALE04871,2023-02-18,S004,Eastpark,P013,Protein Bar,Food,8,2.99,1.21,23.92,9.68,14.24
SALE04872,2023-10-24,S002,Westside,P008,Sneakers,Clothing,2,69.99,29.21,139.98,58.42,81.56
SALE04873,2023-02-13,S002,Westside,P007,Jacket,Clothing,1,89.99,52.05,89.99,52.05,37.94
SALE04874,2023-01-18,S005,Southmall,P003,Smartwatch,Electronics,7,199.99,91.0,1399.93,637.0,762.93
SALE04875,2023-06-10,S002,Westside,P004,Tablet,Electronics,2,449.99,200.08,899.98,400.16,499.82
SALE04876,2023-03-07,S004,Eastpark,P013,Protein Bar,Food,1,2.99,1.21,2.99,1.21,1.78
SALE04877,2023-08-15,S002,Westside,P016,Granola,Food,1,6.99,3.56,6.99,3.56,3.43
SALE04878,2023-06-04,S002,Westside,P009,Coffee Maker,Home,10,59.99,29.06,599.9,290.6,309.3
SALE04879,2023-11-17,S005,Southmall,P009,Coffee Maker,Home,7,59.99,29.06,419.93,203.42,216.51
SALE04880,2023-02-03,S001,Downtown,P007,Jacket,Clothing,2,89.99,52.05,179.98,104.1,75.88
SALE04881,2023-12-13,S003,Northgate,P008,Sneakers,Clothing,1,69.99,29.21,69.99,29.21,40.78
SALE04882,2023-10-14,S002,Westside,P008,Sneakers,Clothing,1,69.99,29.21,69.99,29.21,40.78
SALE04883,2023-05-31,S002,Westside,P016,Granola,Food,7,6.99,3.56,48.93,24.92,24.01
SALE04884,2023-07-25,S002,Westside,P012,Lamp,Home,2,34.99,17.53,69.98,35.06,34.92
SALE04885,2023-11-13,S002,Westside,P013,Protein Bar,Food,7,2.99,1.21,20.93,8.47,12.46
SALE04886,2023-04-30,S004,Eastpark,P008,Sneakers,Clothing,10,69.99,29.21,699.9,292.1,407.8
SALE04887,2023-12-04,S005,Southmall,P014,Coffee Beans,Food,10,14.99,6.59,149.9,65.9,84.0
SALE04888,2023-01-06,S003,Northgate,P001,Laptop,Electronics,8,899.99,475.09,7199.92,3800.72,3399.2
SALE04889,2023-07-16,S003,Northgate,P001,Laptop,Electronics,8,899.99,475.09,7199.92,3800.72,3399.2
SALE04890,2023-08-08,S001,Downtown,P016,Granola,Food,10,6.99,3.56,69.9,35.6,34.3
SALE04891,2023-11-14,S001,Downtown,P001,Laptop,Electronics,2,899.99,475.09,1799.98,950.18,849.8
SALE04892,2023-06-23,S005,Southmall,P011,Vacuum,Home,1,129.99,57.68,129.99,57.68,72.31
SALE04893,2023-08-21,S003,Northgate,P003,Smartwatch,Electronics,9,199.99,91.0,1799.91,819.0,980.91
SALE04894,2023-06-18,S003,Northgate,P010,Blender,Home,10,39.99,16.23,399.9,162.3,237.6
SALE04895,2023-04-09,S001,Downtown,P016,Granola,Food,2,6.99,3.56,13.98,7.12,6.86
SALE04896,2023-02-22,S004,Eastpark,P002,Headphones,Electronics,1,79.99,32.4,79.99,32.4,47.59
SALE04897,2023-11-01,S005,Southmall,P008,Sneakers,Clothing,2,69.99,29.21,139.98,58.42,81.56
SALE04898,2023-10-31,S005,Southmall,P012,Lamp,Home,4,34.99,17.53,139.96,70.12,69.84
SALE04899,2023-10-21,S002,Westside,P015,Olive Oil,Food,3,9.99,5.29,29.97,15.87,14.1
SALE04900,2023-11-23,S005,Southmall,P014,Coffee Beans,Food,9,14.99,6.59,134.91,59.31,75.6
SALE04901,2023-05-12,S003,Northgate,P015,Olive Oil,Food,6,9.99,5.29,59.94,31.74,28.2
SALE04902,2023-08-04,S005,Southmall,P006,Jeans,Clothing,8,49.99,26.76,399.92,214.08,185.84
SALE04903,2023-11-14,S005,Southmall,P007,Jacket,Clothing,8,89.99,52.05,719.92,416.4,303.52
SALE04904,2023-04-06,S001,Downtown,P002,Headphones,Electronics,4,79.99,32.4,319.96,129.6,190.36
SALE04905,2023-03-12,S004,Eastpark,P013,Protein Bar,Food,1,2.99,1.21,2.99,1.21,1.78
SALE04906,2023-01-31,S002,Westside,P001,Laptop,Electronics,3,899.99,475.09,2699.97,1425.27,1274.7
SALE04907,2023-06-09,S002,Westside,P002,Headphones,Electronics,10,79.99,32.4,799.9,324.0,475.9
SALE04908,2023-08-12,S002,Westside,P015,Olive Oil,Food,9,9.99,5.29,89.91,47.61,42.3
SALE04909,2023-11-30,S002,Westside,P010,Blender,Home,6,39.99,16.23,239.94,97.38,142.56
SALE04910,2023-06-09,S001,Downtown,P015,Olive Oil,Food,10,9.99,5.29,99.9,52.9,47.0
SALE04911,2023-10-05,S004,Eastpark,P009,Coffee Maker,Home,3,59.99,29.06,179.97,87.18,92.79
SALE04912,2023-03-17,S003,Northgate,P011,Vacuum,Home,8,129.99,57.68,1039.92,461.44,578.48
SALE04913,2023-06-08,S003,Northgate,P015,Olive Oil,Food,10,9.99,5.29,99.9,52.9,47.0
SALE04914,2023-06-25,S004,Eastpark,P001,Laptop,Electronics,5,899.99,475.09,4499.95,2375.45,2124.5
SALE04915,2023-07-08,S002,Westside,P004,Tablet,Electronics,1,449.99,200.08,449.99,200.08,249.91
SALE04916,2023-09-23,S004,Eastpark,P013,Protein Bar,Food,10,2.99,1.21,29.9,12.1,17.8
SALE04917,2023-12-03,S003,Northgate,P014,Coffee Beans,Food,3,14.99,6.59,44.97,19.77,25.2
SALE04918,2023-01-30,S002,Westside,P011,Vacuum,Home,4,129.99,57.68,519.96,230.72,289.24
SALE04919,2023-09-17,S005,Southmall,P013,Protein Bar,Food,9,2.99,1.21,26.91,10.89,16.02
SALE04920,2023-01-28,S002,Westside,P005,T-Shirt,Clothing,7,19.99,10.94,139.93,76.58,63.35
SALE04921,2023-06-26,S001,Downtown,P014,Coffee Beans,Food,4,14.99,6.59,59.96,26.36,33.6
SALE04922,2023-04-13,S001,Downtown,P004,Tablet,Electronics,4,449.99,200.08,1799.96,800.32,999.64
SALE04923,2023-02-05,S001,Downtown,P003,Smartwatch,Electronics,6,199.99,91.0,1199.94,546.0,653.94
SALE04924,2023-04-07,S004,Eastpark,P007,Jacket,Clothing,8,89.99,52.05,719.92,416.4,303.52
SALE04925,2023-12-22,S004,Eastpark,P009,Coffee Maker,Home,8,59.99,29.06,479.92,232.48,247.44
SALE04926,2023-11-04,S002,Westside,P013,Protein Bar,Food,6,2.99,1.21,17.94,7.26,10.68
SALE04927,2023-10-24,S003,Northgate,P006,Jeans,Clothing,10,49.99,26.76,499.9,267.6,232.3
SALE04928,2023-06-21,S003,Northgate,P009,Coffee Maker,Home,10,59.99,29.06,599.9,290.6,309.3
SALE04929,2023-06-03,S003,Northgate,P009,Coffee Maker,Home,7,59.99,29.06,419.93,203.42,216.51
SALE04930,2023-06-18,S005,Southmall,P013,Protein Bar,Food,3,2.99,1.21,8.97,3.63,5.34
SALE04931,2023-02-23,S001,Downtown,P004,Tablet,Electronics,8,449.99,200.08,3599.92,1600.64,1999.28
SALE04932,2023-01-22,S003,Northgate,P003,Smartwatch,Electronics,8,199.99,91.0,1599.92,728.0,871.92
SALE04933,2023-04-23,S004,Eastpark,P014,Coffee Beans,Food,1,14.99,6.59,14.99,6.59,8.4
SALE04934,2023-11-24,S003,Northgate,P013,Protein Bar,Food,4,2.99,1.21,11.96,4.84,7.12
SALE04935,2023-12-21,S002,Westside,P011,Vacuum,Home,4,129.99,57.68,519.96,230.72,289.24
SALE04936,2023-08-27,S004,Eastpark,P015,Olive Oil,Food,10,9.99,5.29,99.9,52.9,47.0
SALE04937,2023-04-20,S003,Northgate,P006,Jeans,Clothing,4,49.99,26.76,199.96,107.04,92.92
SALE04938,2023-09-04,S003,Northgate,P001,Laptop,Electronics,6,899.99,475.09,5399.94,2850.54,2549.4
SALE04939,2023-07-12,S001,Downtown,P006,Jeans,Clothing,4,49.99,26.76,199.96,107.04,92.92
SALE04940,2023-07-24,S001,Downtown,P004,Tablet,Electronics,3,449.99,200.08,1349.97,600.24,749.73
SALE04941,2023-01-04,S003,Northgate,P011,Vacuum,Home,6,129.99,57.68,779.94,346.08,433.86
SALE04942,2023-01-06,S003,Northgate,P001,Laptop,Electronics,2,899.99,475.09,1799.98,950.18,849.8
SALE04943,2023-07-03,S004,Eastpark,P012,Lamp,Home,1,34.99,17.53,34.99,17.53,17.46
SALE04944,2023-10-12,S001,Downtown,P014,Coffee Beans,Food,2,14.99,6.59,29.98,13.18,16.8
SALE04945,2023-03-14,S002,Westside,P014,Coffee Beans,Food,5,14.99,6.59,74.95,32.95,42.0
SALE04946,2023-08-14,S003,Northgate,P013,Protein Bar,Food,4,2.99,1.21,11.96,4.84,7.12
SALE04947,2023-11-20,S002,Westside,P014,Coffee Beans,Food,10,14.99,6.59,149.9,65.9,84.0
SALE04948,2023-07-04,S002,Westside,P003,Smartwatch,Electronics,1,199.99,91.0,199.99,91.0,108.99
SALE04949,2023-01-16,S005,Southmall,P003,Smartwatch,Electronics,4,199.99,91.0,799.96,364.0,435.96
SALE04950,2023-04-12,S003,Northgate,P008,Sneakers,Clothing,5,69.99,29.21,349.95,146.05,203.9
SALE04951,2023-03-31,S002,Westside,P016,Granola,Food,4,6.99,3.56,27.96,14.24,13.72
SALE04952,2023-05-15,S001,Downtown,P001,Laptop,Electronics,3,899.99,475.09,2699.97,1425.27,1274.7
SALE04953,2023-06-23,S005,Southmall,P002,Headphones,Electronics,9,79.99,32.4,719.91,291.6,428.31
SALE04954,2023-05-06,S003,Northgate,P013,Protein Bar,Food,3,2.99,1.21,8.97,3.63,5.34
SALE04955,2023-04-11,S003,Northgate,P007,Jacket,Clothing,1,89.99,52.05,89.99,52.05,37.94
SALE04956,2023-04-01,S005,Southmall,P016,Granola,Food,5,6.99,3.56,34.95,17.8,17.15
SALE04957,2023-02-21,S005,Southmall,P008,Sneakers,Clothing,1,69.99,29.21,69.99,29.21,40.78
SALE04958,2023-12-13,S001,Downtown,P015,Olive Oil,Food,3,9.99,5.29,29.97,15.87,14.1
SALE04959,2023-07-14,S001,Downtown,P003,Smartwatch,Electronics,2,199.99,91.0,399.98,182.0,217.98
SALE04960,2023-06-23,S004,Eastpark,P010,Blender,Home,4,39.99,16.23,159.96,64.92,95.04
SALE04961,2023-06-06,S002,Westside,P016,Granola,Food,8,6.99,3.56,55.92,28.48,27.44
SALE04962,2023-05-03,S003,Northgate,P011,Vacuum,Home,6,129.99,57.68,779.94,346.08,433.86
SALE04963,2023-07-10,S001,Downtown,P002,Headphones,Electronics,3,79.99,32.4,239.97,97.2,142.77
SALE04964,2023-09-27,S002,Westside,P003,Smartwatch,Electronics,10,199.99,91.0,1999.9,910.0,1089.9
SALE04965,2023-08-11,S001,Downtown,P008,Sneakers,Clothing,2,69.99,29.21,139.98,58.42,81.56
SALE04966,2023-03-02,S001,Downtown,P011,Vacuum,Home,3,129.99,57.68,389.97,173.04,216.93
SALE04967,2023-03-08,S005,Southmall,P007,Jacket,Clothing,4,89.99,52.05,359.96,208.2,151.76
SALE04968,2023-04-09,S001,Downtown,P003,Smartwatch,Electronics,9,199.99,91.0,1799.91,819.0,980.91
SALE04969,2023-07-13,S005,Southmall,P013,Protein Bar,Food,6,2.99,1.21,17.94,7.26,10.68
SALE04970,2023-06-12,S004,Eastpark,P003,Smartwatch,Electronics,10,199.99,91.0,1999.9,910.0,1089.9
SALE04971,2023-08-08,S001,Downtown,P016,Granola,Food,4,6.99,3.56,27.96,14.24,13.72
SALE04972,2023-01-24,S002,Westside,P008,Sneakers,Clothing,10,69.99,29.21,699.9,292.1,407.8
SALE04973,2023-10-28,S003,Northgate,P009,Coffee Maker,Home,4,59.99,29.06,239.96,116.24,123.72
SALE04974,2023-10-02,S003,Northgate,P001,Laptop,Electronics,5,899.99,475.09,4499.95,2375.45,2124.5
SALE04975,2023-03-18,S005,Southmall,P003,Smartwatch,Electronics,6,199.99,91.0,1199.94,546.0,653.94
SALE04976,2023-05-07,S005,Southmall,P012,Lamp,Home,1,34.99,17.53,34.99,17.53,17.46
SALE04977,2023-11-19,S005,Southmall,P003,Smartwatch,Electronics,5,199.99,91.0,999.95,455.0,544.95
SALE04978,2023-03-06,S003,Northgate,P003,Smartwatch,Electronics,9,199.99,91.0,1799.91,819.0,980.91
SALE04979,2023-10-27,S002,Westside,P008,Sneakers,Clothing,8,69.99,29.21,559.92,233.68,326.24
SALE04980,2023-04-18,S003,Northgate,P009,Coffee Maker,Home,2,59.99,29.06,119.98,58.12,61.86
SALE04981,2023-08-29,S003,Northgate,P010,Blender,Home,10,39.99,16.23,399.9,162.3,237.6
SALE04982,2023-02-03,S005,Southmall,P015,Olive Oil,Food,3,9.99,5.29,29.97,15.87,14.1
SALE04983,2023-09-18,S005,Southmall,P011,Vacuum,Home,7,129.99,57.68,909.93,403.76,506.17
SALE04984,2023-11-27,S002,Westside,P015,Olive Oil,Food,9,9.99,5.29,89.91,47.61,42.3
SALE04985,2023-07-11,S005,Southmall,P008,Sneakers,Clothing,8,69.99,29.21,559.92,233.68,326.24
SALE04986,2023-09-23,S004,Eastpark,P008,Sneakers,Clothing,8,69.99,29.21,559.92,233.68,326.24
SALE04987,2023-04-02,S001,Downtown,P001,Laptop,Electronics,6,899.99,475.09,5399.94,2850.54,2549.4
SALE04988,2023-12-31,S004,Eastpark,P010,Blender,Home,6,39.99,16.23,239.94,97.38,142.56
SALE04989,2023-09-27,S005,Southmall,P013,Protein Bar,Food,8,2.99,1.21,23.92,9.68,14.24
SALE04990,2023-09-11,S002,Westside,P014,Coffee Beans,Food,8,14.99,6.59,119.92,52.72,67.2
SALE04991,2023-05-18,S002,Westside,P002,Headphones,Electronics,10,79.99,32.4,799.9,324.0,475.9
SALE04992,2023-07-25,S001,Downtown,P008,Sneakers,Clothing,10,69.99,29.21,699.9,292.1,407.8
SALE04993,2023-11-29,S003,Northgate,P009,Coffee Maker,Home,1,59.99,29.06,59.99,29.06,30.93
SALE04994,2023-04-17,S002,Westside,P011,Vacuum,Home,4,129.99,57.68,519.96,230.72,289.24
SALE04995,2023-04-14,S004,Eastpark,P011,Vacuum,Home,8,129.99,57.68,1039.92,461.44,578.48
SALE04996,2023-05-01,S003,Northgate,P016,Granola,Food,7,6.99,3.56,48.93,24.92,24.01
SALE04997,2023-04-22,S002,Westside,P006,Jeans,Clothing,5,49.99,26.76,249.95,133.8,116.15
SALE04998,2023-08-06,S003,Northgate,P003,Smartwatch,Electronics,7,199.99,91.0,1399.93,637.0,762.93
SALE04999,2023-10-20,S004,Eastpark,P007,Jacket,Clothing,3,89.99,52.05,269.97,156.15,113.82
SALE05000,2023-07-11,S005,Southmall,P010,Blender,Home,5,39.99,16.23,199.95,81.15,118.8
